order_id,date,customer_id,region,category,channel,payment_method,quantity,revenue_pkr,cost_pkr,profit_pkr,returned
PK-2023-01221,2023-01-01,C-0289,Punjab,Electronics,Online,JazzCash,2,30243.91,24795.51,5448.39,False
PK-2023-00744,2023-01-01,C-0602,Punjab,Beauty & Personal Care,Online,Card,3,18379.29,15423.5,2955.79,False
PK-2023-01837,2023-01-01,C-0028,Balochistan,Groceries,Online,Cash on Delivery,1,16652.82,13958.54,2694.28,False
PK-2023-01158,2023-01-01,C-0703,Sindh,Electronics,Wholesale,Cash on Delivery,3,29637.58,24271.46,5366.12,False
PK-2023-00998,2023-01-02,C-0136,Sindh,Electronics,Online,Easypaisa,3,37064.55,32249.87,4814.69,False
PK-2023-00741,2023-01-02,C-0720,Punjab,Electronics,Mobile App,Cash on Delivery,2,23490.99,19548.51,3942.49,False
PK-2023-01617,2023-01-03,C-0484,Sindh,Fashion,Online,Card,2,34909.6,28558.1,6351.5,False
PK-2023-00811,2023-01-03,C-0172,Sindh,Electronics,Online,JazzCash,4,45335.57,37283.42,8052.15,False
PK-2023-00647,2023-01-04,C-0585,Islamabad,Groceries,Online,Card,4,45663.79,38204.11,7459.68,False
PK-2023-01323,2023-01-04,C-0185,Balochistan,Groceries,Online,Easypaisa,2,22282.44,18598.21,3684.24,False
PK-2023-01314,2023-01-04,C-0121,Sindh,Home & Living,Mobile App,Card,1,6020.74,4965.65,1055.09,False
PK-2023-00775,2023-01-04,C-0657,Punjab,Groceries,Mobile App,Cash on Delivery,2,15370.83,12399.63,2971.2,False
PK-2023-00423,2023-01-04,C-0668,Sindh,Beauty & Personal Care,Mobile App,Easypaisa,1,17532.21,15698.51,1833.7,False
PK-2023-00052,2023-01-06,C-0349,KPK,Electronics,Mobile App,Card,2,15148.66,12280.02,2868.64,False
PK-2023-00595,2023-01-06,C-0100,Punjab,Fashion,Wholesale,Card,1,14269.2,10997.23,3271.98,False
PK-2023-01101,2023-01-06,C-0665,Sindh,Others,Online,JazzCash,2,25669.26,20702.81,4966.45,False
PK-2023-00766,2023-01-07,C-0127,Punjab,Sports,Mobile App,Cash on Delivery,1,14973.45,11570.24,3403.21,False
PK-2023-01911,2023-01-08,C-0473,Islamabad,Home & Living,Wholesale,Card,3,32986.72,28194.31,4792.41,False
PK-2023-00535,2023-01-08,C-0434,Sindh,Others,Online,Easypaisa,4,111601.7,92176.02,19425.68,False
PK-2023-00841,2023-01-09,C-0638,Balochistan,Beauty & Personal Care,In-Store,Easypaisa,1,15358.05,12215.16,3142.89,False
PK-2023-01952,2023-01-09,C-0160,Sindh,Others,Mobile App,Card,1,11669.12,10080.18,1588.95,False
PK-2023-00395,2023-01-09,C-0341,Punjab,Home & Living,Mobile App,Card,4,32575.6,26361.89,6213.7,False
PK-2023-00205,2023-01-10,C-0143,KPK,Fashion,Online,Easypaisa,2,21400.3,17927.87,3472.42,False
PK-2023-01568,2023-01-11,C-0173,Punjab,Home & Living,Mobile App,Easypaisa,2,20817.57,17328.67,3488.9,False
PK-2023-00519,2023-01-11,C-0272,KPK,Home & Living,Online,Card,1,9679.48,7551.94,2127.54,False
PK-2023-00812,2023-01-12,C-0382,KPK,Beauty & Personal Care,Online,Cash on Delivery,4,65381.15,53502.33,11878.82,False
PK-2023-00683,2023-01-12,C-0107,KPK,Electronics,Mobile App,Card,1,11687.64,9461.2,2226.44,False
PK-2023-00826,2023-01-13,C-0015,Sindh,Groceries,Mobile App,Card,3,75838.29,62380.87,13457.42,False
PK-2023-00239,2023-01-13,C-0412,Sindh,Fashion,In-Store,Cash on Delivery,2,24617.66,21375.02,3242.63,False
PK-2023-00797,2023-01-13,C-0492,Punjab,Groceries,In-Store,Cash on Delivery,4,71363.42,54094.05,17269.37,False
PK-2023-01929,2023-01-13,C-0637,Balochistan,Electronics,Online,Card,3,22599.54,19295.4,3304.14,False
PK-2023-01949,2023-01-13,C-0634,Punjab,Beauty & Personal Care,Online,Cash on Delivery,1,7900.94,6950.65,950.29,False
PK-2023-01045,2023-01-14,C-0334,Punjab,Groceries,Wholesale,Cash on Delivery,3,31343.25,25304.22,6039.03,False
PK-2023-01894,2023-01-15,C-0663,Balochistan,Home & Living,Online,Easypaisa,1,13577.73,11131.37,2446.36,False
PK-2023-00270,2023-01-15,C-0582,KPK,Beauty & Personal Care,Online,Cash on Delivery,2,32482.69,27087.82,5394.87,False
PK-2023-01902,2023-01-15,C-0227,Punjab,Beauty & Personal Care,Mobile App,Card,2,19831.77,16168.1,3663.67,False
PK-2023-00150,2023-01-15,C-0631,Sindh,Electronics,In-Store,Card,4,29562.93,26261.26,3301.67,False
PK-2023-01069,2023-01-16,C-0211,Punjab,Groceries,Online,Easypaisa,1,9389.21,7728.18,1661.02,False
PK-2023-00872,2023-01-16,C-0587,Punjab,Fashion,Mobile App,Card,4,42883.93,34018.28,8865.65,False
PK-2023-00085,2023-01-16,C-0237,Sindh,Groceries,Online,Card,3,36942.46,27846.49,9095.97,False
PK-2023-00136,2023-01-16,C-0646,Punjab,Home & Living,Online,Card,2,28278.19,23781.74,4496.45,False
PK-2023-00590,2023-01-17,C-0045,Balochistan,Fashion,Mobile App,Cash on Delivery,3,31905.93,27800.58,4105.34,True
PK-2023-00227,2023-01-17,C-0001,Sindh,Groceries,Mobile App,Card,1,10847.57,8894.03,1953.54,False
PK-2023-01356,2023-01-17,C-0758,Islamabad,Fashion,Online,Card,3,32281.79,27616.47,4665.32,False
PK-2023-01721,2023-01-17,C-0208,KPK,Groceries,Online,Cash on Delivery,3,31059.42,27299.88,3759.54,False
PK-2023-01205,2023-01-18,C-0561,Punjab,Sports,Mobile App,Easypaisa,1,9666.24,7772.38,1893.86,False
PK-2023-01318,2023-01-18,C-0411,Islamabad,Electronics,Wholesale,Card,3,25613.18,20982.4,4630.78,False
PK-2023-01743,2023-01-19,C-0271,KPK,Beauty & Personal Care,In-Store,Card,1,23526.87,20677.65,2849.22,False
PK-2023-00415,2023-01-20,C-0654,Punjab,Home & Living,Mobile App,Easypaisa,3,27282.89,22398.67,4884.22,False
PK-2023-00795,2023-01-20,C-0490,Punjab,Beauty & Personal Care,Mobile App,Card,3,45576.1,38586.41,6989.69,False
PK-2023-00972,2023-01-20,C-0048,Punjab,Groceries,Online,Easypaisa,4,16317.56,12905.88,3411.68,False
PK-2023-00650,2023-01-20,C-0001,Sindh,Beauty & Personal Care,Online,Easypaisa,4,56916.12,48189.46,8726.66,False
PK-2023-00768,2023-01-21,C-0212,Sindh,Groceries,Online,Easypaisa,2,24453.84,19637.76,4816.08,False
PK-2023-01729,2023-01-21,C-0632,Islamabad,Groceries,Mobile App,Card,1,10040.01,8157.59,1882.42,False
PK-2023-00069,2023-01-21,C-0650,Islamabad,Electronics,Online,Cash on Delivery,2,24128.0,18794.34,5333.66,False
PK-2023-01841,2023-01-22,C-0082,Punjab,Groceries,In-Store,JazzCash,2,28797.4,24186.33,4611.07,False
PK-2023-01433,2023-01-24,C-0182,KPK,Others,In-Store,Card,2,17470.98,14384.82,3086.16,False
PK-2023-00485,2023-01-24,C-0142,Balochistan,Beauty & Personal Care,Wholesale,JazzCash,1,10586.39,8623.81,1962.58,False
PK-2023-01161,2023-01-24,C-0552,Islamabad,Others,Mobile App,Card,2,28749.08,22719.11,6029.97,False
PK-2023-00422,2023-01-24,C-0588,Punjab,Electronics,Mobile App,Card,2,17027.86,14323.41,2704.45,False
PK-2023-00723,2023-01-24,C-0404,Punjab,Fashion,Online,Card,3,56388.09,45137.48,11250.61,True
PK-2023-01660,2023-01-24,C-0509,KPK,Electronics,Mobile App,Card,4,62078.93,48067.6,14011.33,False
PK-2023-01382,2023-01-24,C-0007,KPK,Beauty & Personal Care,Online,Card,3,37886.99,28816.89,9070.1,False
PK-2023-00633,2023-01-25,C-0469,Punjab,Sports,In-Store,Easypaisa,2,22430.9,19569.55,2861.35,False
PK-2023-00164,2023-01-25,C-0481,Sindh,Fashion,Mobile App,Cash on Delivery,3,43489.43,37337.71,6151.72,False
PK-2023-01620,2023-01-26,C-0744,Punjab,Others,In-Store,Easypaisa,4,53706.39,43634.57,10071.82,False
PK-2023-01315,2023-01-26,C-0289,Punjab,Fashion,Online,Card,3,34959.69,28665.52,6294.17,False
PK-2023-00726,2023-01-27,C-0036,Punjab,Groceries,Online,JazzCash,2,8938.11,7337.32,1600.79,False
PK-2023-01386,2023-01-27,C-0743,KPK,Groceries,In-Store,Card,1,5790.15,4794.24,995.91,False
PK-2023-00620,2023-01-27,C-0402,Sindh,Sports,Online,JazzCash,4,29764.36,24460.15,5304.22,False
PK-2023-01019,2023-01-27,C-0255,Sindh,Fashion,Online,Card,3,35466.82,29868.77,5598.05,False
PK-2023-01364,2023-01-27,C-0090,Balochistan,Home & Living,In-Store,Easypaisa,3,40612.38,32565.23,8047.15,False
PK-2023-00435,2023-01-27,C-0113,Sindh,Groceries,Mobile App,JazzCash,1,11535.19,10321.65,1213.55,False
PK-2023-00125,2023-01-28,C-0150,Islamabad,Fashion,Online,JazzCash,1,19546.25,16776.8,2769.45,False
PK-2023-01940,2023-01-28,C-0009,Balochistan,Electronics,Mobile App,Card,3,20503.01,16370.86,4132.15,False
PK-2023-00451,2023-01-28,C-0682,Balochistan,Groceries,Online,Easypaisa,2,17994.18,14545.39,3448.79,False
PK-2023-00028,2023-01-29,C-0275,KPK,Fashion,Online,Cash on Delivery,2,13593.78,10626.75,2967.03,False
PK-2023-00281,2023-01-29,C-0366,Punjab,Fashion,In-Store,Card,1,13814.19,11479.05,2335.15,False
PK-2023-01261,2023-01-29,C-0252,KPK,Electronics,In-Store,JazzCash,1,10649.84,8244.48,2405.36,True
PK-2023-00176,2023-01-30,C-0229,Sindh,Home & Living,Wholesale,Easypaisa,1,16216.51,13763.0,2453.51,False
PK-2023-01926,2023-01-30,C-0110,Punjab,Home & Living,Online,JazzCash,3,35033.23,27631.92,7401.31,False
PK-2023-00903,2023-01-30,C-0320,Punjab,Electronics,In-Store,Card,3,40699.71,34931.42,5768.29,False
PK-2023-00555,2023-01-30,C-0074,Punjab,Fashion,Online,Card,4,35389.99,29438.81,5951.18,False
PK-2023-01390,2023-01-30,C-0707,Islamabad,Electronics,Online,JazzCash,4,33387.85,28416.09,4971.76,False
PK-2023-00763,2023-01-31,C-0368,Islamabad,Electronics,Wholesale,Cash on Delivery,1,36732.2,29675.17,7057.03,False
PK-2023-01206,2023-02-01,C-0599,Punjab,Fashion,Online,Card,2,37559.49,31127.7,6431.78,True
PK-2023-00759,2023-02-01,C-0454,Punjab,Groceries,Online,Card,2,18437.84,14618.83,3819.01,False
PK-2023-01442,2023-02-01,C-0628,Balochistan,Electronics,In-Store,Card,4,42440.76,36228.55,6212.21,False
PK-2023-00287,2023-02-01,C-0190,Islamabad,Sports,Mobile App,Card,3,31415.53,28389.44,3026.09,False
PK-2023-00635,2023-02-01,C-0767,KPK,Home & Living,In-Store,Easypaisa,1,7226.62,5984.73,1241.89,False
PK-2023-00643,2023-02-01,C-0292,Sindh,Home & Living,Online,Card,1,9873.72,7942.57,1931.15,False
PK-2023-00988,2023-02-02,C-0102,Punjab,Home & Living,Online,Easypaisa,4,55191.71,44932.69,10259.02,False
PK-2023-01486,2023-02-02,C-0115,Islamabad,Groceries,In-Store,JazzCash,1,25297.1,20902.12,4394.98,False
PK-2023-00821,2023-02-02,C-0519,KPK,Fashion,Mobile App,Card,4,25827.74,19978.51,5849.22,False
PK-2023-01732,2023-02-02,C-0749,Balochistan,Sports,Online,Card,2,38362.35,33569.32,4793.03,False
PK-2023-01669,2023-02-02,C-0187,KPK,Fashion,Mobile App,Card,4,60463.64,49423.32,11040.33,False
PK-2023-00732,2023-02-02,C-0007,Islamabad,Fashion,Mobile App,Card,4,45558.93,36648.72,8910.21,False
PK-2023-00292,2023-02-03,C-0512,Punjab,Groceries,Wholesale,Cash on Delivery,3,33193.42,28049.21,5144.21,False
PK-2023-01139,2023-02-03,C-0040,Punjab,Beauty & Personal Care,In-Store,Easypaisa,1,12420.36,9986.65,2433.71,False
PK-2023-01157,2023-02-03,C-0332,Punjab,Electronics,In-Store,Cash on Delivery,2,10071.03,8791.44,1279.6,False
PK-2023-01309,2023-02-03,C-0707,Punjab,Home & Living,Online,Easypaisa,1,33007.61,28136.63,4870.98,False
PK-2023-00424,2023-02-03,C-0249,Punjab,Electronics,In-Store,Card,4,66907.18,54080.39,12826.79,False
PK-2023-00273,2023-02-04,C-0561,Balochistan,Groceries,Mobile App,Card,2,26773.34,24765.58,2007.76,False
PK-2023-00449,2023-02-05,C-0504,Sindh,Home & Living,In-Store,JazzCash,1,10584.99,7991.84,2593.15,False
PK-2023-00271,2023-02-05,C-0152,Islamabad,Groceries,Online,Card,1,21713.29,16962.0,4751.29,False
PK-2023-00513,2023-02-05,C-0040,Balochistan,Electronics,Online,Easypaisa,3,36261.17,30196.75,6064.42,False
PK-2023-01726,2023-02-05,C-0754,Balochistan,Beauty & Personal Care,Online,Cash on Delivery,4,23252.29,19701.56,3550.73,False
PK-2023-01244,2023-02-05,C-0681,Punjab,Fashion,In-Store,Card,3,65336.79,55047.21,10289.57,False
PK-2023-01900,2023-02-05,C-0394,Punjab,Electronics,Online,JazzCash,1,8905.48,7036.66,1868.82,False
PK-2023-00429,2023-02-06,C-0277,Punjab,Groceries,Online,Card,1,13062.39,10273.03,2789.35,False
PK-2023-01230,2023-02-07,C-0643,Punjab,Home & Living,Wholesale,Card,1,10121.5,7890.05,2231.45,False
PK-2023-01592,2023-02-07,C-0541,KPK,Fashion,Wholesale,Easypaisa,3,25805.21,20544.75,5260.46,False
PK-2023-00568,2023-02-07,C-0283,Punjab,Electronics,Mobile App,Easypaisa,3,20686.01,16568.93,4117.08,False
PK-2023-00075,2023-02-07,C-0470,Punjab,Fashion,In-Store,Card,1,21465.18,19118.82,2346.37,False
PK-2023-01394,2023-02-08,C-0413,Sindh,Electronics,In-Store,Card,1,12710.86,10281.47,2429.39,False
PK-2023-00735,2023-02-08,C-0115,Islamabad,Electronics,Online,Cash on Delivery,2,25930.47,22219.0,3711.48,False
PK-2023-01491,2023-02-08,C-0393,Punjab,Home & Living,Wholesale,JazzCash,3,28830.27,23384.32,5445.95,False
PK-2023-01001,2023-02-09,C-0087,Punjab,Beauty & Personal Care,In-Store,Card,4,58240.86,46496.2,11744.66,False
PK-2023-01402,2023-02-10,C-0376,Punjab,Beauty & Personal Care,Online,JazzCash,2,66883.94,55757.41,11126.53,False
PK-2023-00018,2023-02-10,C-0763,Sindh,Electronics,In-Store,Card,4,41031.85,33082.7,7949.16,False
PK-2023-01444,2023-02-10,C-0579,KPK,Fashion,Online,Easypaisa,2,30735.54,24168.45,6567.09,False
PK-2023-00728,2023-02-11,C-0746,Punjab,Electronics,Online,Easypaisa,2,22964.94,19268.32,3696.62,False
PK-2023-01899,2023-02-11,C-0612,Sindh,Electronics,Wholesale,Cash on Delivery,2,14683.37,12499.35,2184.02,False
PK-2023-01220,2023-02-11,C-0166,Punjab,Fashion,Online,JazzCash,1,13827.06,11879.38,1947.69,False
PK-2023-00259,2023-02-12,C-0421,Islamabad,Electronics,Mobile App,Cash on Delivery,4,63938.86,54842.83,9096.03,False
PK-2023-01156,2023-02-12,C-0569,Punjab,Fashion,In-Store,Cash on Delivery,2,19841.31,16239.17,3602.14,False
PK-2023-00681,2023-02-12,C-0044,Islamabad,Beauty & Personal Care,Mobile App,Easypaisa,2,39806.3,31950.26,7856.04,False
PK-2023-01482,2023-02-12,C-0738,Punjab,Groceries,Wholesale,Card,1,10438.11,9037.37,1400.74,False
PK-2023-01116,2023-02-13,C-0551,Islamabad,Groceries,In-Store,Cash on Delivery,3,27489.41,23063.34,4426.07,False
PK-2023-01535,2023-02-14,C-0290,Balochistan,Groceries,Online,Cash on Delivery,4,69502.89,58270.82,11232.07,False
PK-2023-01766,2023-02-14,C-0767,Sindh,Beauty & Personal Care,Online,JazzCash,3,28321.94,24305.49,4016.45,False
PK-2023-01994,2023-02-14,C-0725,Islamabad,Fashion,In-Store,Card,4,29076.75,23437.75,5639.0,False
PK-2023-00511,2023-02-15,C-0478,Sindh,Home & Living,In-Store,Card,4,43126.38,36520.96,6605.43,False
PK-2023-00917,2023-02-15,C-0297,KPK,Electronics,Online,Cash on Delivery,3,38449.02,30364.98,8084.05,False
PK-2023-01908,2023-02-15,C-0581,Sindh,Sports,In-Store,Card,4,52761.6,42593.88,10167.72,False
PK-2023-01826,2023-02-15,C-0690,Punjab,Home & Living,Online,Card,3,42244.41,34478.8,7765.61,False
PK-2023-01768,2023-02-16,C-0151,Sindh,Fashion,Online,Card,1,8925.27,7341.23,1584.05,False
PK-2023-01807,2023-02-16,C-0510,KPK,Groceries,In-Store,Card,3,41276.92,33541.87,7735.05,False
PK-2023-01966,2023-02-16,C-0169,Punjab,Electronics,In-Store,Card,3,26430.5,21077.79,5352.71,False
PK-2023-01958,2023-02-18,C-0076,Punjab,Sports,Online,Card,3,22959.97,18887.61,4072.37,False
PK-2023-01790,2023-02-18,C-0416,Sindh,Groceries,Online,Cash on Delivery,2,26795.65,22766.16,4029.49,False
PK-2023-00794,2023-02-18,C-0006,Islamabad,Others,Mobile App,Card,3,26627.27,23438.99,3188.27,False
PK-2023-01428,2023-02-18,C-0534,Balochistan,Beauty & Personal Care,Online,Easypaisa,3,18644.01,15235.26,3408.75,False
PK-2023-00548,2023-02-19,C-0048,Punjab,Electronics,Mobile App,Easypaisa,3,23613.74,20327.9,3285.84,False
PK-2023-01567,2023-02-20,C-0357,KPK,Beauty & Personal Care,Online,Card,1,5694.35,4693.8,1000.56,False
PK-2023-01376,2023-02-20,C-0627,KPK,Fashion,Online,Card,2,15091.92,12030.07,3061.85,False
PK-2023-00561,2023-02-21,C-0667,Islamabad,Home & Living,Online,Card,3,74616.57,60348.98,14267.6,False
PK-2023-00140,2023-02-21,C-0268,KPK,Beauty & Personal Care,Online,Card,4,40256.17,33196.25,7059.92,False
PK-2023-00664,2023-02-22,C-0155,Punjab,Electronics,In-Store,Cash on Delivery,3,51061.15,40026.95,11034.2,False
PK-2023-00628,2023-02-22,C-0171,Punjab,Fashion,Mobile App,Easypaisa,2,18965.34,14973.32,3992.02,False
PK-2023-00123,2023-02-22,C-0504,Balochistan,Electronics,In-Store,JazzCash,1,6509.32,5728.23,781.09,False
PK-2023-00339,2023-02-22,C-0081,Sindh,Home & Living,Online,Cash on Delivery,1,14200.34,11860.69,2339.65,False
PK-2023-00364,2023-02-23,C-0522,Islamabad,Sports,Online,Cash on Delivery,4,73597.22,61288.9,12308.32,False
PK-2023-01183,2023-02-23,C-0636,Punjab,Home & Living,In-Store,Card,3,30517.37,25443.56,5073.8,False
PK-2023-00098,2023-02-23,C-0428,Sindh,Home & Living,Mobile App,Card,3,27530.41,20893.77,6636.64,False
PK-2023-01810,2023-02-23,C-0727,KPK,Beauty & Personal Care,Online,JazzCash,4,64095.59,59050.52,5045.07,False
PK-2023-01991,2023-02-24,C-0576,Punjab,Others,Mobile App,Card,4,31050.92,26400.08,4650.84,False
PK-2023-01624,2023-02-24,C-0618,Sindh,Beauty & Personal Care,Online,Cash on Delivery,4,80951.29,66112.27,14839.02,False
PK-2023-01764,2023-02-25,C-0428,Islamabad,Electronics,Online,Card,4,74900.99,66661.2,8239.79,False
PK-2023-00413,2023-02-25,C-0745,KPK,Fashion,Online,Easypaisa,3,28643.31,22440.93,6202.38,False
PK-2023-00086,2023-02-25,C-0764,Islamabad,Electronics,In-Store,Easypaisa,4,38075.32,30698.57,7376.75,False
PK-2023-01456,2023-02-25,C-0665,Sindh,Beauty & Personal Care,Mobile App,Card,2,11037.82,9514.79,1523.04,False
PK-2023-01427,2023-02-25,C-0678,Islamabad,Electronics,Wholesale,Cash on Delivery,1,13988.54,11232.94,2755.6,False
PK-2023-01170,2023-02-26,C-0751,Punjab,Home & Living,Online,Easypaisa,4,23379.82,19272.3,4107.52,False
PK-2023-00455,2023-02-26,C-0090,Sindh,Groceries,Mobile App,Card,1,12444.5,9989.21,2455.28,False
PK-2023-01041,2023-02-26,C-0154,Punjab,Fashion,Mobile App,Easypaisa,2,18046.81,15077.43,2969.38,False
PK-2023-01408,2023-02-27,C-0078,Punjab,Electronics,Mobile App,Card,2,17481.99,14050.7,3431.29,False
PK-2023-00188,2023-02-27,C-0103,Punjab,Home & Living,Online,Card,4,47530.98,39009.09,8521.89,False
PK-2023-00350,2023-02-27,C-0329,Balochistan,Electronics,In-Store,Card,1,5293.87,4410.61,883.26,False
PK-2023-00845,2023-02-27,C-0318,Sindh,Electronics,Mobile App,Card,3,40751.03,35029.44,5721.59,False
PK-2023-01707,2023-02-27,C-0172,Islamabad,Fashion,Online,Card,3,35594.66,28588.33,7006.33,False
PK-2023-01297,2023-02-27,C-0298,Islamabad,Groceries,In-Store,Card,2,50737.61,42845.56,7892.05,False
PK-2023-00005,2023-02-27,C-0284,Sindh,Electronics,Online,Easypaisa,4,48868.51,43204.81,5663.7,False
PK-2023-00337,2023-02-28,C-0056,Punjab,Beauty & Personal Care,Online,Card,4,41475.68,32729.48,8746.21,False
PK-2023-01133,2023-02-28,C-0501,Punjab,Electronics,Online,Easypaisa,3,23679.96,19612.53,4067.43,False
PK-2023-00109,2023-02-28,C-0670,Islamabad,Fashion,Online,JazzCash,4,51268.13,42003.66,9264.47,False
PK-2023-01153,2023-02-28,C-0048,Sindh,Fashion,Wholesale,JazzCash,3,19995.53,17692.36,2303.17,False
PK-2023-01836,2023-02-28,C-0436,Punjab,Fashion,Online,Card,1,18875.84,15516.07,3359.77,False
PK-2023-01371,2023-02-28,C-0207,Punjab,Sports,Online,Cash on Delivery,3,26904.3,20806.75,6097.55,False
PK-2023-00921,2023-03-01,C-0768,Sindh,Others,In-Store,Card,1,6829.77,5572.1,1257.67,False
PK-2023-01642,2023-03-01,C-0137,KPK,Electronics,Wholesale,Easypaisa,2,22231.39,18065.95,4165.45,False
PK-2023-00869,2023-03-02,C-0511,Sindh,Sports,Mobile App,JazzCash,4,44605.28,36806.72,7798.56,False
PK-2023-01236,2023-03-02,C-0082,Sindh,Electronics,In-Store,Card,3,27864.39,23656.84,4207.54,False
PK-2023-00294,2023-03-02,C-0264,Sindh,Fashion,Wholesale,Card,2,42159.72,32706.09,9453.63,False
PK-2023-01251,2023-03-02,C-0697,Sindh,Others,Mobile App,Card,4,78247.89,62528.74,15719.15,False
PK-2023-00894,2023-03-02,C-0759,Punjab,Home & Living,Online,Card,2,33301.51,27341.75,5959.76,False
PK-2023-00940,2023-03-02,C-0440,Punjab,Electronics,Online,JazzCash,2,51344.75,44766.05,6578.7,True
PK-2023-00290,2023-03-03,C-0162,Sindh,Fashion,In-Store,JazzCash,3,25046.72,21463.24,3583.48,False
PK-2023-00718,2023-03-03,C-0153,Sindh,Others,In-Store,Card,4,46938.42,39732.37,7206.06,False
PK-2023-01341,2023-03-03,C-0400,Punjab,Fashion,Mobile App,Card,1,12372.84,10037.09,2335.75,False
PK-2023-01278,2023-03-04,C-0379,KPK,Home & Living,Mobile App,Cash on Delivery,3,23028.76,18409.23,4619.54,False
PK-2023-00725,2023-03-04,C-0731,Punjab,Electronics,Online,Cash on Delivery,2,18795.49,15325.5,3469.98,False
PK-2023-00129,2023-03-04,C-0272,KPK,Electronics,Mobile App,Card,2,20356.6,16035.93,4320.67,False
PK-2023-01936,2023-03-04,C-0155,Sindh,Electronics,Online,Card,2,19678.73,17402.52,2276.21,False
PK-2023-00583,2023-03-05,C-0499,Balochistan,Electronics,In-Store,Cash on Delivery,4,37554.13,29022.53,8531.6,False
PK-2023-00230,2023-03-05,C-0096,Punjab,Groceries,Online,Card,1,10066.61,8656.38,1410.23,False
PK-2023-00258,2023-03-05,C-0742,Sindh,Beauty & Personal Care,Online,Card,3,136111.58,112491.9,23619.69,False
PK-2023-00865,2023-03-05,C-0741,KPK,Fashion,Mobile App,Card,2,46839.62,37110.4,9729.22,False
PK-2023-00161,2023-03-06,C-0636,Sindh,Fashion,In-Store,JazzCash,3,51108.7,43365.17,7743.54,False
PK-2023-00409,2023-03-06,C-0592,Balochistan,Fashion,Mobile App,Easypaisa,4,84731.57,68187.44,16544.13,False
PK-2023-01252,2023-03-06,C-0708,Punjab,Home & Living,Mobile App,Card,1,18726.37,15709.54,3016.83,False
PK-2023-01473,2023-03-06,C-0084,Islamabad,Home & Living,Online,JazzCash,4,55014.05,45094.85,9919.2,False
PK-2023-00240,2023-03-07,C-0312,KPK,Home & Living,Mobile App,JazzCash,3,42108.66,36661.82,5446.84,False
PK-2023-00636,2023-03-07,C-0506,Punjab,Fashion,Online,Card,4,86691.41,72469.19,14222.22,False
PK-2023-01575,2023-03-07,C-0203,Punjab,Fashion,Online,Easypaisa,1,6755.94,5567.62,1188.32,False
PK-2023-00155,2023-03-07,C-0151,Sindh,Home & Living,Online,Card,4,33508.71,25777.69,7731.02,False
PK-2023-01122,2023-03-08,C-0240,Punjab,Fashion,Online,Card,2,16305.69,13310.26,2995.44,False
PK-2023-00908,2023-03-08,C-0754,Punjab,Electronics,In-Store,JazzCash,4,61253.74,50149.98,11103.76,False
PK-2023-00733,2023-03-08,C-0396,Punjab,Home & Living,In-Store,Card,4,51074.15,43234.69,7839.47,False
PK-2023-00769,2023-03-08,C-0402,Punjab,Beauty & Personal Care,In-Store,Card,3,32084.24,26293.05,5791.19,False
PK-2023-00404,2023-03-08,C-0301,Punjab,Sports,Mobile App,Easypaisa,4,48631.52,41872.32,6759.2,True
PK-2023-01517,2023-03-08,C-0265,Punjab,Home & Living,In-Store,Card,1,8936.34,6934.02,2002.32,False
PK-2023-00742,2023-03-09,C-0753,Punjab,Beauty & Personal Care,Online,Cash on Delivery,2,14545.81,11625.42,2920.38,False
PK-2023-01107,2023-03-10,C-0658,Punjab,Fashion,Mobile App,Card,3,29310.31,23485.44,5824.87,False
PK-2023-00060,2023-03-10,C-0201,KPK,Electronics,In-Store,Cash on Delivery,3,56284.63,48618.52,7666.1,False
PK-2023-01253,2023-03-10,C-0226,Punjab,Electronics,In-Store,Easypaisa,4,52045.98,43196.24,8849.74,False
PK-2023-00269,2023-03-10,C-0764,KPK,Groceries,Online,Cash on Delivery,4,48289.71,37081.41,11208.3,False
PK-2023-00608,2023-03-10,C-0602,Punjab,Electronics,Online,Card,2,15660.65,12554.64,3106.01,False
PK-2023-00363,2023-03-11,C-0496,KPK,Home & Living,Mobile App,Card,4,29675.32,23771.16,5904.16,False
PK-2023-01393,2023-03-11,C-0007,Islamabad,Others,Online,Card,1,22989.14,19302.76,3686.39,False
PK-2023-00510,2023-03-11,C-0077,Punjab,Groceries,Mobile App,JazzCash,3,44546.16,38244.54,6301.62,False
PK-2023-00525,2023-03-12,C-0123,KPK,Sports,Online,Easypaisa,4,65879.24,50857.68,15021.56,False
PK-2023-00389,2023-03-12,C-0455,KPK,Groceries,Wholesale,Easypaisa,4,43564.34,37842.14,5722.21,False
PK-2023-00973,2023-03-12,C-0357,Punjab,Electronics,Online,Card,3,30965.33,24764.2,6201.13,False
PK-2023-01350,2023-03-12,C-0731,Punjab,Fashion,Online,Card,1,11460.01,8577.67,2882.34,False
PK-2023-01182,2023-03-12,C-0138,Punjab,Electronics,Online,Easypaisa,3,49072.41,40761.52,8310.9,False
PK-2023-00099,2023-03-12,C-0106,KPK,Electronics,Mobile App,JazzCash,2,41429.31,32940.96,8488.35,False
PK-2023-00473,2023-03-12,C-0524,KPK,Groceries,Wholesale,Card,4,82729.35,68397.63,14331.72,False
PK-2023-01685,2023-03-12,C-0024,Sindh,Electronics,Online,Easypaisa,2,19483.18,16156.07,3327.11,False
PK-2023-00938,2023-03-13,C-0015,KPK,Electronics,Mobile App,Easypaisa,3,51389.04,41917.56,9471.49,False
PK-2023-00362,2023-03-13,C-0472,Sindh,Electronics,Mobile App,Easypaisa,2,21043.21,18023.25,3019.96,False
PK-2023-01765,2023-03-13,C-0556,Sindh,Electronics,Mobile App,Card,4,39931.26,33845.89,6085.36,False
PK-2023-00209,2023-03-14,C-0632,Sindh,Electronics,Online,Card,1,19306.69,15651.43,3655.27,False
PK-2023-00392,2023-03-14,C-0662,KPK,Groceries,Mobile App,Cash on Delivery,3,31326.07,24693.75,6632.31,False
PK-2023-01255,2023-03-14,C-0477,KPK,Electronics,Mobile App,Easypaisa,3,29024.19,22689.73,6334.46,False
PK-2023-00193,2023-03-14,C-0173,Sindh,Groceries,Online,Easypaisa,2,11847.1,9625.98,2221.12,False
PK-2023-00619,2023-03-15,C-0101,Sindh,Beauty & Personal Care,Online,Card,1,22748.65,19470.85,3277.8,False
PK-2023-00218,2023-03-15,C-0394,Punjab,Sports,In-Store,JazzCash,3,29049.92,23323.62,5726.3,False
PK-2023-00437,2023-03-15,C-0496,Balochistan,Home & Living,Mobile App,JazzCash,1,6600.89,5510.26,1090.63,False
PK-2023-01887,2023-03-16,C-0024,Punjab,Others,Online,Easypaisa,2,25488.79,21787.46,3701.33,True
PK-2023-01040,2023-03-16,C-0126,KPK,Groceries,Wholesale,Easypaisa,1,10802.94,9164.51,1638.44,False
PK-2023-00805,2023-03-16,C-0304,Balochistan,Electronics,In-Store,Card,3,26715.1,22807.25,3907.85,False
PK-2023-00815,2023-03-16,C-0061,Sindh,Electronics,Mobile App,Easypaisa,2,31674.96,25248.63,6426.33,False
PK-2023-01532,2023-03-16,C-0495,Balochistan,Electronics,Online,Card,2,18563.25,16128.1,2435.15,False
PK-2023-00964,2023-03-16,C-0099,Punjab,Home & Living,Online,Card,1,13908.8,10948.69,2960.12,False
PK-2023-01415,2023-03-16,C-0664,KPK,Fashion,Mobile App,Card,3,58970.43,47707.83,11262.59,False
PK-2023-01052,2023-03-17,C-0134,Sindh,Electronics,Online,Card,4,42037.23,36004.23,6032.99,True
PK-2023-01275,2023-03-17,C-0082,Punjab,Groceries,In-Store,JazzCash,3,26339.29,20705.16,5634.13,False
PK-2023-01674,2023-03-17,C-0359,Sindh,Fashion,Online,Card,3,38643.55,35277.9,3365.65,True
PK-2023-00009,2023-03-17,C-0762,Punjab,Electronics,In-Store,Card,4,51161.19,40039.35,11121.84,False
PK-2023-01003,2023-03-17,C-0499,KPK,Electronics,Mobile App,Card,4,22811.05,18428.0,4383.05,False
PK-2023-00037,2023-03-18,C-0409,Punjab,Sports,Wholesale,Card,2,26345.8,22551.04,3794.76,False
PK-2023-01551,2023-03-18,C-0033,Punjab,Beauty & Personal Care,In-Store,JazzCash,1,16846.53,13362.11,3484.42,False
PK-2023-00888,2023-03-18,C-0320,KPK,Sports,Online,Card,2,32863.34,27079.54,5783.81,False
PK-2023-01511,2023-03-18,C-0402,Punjab,Others,Mobile App,Card,4,60869.54,50127.25,10742.29,False
PK-2023-00217,2023-03-18,C-0396,KPK,Electronics,Mobile App,Cash on Delivery,1,13092.38,10508.11,2584.27,False
PK-2023-00963,2023-03-19,C-0668,Sindh,Electronics,Mobile App,Card,4,58261.4,48081.23,10180.16,False
PK-2023-00335,2023-03-19,C-0398,Balochistan,Fashion,In-Store,Cash on Delivery,3,20210.55,16587.16,3623.38,False
PK-2023-01769,2023-03-19,C-0733,Punjab,Groceries,Wholesale,JazzCash,1,13045.7,10877.46,2168.24,False
PK-2023-00207,2023-03-19,C-0462,Punjab,Groceries,Online,JazzCash,1,6853.44,6006.45,847.0,True
PK-2023-00679,2023-03-20,C-0146,Punjab,Groceries,Online,Cash on Delivery,2,18880.89,14733.35,4147.55,False
PK-2023-01654,2023-03-20,C-0385,Punjab,Electronics,Online,JazzCash,3,20894.47,17611.37,3283.1,False
PK-2023-01240,2023-03-20,C-0473,Sindh,Fashion,In-Store,Cash on Delivery,3,38565.32,30866.26,7699.05,False
PK-2023-00302,2023-03-20,C-0192,KPK,Groceries,Mobile App,Card,3,39405.16,31751.9,7653.26,False
PK-2023-00474,2023-03-20,C-0086,Punjab,Home & Living,Mobile App,Card,4,25890.02,22250.27,3639.75,False
PK-2023-01803,2023-03-20,C-0221,KPK,Fashion,Online,Card,2,33929.83,29479.94,4449.89,False
PK-2023-00341,2023-03-21,C-0066,Punjab,Electronics,In-Store,Card,4,44874.68,34139.4,10735.28,False
PK-2023-01189,2023-03-21,C-0463,Balochistan,Electronics,Online,Easypaisa,1,10443.27,7897.83,2545.44,False
PK-2023-00671,2023-03-21,C-0032,Punjab,Home & Living,Online,Easypaisa,2,25510.98,19796.11,5714.87,False
PK-2023-00764,2023-03-22,C-0282,Sindh,Fashion,Mobile App,Cash on Delivery,3,26959.42,22525.96,4433.46,False
PK-2023-01117,2023-03-22,C-0205,Sindh,Electronics,Online,Card,2,22537.46,18188.67,4348.79,False
PK-2023-01105,2023-03-22,C-0407,Balochistan,Groceries,Online,JazzCash,2,29276.1,23103.13,6172.97,False
PK-2023-01054,2023-03-22,C-0099,Punjab,Beauty & Personal Care,Online,Cash on Delivery,4,61555.54,53535.63,8019.91,False
PK-2023-00918,2023-03-22,C-0633,KPK,Beauty & Personal Care,Mobile App,Cash on Delivery,3,35052.07,27888.68,7163.39,False
PK-2023-01757,2023-03-23,C-0291,Punjab,Electronics,Online,Cash on Delivery,3,48131.46,38024.29,10107.17,False
PK-2023-00153,2023-03-23,C-0307,Sindh,Beauty & Personal Care,Online,Card,4,78909.05,63970.61,14938.44,True
PK-2023-00310,2023-03-23,C-0363,Sindh,Sports,In-Store,Card,3,37303.16,32522.62,4780.54,True
PK-2023-01368,2023-03-23,C-0104,KPK,Groceries,In-Store,Cash on Delivery,4,54704.96,43392.5,11312.46,False
PK-2023-00050,2023-03-23,C-0504,KPK,Fashion,Mobile App,Card,1,12581.02,9990.09,2590.92,False
PK-2023-00059,2023-03-23,C-0625,Sindh,Electronics,In-Store,Easypaisa,4,51928.68,42891.17,9037.51,False
PK-2023-00231,2023-03-23,C-0155,Islamabad,Fashion,Wholesale,Easypaisa,3,45737.49,39236.22,6501.26,True
PK-2023-01602,2023-03-23,C-0126,Punjab,Electronics,Wholesale,Card,1,10164.36,8577.62,1586.74,False
PK-2023-00545,2023-03-24,C-0228,Punjab,Home & Living,Online,JazzCash,2,30159.99,24469.73,5690.26,False
PK-2023-00417,2023-03-24,C-0468,Sindh,Electronics,Online,Cash on Delivery,4,32786.88,25207.09,7579.79,False
PK-2023-00806,2023-03-25,C-0477,KPK,Electronics,In-Store,Cash on Delivery,3,32175.73,25105.81,7069.93,False
PK-2023-00462,2023-03-25,C-0694,Sindh,Groceries,In-Store,Card,1,10285.08,8837.21,1447.87,False
PK-2023-00264,2023-03-25,C-0018,Balochistan,Electronics,In-Store,Card,4,48806.42,41887.59,6918.83,False
PK-2023-01151,2023-03-25,C-0674,KPK,Electronics,Mobile App,Cash on Delivery,1,13499.27,11409.11,2090.16,False
PK-2023-00204,2023-03-25,C-0722,Sindh,Electronics,Online,Card,1,19227.3,16056.85,3170.45,False
PK-2023-00128,2023-03-25,C-0521,Sindh,Fashion,Online,Cash on Delivery,4,52880.07,45562.78,7317.29,False
PK-2023-00261,2023-03-26,C-0422,Islamabad,Groceries,In-Store,JazzCash,4,38712.46,29797.3,8915.16,False
PK-2023-01529,2023-03-26,C-0101,Islamabad,Beauty & Personal Care,Online,Easypaisa,4,82083.17,64457.19,17625.98,False
PK-2023-01165,2023-03-26,C-0661,KPK,Home & Living,Wholesale,JazzCash,2,8158.59,6842.43,1316.16,False
PK-2023-00469,2023-03-27,C-0174,Islamabad,Home & Living,Wholesale,JazzCash,4,30967.95,25114.2,5853.75,False
PK-2023-00849,2023-03-27,C-0505,Punjab,Beauty & Personal Care,Online,JazzCash,1,8490.65,7165.52,1325.14,False
PK-2023-00376,2023-03-27,C-0065,Punjab,Electronics,Online,Cash on Delivery,2,26218.28,21244.88,4973.4,False
PK-2023-01990,2023-03-28,C-0360,Sindh,Others,In-Store,Cash on Delivery,2,23247.58,19942.93,3304.65,False
PK-2023-00762,2023-03-28,C-0366,Sindh,Sports,Mobile App,JazzCash,2,38001.88,30843.21,7158.66,False
PK-2023-00552,2023-03-28,C-0082,KPK,Home & Living,Online,Cash on Delivery,2,23826.83,19486.44,4340.39,False
PK-2023-01915,2023-03-28,C-0242,Punjab,Fashion,Wholesale,Easypaisa,4,62048.09,49007.73,13040.36,True
PK-2023-00985,2023-03-29,C-0507,Punjab,Electronics,Online,Easypaisa,4,40959.99,32326.13,8633.86,False
PK-2023-01784,2023-03-29,C-0539,Balochistan,Electronics,Online,Cash on Delivery,3,33215.71,25800.52,7415.19,False
PK-2023-00195,2023-03-29,C-0361,Punjab,Home & Living,Online,JazzCash,4,50333.79,39449.44,10884.35,False
PK-2023-01154,2023-03-29,C-0627,Punjab,Electronics,Mobile App,Card,1,7475.89,6096.22,1379.67,False
PK-2023-01964,2023-03-29,C-0250,Punjab,Electronics,In-Store,Cash on Delivery,3,20766.04,16766.12,3999.92,False
PK-2023-01004,2023-03-29,C-0726,Punjab,Groceries,Mobile App,Cash on Delivery,4,25382.56,20355.31,5027.25,False
PK-2023-00268,2023-03-29,C-0457,Balochistan,Home & Living,In-Store,Card,4,31523.93,26656.57,4867.37,False
PK-2023-00523,2023-03-29,C-0377,KPK,Fashion,Online,JazzCash,1,7391.59,5888.54,1503.04,False
PK-2023-00091,2023-03-29,C-0127,Punjab,Fashion,Online,Card,4,35019.68,28097.74,6921.94,False
PK-2023-01443,2023-03-29,C-0333,Balochistan,Electronics,In-Store,Card,2,27637.78,23688.79,3949.0,False
PK-2023-00442,2023-03-30,C-0077,Punjab,Electronics,Wholesale,Easypaisa,2,22795.48,18750.15,4045.32,False
PK-2023-01396,2023-03-30,C-0177,Sindh,Sports,In-Store,Card,2,21226.01,17839.37,3386.65,False
PK-2023-01111,2023-03-30,C-0681,Punjab,Fashion,Wholesale,Easypaisa,4,25650.68,21983.46,3667.22,False
PK-2023-00703,2023-03-30,C-0296,Punjab,Fashion,Wholesale,Easypaisa,2,10698.92,8825.51,1873.41,False
PK-2023-01904,2023-03-30,C-0408,KPK,Home & Living,Mobile App,Easypaisa,3,56747.05,43921.81,12825.24,False
PK-2023-00029,2023-03-30,C-0194,Sindh,Home & Living,Wholesale,Card,1,10617.09,9087.06,1530.03,False
PK-2023-01843,2023-03-30,C-0015,Punjab,Groceries,Online,Card,3,34153.43,26904.92,7248.51,False
PK-2023-01519,2023-03-30,C-0717,Punjab,Home & Living,Online,Card,1,6633.31,5340.22,1293.09,False
PK-2023-00375,2023-03-31,C-0267,Sindh,Fashion,Online,Card,3,59423.36,45468.04,13955.31,False
PK-2023-01434,2023-03-31,C-0467,Sindh,Electronics,Online,Easypaisa,1,11299.79,9011.45,2288.34,False
PK-2023-01330,2023-04-02,C-0444,Punjab,Electronics,Online,Cash on Delivery,1,12861.13,10661.16,2199.97,False
PK-2023-00954,2023-04-02,C-0260,Islamabad,Sports,Mobile App,Cash on Delivery,4,66598.44,55351.88,11246.56,False
PK-2023-00927,2023-04-02,C-0700,Punjab,Groceries,Online,Cash on Delivery,2,13066.76,10400.98,2665.77,False
PK-2023-01661,2023-04-02,C-0520,Sindh,Electronics,Online,Easypaisa,1,11430.57,9010.44,2420.13,False
PK-2023-00089,2023-04-02,C-0124,Punjab,Groceries,Online,JazzCash,2,20926.62,17452.41,3474.21,False
PK-2023-00889,2023-04-03,C-0476,Sindh,Electronics,Mobile App,Card,4,27438.68,21653.67,5785.01,False
PK-2023-00538,2023-04-03,C-0699,Balochistan,Fashion,Mobile App,JazzCash,3,33138.97,26543.11,6595.86,False
PK-2023-01360,2023-04-03,C-0691,Balochistan,Groceries,Mobile App,Cash on Delivery,3,40475.67,32567.64,7908.04,False
PK-2023-00778,2023-04-03,C-0095,Punjab,Home & Living,Mobile App,JazzCash,2,13913.68,11446.45,2467.22,False
PK-2023-00968,2023-04-03,C-0101,Punjab,Fashion,Online,JazzCash,3,58772.16,45662.14,13110.02,False
PK-2023-00175,2023-04-04,C-0060,KPK,Fashion,Online,JazzCash,1,21040.76,18398.57,2642.2,False
PK-2023-00925,2023-04-04,C-0327,Sindh,Electronics,Online,Easypaisa,3,43595.47,36460.51,7134.95,False
PK-2023-00798,2023-04-04,C-0309,Sindh,Fashion,Online,JazzCash,4,42649.81,33739.69,8910.12,False
PK-2023-00539,2023-04-04,C-0425,Punjab,Electronics,Mobile App,Cash on Delivery,4,22099.74,18160.1,3939.64,False
PK-2023-00266,2023-04-04,C-0456,Sindh,Electronics,In-Store,Cash on Delivery,4,38184.27,33641.6,4542.67,False
PK-2023-01298,2023-04-04,C-0294,Punjab,Home & Living,Online,JazzCash,2,21506.13,17317.96,4188.17,False
PK-2023-00084,2023-04-05,C-0166,Punjab,Electronics,Online,Card,2,26991.58,22895.4,4096.18,False
PK-2023-01845,2023-04-05,C-0528,Sindh,Others,Online,JazzCash,2,25699.85,21391.72,4308.12,False
PK-2023-01100,2023-04-05,C-0256,Balochistan,Electronics,Online,Card,3,24104.24,21516.08,2588.16,False
PK-2023-01164,2023-04-05,C-0232,Sindh,Groceries,In-Store,Cash on Delivery,2,36422.6,29583.09,6839.51,False
PK-2023-01267,2023-04-06,C-0109,Punjab,Electronics,Online,Cash on Delivery,4,32847.31,27969.89,4877.42,False
PK-2023-01590,2023-04-06,C-0286,Sindh,Fashion,Online,JazzCash,3,20044.83,16251.15,3793.68,False
PK-2023-01781,2023-04-06,C-0213,Islamabad,Electronics,In-Store,Card,2,40403.28,33426.55,6976.73,False
PK-2023-01470,2023-04-06,C-0204,Punjab,Others,Mobile App,Cash on Delivery,4,36616.55,29508.03,7108.52,False
PK-2023-01762,2023-04-06,C-0612,Islamabad,Fashion,Wholesale,Card,3,47987.46,38147.85,9839.6,False
PK-2023-00131,2023-04-07,C-0074,KPK,Electronics,Online,Cash on Delivery,2,27635.06,23339.11,4295.96,False
PK-2023-00352,2023-04-07,C-0668,Punjab,Beauty & Personal Care,Wholesale,Card,4,70684.41,57491.69,13192.72,False
PK-2023-01225,2023-04-07,C-0020,Sindh,Electronics,Mobile App,Easypaisa,3,25125.94,19573.73,5552.21,False
PK-2023-00516,2023-04-08,C-0453,Punjab,Beauty & Personal Care,Online,Card,1,12864.36,10743.56,2120.8,False
PK-2023-00808,2023-04-08,C-0415,Sindh,Groceries,Wholesale,JazzCash,4,43237.0,33475.55,9761.45,False
PK-2023-00454,2023-04-08,C-0157,KPK,Beauty & Personal Care,Online,Easypaisa,3,51199.58,41395.88,9803.7,False
PK-2023-00272,2023-04-08,C-0504,Sindh,Home & Living,Online,Easypaisa,2,36309.65,29652.74,6656.91,False
PK-2023-01124,2023-04-09,C-0512,Sindh,Fashion,In-Store,Easypaisa,1,12522.71,10101.72,2420.99,False
PK-2023-01944,2023-04-09,C-0243,Balochistan,Home & Living,Mobile App,Cash on Delivery,2,47136.75,35753.13,11383.62,False
PK-2023-01526,2023-04-09,C-0582,Islamabad,Fashion,Online,Easypaisa,2,19701.14,16143.47,3557.67,False
PK-2023-01239,2023-04-09,C-0327,Sindh,Fashion,Mobile App,Card,4,32876.3,25516.96,7359.33,False
PK-2023-01185,2023-04-09,C-0407,Punjab,Electronics,Online,Card,2,20994.28,17232.75,3761.53,False
PK-2023-00115,2023-04-09,C-0243,KPK,Electronics,Online,Card,2,40476.42,34149.37,6327.05,False
PK-2023-01544,2023-04-09,C-0466,Sindh,Electronics,Wholesale,Card,4,61338.09,51403.16,9934.93,False
PK-2023-01975,2023-04-09,C-0255,Islamabad,Electronics,In-Store,Easypaisa,4,67424.99,53981.23,13443.76,False
PK-2023-01184,2023-04-09,C-0381,KPK,Electronics,Online,Cash on Delivery,1,5218.73,4473.49,745.23,False
PK-2023-01598,2023-04-09,C-0486,Sindh,Sports,In-Store,Easypaisa,1,13009.28,10834.23,2175.05,False
PK-2023-01896,2023-04-10,C-0368,KPK,Groceries,Mobile App,Card,3,47282.18,36091.94,11190.24,False
PK-2023-01016,2023-04-10,C-0111,Punjab,Groceries,Wholesale,Easypaisa,1,7188.35,5888.56,1299.79,False
PK-2023-01912,2023-04-10,C-0369,Punjab,Home & Living,Online,Card,2,15615.37,13172.52,2442.85,False
PK-2023-00851,2023-04-10,C-0465,Punjab,Fashion,Wholesale,Card,2,20744.71,17295.32,3449.39,False
PK-2023-00587,2023-04-10,C-0191,Sindh,Fashion,Online,Cash on Delivery,3,25612.74,20413.77,5198.96,False
PK-2023-00943,2023-04-11,C-0566,Sindh,Beauty & Personal Care,Mobile App,Cash on Delivery,1,8283.58,6611.17,1672.42,False
PK-2023-01834,2023-04-11,C-0462,KPK,Home & Living,In-Store,Easypaisa,3,46216.28,35106.85,11109.43,False
PK-2023-00196,2023-04-11,C-0765,Sindh,Beauty & Personal Care,Online,Card,3,62720.94,55398.67,7322.27,False
PK-2023-00553,2023-04-11,C-0671,Punjab,Groceries,In-Store,JazzCash,4,44946.67,34643.93,10302.74,False
PK-2023-01463,2023-04-12,C-0707,Punjab,Electronics,Online,Card,1,21542.3,18260.82,3281.47,False
PK-2023-00282,2023-04-12,C-0559,Punjab,Electronics,Online,Cash on Delivery,2,8525.94,6864.45,1661.48,False
PK-2023-00716,2023-04-13,C-0507,Punjab,Electronics,In-Store,Card,1,15185.07,12413.74,2771.33,False
PK-2023-01645,2023-04-13,C-0655,Sindh,Electronics,In-Store,Easypaisa,4,23421.45,19653.52,3767.93,False
PK-2023-00456,2023-04-13,C-0331,Punjab,Home & Living,In-Store,Card,1,9069.38,6741.12,2328.26,False
PK-2023-00663,2023-04-14,C-0566,Sindh,Fashion,Online,Card,1,23042.69,18227.37,4815.32,False
PK-2023-00980,2023-04-14,C-0742,Islamabad,Beauty & Personal Care,In-Store,Card,3,24065.19,19629.48,4435.71,False
PK-2023-01337,2023-04-14,C-0715,KPK,Home & Living,Mobile App,JazzCash,2,17707.11,15581.05,2126.06,False
PK-2023-00899,2023-04-14,C-0128,Balochistan,Groceries,Mobile App,JazzCash,2,20588.87,18215.33,2373.54,False
PK-2023-01369,2023-04-15,C-0139,Balochistan,Electronics,Wholesale,Easypaisa,2,19901.86,15509.88,4391.98,False
PK-2023-01628,2023-04-15,C-0377,KPK,Groceries,Wholesale,JazzCash,4,44177.14,38416.82,5760.31,True
PK-2023-01697,2023-04-15,C-0144,Punjab,Fashion,Online,Cash on Delivery,4,43678.72,37191.93,6486.79,False
PK-2023-01405,2023-04-15,C-0155,Sindh,Beauty & Personal Care,Mobile App,Easypaisa,2,19500.54,17499.57,2000.96,False
PK-2023-01888,2023-04-15,C-0636,Punjab,Beauty & Personal Care,Online,Card,4,59362.8,45123.94,14238.86,False
PK-2023-01472,2023-04-15,C-0758,Punjab,Fashion,In-Store,Card,2,25193.22,20651.14,4542.08,False
PK-2023-00036,2023-04-15,C-0056,Sindh,Beauty & Personal Care,In-Store,Cash on Delivery,3,25725.42,20535.19,5190.24,False
PK-2023-00767,2023-04-15,C-0089,KPK,Fashion,In-Store,Card,4,32726.42,28114.16,4612.26,False
PK-2023-00589,2023-04-16,C-0344,Sindh,Fashion,In-Store,Card,2,43569.43,34514.77,9054.66,False
PK-2023-01597,2023-04-16,C-0518,Islamabad,Beauty & Personal Care,Online,Card,2,17866.8,15371.81,2494.99,False
PK-2023-01196,2023-04-17,C-0092,Islamabad,Fashion,Wholesale,Cash on Delivery,3,54805.52,44376.87,10428.64,False
PK-2023-00444,2023-04-17,C-0729,Islamabad,Home & Living,In-Store,Card,4,24822.83,20063.17,4759.66,False
PK-2023-01110,2023-04-17,C-0056,Balochistan,Sports,Online,Cash on Delivery,4,38734.13,30626.44,8107.69,False
PK-2023-01277,2023-04-17,C-0386,Sindh,Home & Living,Online,Cash on Delivery,1,8730.38,6676.28,2054.1,False
PK-2023-01591,2023-04-18,C-0669,Sindh,Beauty & Personal Care,Online,Card,2,14983.29,12161.72,2821.57,False
PK-2023-01233,2023-04-18,C-0311,Sindh,Home & Living,Online,Easypaisa,4,45703.36,38614.94,7088.42,False
PK-2023-01629,2023-04-18,C-0196,Punjab,Groceries,Online,Cash on Delivery,3,16002.85,13082.35,2920.5,False
PK-2023-00026,2023-04-18,C-0622,Islamabad,Fashion,In-Store,Easypaisa,3,33358.15,26083.48,7274.67,False
PK-2023-01445,2023-04-18,C-0258,Islamabad,Beauty & Personal Care,Online,Card,4,70999.06,56849.11,14149.94,False
PK-2023-00419,2023-04-19,C-0724,Punjab,Electronics,In-Store,Card,2,6703.66,5668.77,1034.89,False
PK-2023-01512,2023-04-19,C-0413,Sindh,Groceries,Mobile App,JazzCash,1,19744.06,17683.85,2060.21,False
PK-2023-01047,2023-04-19,C-0546,Punjab,Home & Living,Online,Card,2,17440.78,13297.62,4143.16,False
PK-2023-00199,2023-04-19,C-0374,Punjab,Electronics,Online,Card,1,7733.95,6409.26,1324.69,False
PK-2023-01520,2023-04-19,C-0436,Sindh,Beauty & Personal Care,Online,Card,1,15673.25,12910.69,2762.56,True
PK-2023-00885,2023-04-19,C-0501,Balochistan,Home & Living,Wholesale,JazzCash,1,16292.84,13263.45,3029.39,False
PK-2023-01644,2023-04-20,C-0717,Punjab,Electronics,In-Store,Easypaisa,2,17045.21,13225.18,3820.04,False
PK-2023-00051,2023-04-20,C-0755,Islamabad,Others,Online,Easypaisa,4,30543.45,24519.92,6023.54,False
PK-2023-00852,2023-04-20,C-0595,KPK,Fashion,Online,Cash on Delivery,3,28122.51,24935.9,3186.61,False
PK-2023-00213,2023-04-20,C-0248,Sindh,Beauty & Personal Care,Online,Card,4,54625.71,45248.79,9376.92,False
PK-2023-01058,2023-04-21,C-0404,Sindh,Electronics,Online,Card,3,32265.79,24788.76,7477.03,False
PK-2023-00436,2023-04-21,C-0401,Sindh,Others,Online,JazzCash,3,29036.9,24094.77,4942.12,False
PK-2023-00898,2023-04-21,C-0656,Sindh,Electronics,Online,Easypaisa,1,5514.21,4570.78,943.43,False
PK-2023-01450,2023-04-21,C-0437,Sindh,Beauty & Personal Care,Mobile App,Easypaisa,3,50458.13,42265.89,8192.24,True
PK-2023-01916,2023-04-21,C-0481,Sindh,Fashion,Wholesale,Cash on Delivery,3,26546.81,23248.87,3297.94,False
PK-2023-01752,2023-04-21,C-0228,Punjab,Home & Living,Online,Easypaisa,2,13835.21,11748.49,2086.72,False
PK-2023-00682,2023-04-21,C-0730,Punjab,Beauty & Personal Care,In-Store,JazzCash,1,8545.3,7504.2,1041.09,False
PK-2023-01947,2023-04-21,C-0157,Punjab,Electronics,Wholesale,Cash on Delivery,4,46072.62,40874.43,5198.19,False
PK-2023-00112,2023-04-21,C-0105,Balochistan,Home & Living,Online,Card,3,18144.91,15422.6,2722.31,False
PK-2023-00332,2023-04-21,C-0208,Islamabad,Fashion,Wholesale,Card,3,19394.69,16176.27,3218.42,False
PK-2023-00870,2023-04-22,C-0752,Sindh,Electronics,Mobile App,Card,4,70168.09,57279.93,12888.16,False
PK-2023-01868,2023-04-22,C-0610,KPK,Electronics,Online,Card,4,90285.59,70830.83,19454.76,False
PK-2023-01435,2023-04-23,C-0100,KPK,Electronics,Online,Card,3,30059.59,24484.72,5574.87,False
PK-2023-00936,2023-04-23,C-0192,Punjab,Home & Living,In-Store,JazzCash,3,17215.05,12547.69,4667.36,False
PK-2023-01237,2023-04-23,C-0562,Punjab,Others,Online,Card,4,44254.15,35694.48,8559.67,False
PK-2023-01248,2023-04-23,C-0339,Punjab,Beauty & Personal Care,Online,Card,3,29507.33,25450.24,4057.09,False
PK-2023-00737,2023-04-23,C-0289,KPK,Electronics,Online,Card,3,32876.53,28369.31,4507.22,False
PK-2023-01621,2023-04-24,C-0599,Sindh,Groceries,Online,Easypaisa,4,42429.36,36503.47,5925.89,False
PK-2023-01180,2023-04-24,C-0269,Sindh,Home & Living,Online,JazzCash,3,49948.36,41179.0,8769.36,False
PK-2023-00970,2023-04-24,C-0309,Sindh,Electronics,Mobile App,Cash on Delivery,4,54007.87,46300.92,7706.95,False
PK-2023-00536,2023-04-24,C-0041,Punjab,Home & Living,Online,Card,1,20171.93,17014.11,3157.82,False
PK-2023-01763,2023-04-25,C-0539,KPK,Electronics,Online,JazzCash,2,24901.57,20852.93,4048.64,False
PK-2023-01664,2023-04-25,C-0543,Punjab,Groceries,Wholesale,Easypaisa,3,33647.44,29892.07,3755.36,False
PK-2023-00994,2023-04-25,C-0268,Punjab,Home & Living,Mobile App,JazzCash,1,8515.03,7039.89,1475.14,False
PK-2023-01616,2023-04-26,C-0658,Punjab,Groceries,In-Store,Cash on Delivery,4,42395.89,34570.73,7825.16,False
PK-2023-01222,2023-04-26,C-0332,Sindh,Beauty & Personal Care,Online,Card,1,12284.75,10186.29,2098.46,False
PK-2023-01235,2023-04-26,C-0307,KPK,Electronics,Mobile App,Cash on Delivery,2,34482.18,28790.39,5691.79,False
PK-2023-00855,2023-04-26,C-0566,Punjab,Groceries,Online,Card,3,49174.36,38451.63,10722.74,False
PK-2023-01980,2023-04-27,C-0638,KPK,Groceries,Online,Card,2,28577.09,21485.85,7091.24,False
PK-2023-01509,2023-04-27,C-0179,KPK,Groceries,Mobile App,JazzCash,2,18394.34,15101.39,3292.96,True
PK-2023-01367,2023-04-27,C-0704,Sindh,Groceries,Online,Cash on Delivery,2,40663.89,32949.64,7714.24,False
PK-2023-01301,2023-04-27,C-0249,Sindh,Sports,Online,Easypaisa,2,16296.99,13464.52,2832.47,True
PK-2023-00071,2023-04-27,C-0739,Sindh,Beauty & Personal Care,Wholesale,Cash on Delivery,3,67499.02,55757.12,11741.89,False
PK-2023-00791,2023-04-27,C-0709,Sindh,Beauty & Personal Care,Online,Cash on Delivery,1,9043.21,7115.47,1927.75,False
PK-2023-01738,2023-04-27,C-0299,KPK,Groceries,Online,Easypaisa,2,14997.94,12415.44,2582.5,False
PK-2023-01231,2023-04-27,C-0182,KPK,Fashion,Online,JazzCash,4,39096.4,32335.62,6760.77,False
PK-2023-00482,2023-04-28,C-0729,Sindh,Electronics,Online,Card,1,10724.88,9119.1,1605.77,False
PK-2023-01835,2023-04-28,C-0657,Sindh,Fashion,Mobile App,Card,4,25074.91,22039.81,3035.1,False
PK-2023-01437,2023-04-28,C-0273,Balochistan,Fashion,Online,Card,1,10056.2,8185.44,1870.76,False
PK-2023-01793,2023-04-28,C-0293,Punjab,Electronics,Online,Easypaisa,3,27187.58,23407.8,3779.78,False
PK-2023-01722,2023-04-29,C-0481,Punjab,Home & Living,In-Store,Easypaisa,1,12913.14,10813.0,2100.13,False
PK-2023-01179,2023-04-29,C-0317,Sindh,Electronics,Wholesale,Card,4,40142.99,32899.02,7243.96,False
PK-2023-01976,2023-04-29,C-0006,Punjab,Electronics,In-Store,JazzCash,4,36436.0,30258.87,6177.13,False
PK-2023-01197,2023-04-29,C-0216,Sindh,Home & Living,Online,JazzCash,3,45776.3,37974.13,7802.17,False
PK-2023-01097,2023-04-29,C-0234,KPK,Electronics,Online,JazzCash,4,36699.83,30342.55,6357.27,False
PK-2023-01811,2023-04-30,C-0443,Sindh,Home & Living,Online,JazzCash,3,50942.71,44780.67,6162.04,False
PK-2023-01576,2023-05-01,C-0445,Punjab,Fashion,Wholesale,JazzCash,3,56784.88,47620.73,9164.15,False
PK-2023-01925,2023-05-01,C-0267,Sindh,Electronics,In-Store,Card,2,27858.66,22537.74,5320.92,False
PK-2023-00488,2023-05-01,C-0526,Punjab,Beauty & Personal Care,Mobile App,Card,2,17469.38,14790.74,2678.64,False
PK-2023-01941,2023-05-01,C-0178,KPK,Electronics,Online,Easypaisa,2,10593.67,8569.03,2024.64,True
PK-2023-01657,2023-05-01,C-0235,Islamabad,Electronics,In-Store,Cash on Delivery,3,38478.49,30494.96,7983.53,False
PK-2023-01857,2023-05-01,C-0732,Sindh,Beauty & Personal Care,Online,JazzCash,4,59086.75,49118.56,9968.19,False
PK-2023-00039,2023-05-02,C-0525,Punjab,Home & Living,Online,Cash on Delivery,3,17416.44,15079.13,2337.31,False
PK-2023-01891,2023-05-02,C-0270,Islamabad,Electronics,Mobile App,Easypaisa,2,24038.65,20822.04,3216.61,False
PK-2023-00016,2023-05-02,C-0150,Sindh,Home & Living,Online,Easypaisa,4,83461.46,64645.26,18816.2,False
PK-2023-01457,2023-05-02,C-0096,Punjab,Sports,In-Store,JazzCash,1,12304.66,9892.44,2412.22,False
PK-2023-01668,2023-05-02,C-0739,Balochistan,Electronics,Online,Cash on Delivery,3,34535.7,29048.71,5486.99,False
PK-2023-01484,2023-05-02,C-0329,Punjab,Home & Living,In-Store,Card,3,48716.09,42063.87,6652.22,False
PK-2023-00206,2023-05-03,C-0314,KPK,Home & Living,Mobile App,Card,3,45379.58,37998.12,7381.46,False
PK-2023-00163,2023-05-03,C-0654,Balochistan,Fashion,Online,Card,3,18373.74,15801.3,2572.44,False
PK-2023-01468,2023-05-03,C-0723,Punjab,Fashion,Online,Cash on Delivery,2,43054.37,35781.66,7272.7,False
PK-2023-00756,2023-05-03,C-0152,Sindh,Beauty & Personal Care,Online,Cash on Delivery,4,75107.06,62367.59,12739.47,False
PK-2023-00313,2023-05-04,C-0713,Punjab,Fashion,Wholesale,Cash on Delivery,2,15714.08,12524.5,3189.58,False
PK-2023-00828,2023-05-04,C-0524,Sindh,Electronics,In-Store,JazzCash,2,24493.04,20309.78,4183.26,False
PK-2023-01851,2023-05-04,C-0354,Islamabad,Fashion,Mobile App,Easypaisa,3,42679.56,34555.17,8124.4,False
PK-2023-01742,2023-05-04,C-0027,Sindh,Electronics,Online,Easypaisa,3,29816.84,24762.29,5054.55,False
PK-2023-00243,2023-05-05,C-0324,Sindh,Fashion,Online,Card,4,72856.77,61655.72,11201.05,False
PK-2023-00074,2023-05-05,C-0338,Punjab,Beauty & Personal Care,Online,Cash on Delivery,2,16777.01,14437.01,2339.99,False
PK-2023-00556,2023-05-05,C-0369,KPK,Groceries,Online,Card,3,35762.25,29685.79,6076.46,False
PK-2023-00644,2023-05-05,C-0388,Punjab,Beauty & Personal Care,Online,Card,3,26723.04,22958.71,3764.32,False
PK-2023-00693,2023-05-06,C-0096,KPK,Beauty & Personal Care,In-Store,Cash on Delivery,2,24905.43,20716.97,4188.46,False
PK-2023-01441,2023-05-06,C-0486,Punjab,Electronics,In-Store,Cash on Delivery,2,35707.14,28725.71,6981.43,False
PK-2023-01814,2023-05-06,C-0542,KPK,Electronics,Online,Card,2,19784.0,16754.0,3030.0,False
PK-2023-01555,2023-05-06,C-0408,KPK,Fashion,In-Store,Easypaisa,1,9800.48,7363.15,2437.32,False
PK-2023-01605,2023-05-06,C-0670,Sindh,Sports,In-Store,JazzCash,3,46040.41,34845.52,11194.89,False
PK-2023-00283,2023-05-06,C-0256,Sindh,Fashion,Online,Cash on Delivery,2,26007.83,21013.42,4994.41,True
PK-2023-00255,2023-05-06,C-0265,Balochistan,Others,Wholesale,Card,4,47688.26,38144.39,9543.87,False
PK-2023-00427,2023-05-07,C-0454,Punjab,Electronics,Online,Card,4,26532.7,23358.51,3174.19,False
PK-2023-00654,2023-05-07,C-0479,Punjab,Groceries,Mobile App,Cash on Delivery,3,22860.67,19828.16,3032.51,False
PK-2023-01686,2023-05-07,C-0140,Punjab,Electronics,In-Store,Easypaisa,1,9646.69,7839.36,1807.33,False
PK-2023-01984,2023-05-08,C-0591,Punjab,Electronics,Wholesale,Easypaisa,1,10780.09,9382.88,1397.21,False
PK-2023-00771,2023-05-08,C-0366,Sindh,Electronics,Online,JazzCash,2,24060.12,20778.01,3282.11,False
PK-2023-00701,2023-05-08,C-0306,Islamabad,Groceries,Online,Card,3,61426.63,52137.65,9288.98,False
PK-2023-01547,2023-05-08,C-0072,Islamabad,Home & Living,Mobile App,Card,2,21218.98,17559.1,3659.88,False
PK-2023-00192,2023-05-08,C-0098,KPK,Home & Living,Online,JazzCash,4,48169.44,39215.45,8954.0,False
PK-2023-00416,2023-05-08,C-0627,KPK,Electronics,Online,Card,2,20343.29,16876.72,3466.57,False
PK-2023-01091,2023-05-08,C-0315,Sindh,Beauty & Personal Care,Online,Easypaisa,3,82876.36,67288.11,15588.26,True
PK-2023-01542,2023-05-08,C-0156,Sindh,Home & Living,Online,Cash on Delivery,1,13923.47,11551.08,2372.39,False
PK-2023-00893,2023-05-09,C-0019,Sindh,Home & Living,Online,Cash on Delivery,1,11560.24,8951.29,2608.94,False
PK-2023-01081,2023-05-09,C-0670,Punjab,Electronics,In-Store,Easypaisa,1,8171.79,6823.71,1348.08,False
PK-2023-00753,2023-05-09,C-0035,Punjab,Beauty & Personal Care,In-Store,Easypaisa,1,12421.18,10745.29,1675.89,False
PK-2023-00562,2023-05-09,C-0504,Punjab,Groceries,Online,Card,2,28744.09,25454.19,3289.91,False
PK-2023-00946,2023-05-10,C-0062,KPK,Fashion,In-Store,Easypaisa,2,12236.41,11080.07,1156.34,False
PK-2023-00953,2023-05-10,C-0419,Punjab,Electronics,Online,Card,3,21555.79,17759.79,3796.0,False
PK-2023-01639,2023-05-10,C-0759,Punjab,Beauty & Personal Care,Mobile App,Card,3,46371.03,39916.07,6454.96,False
PK-2023-00727,2023-05-10,C-0753,Balochistan,Beauty & Personal Care,Online,Easypaisa,2,30260.39,23840.33,6420.05,False
PK-2023-01939,2023-05-10,C-0461,KPK,Home & Living,Online,JazzCash,4,29972.86,24524.94,5447.92,False
PK-2023-01741,2023-05-10,C-0459,KPK,Electronics,Mobile App,Cash on Delivery,4,65866.22,57183.98,8682.24,False
PK-2023-01785,2023-05-10,C-0076,Punjab,Home & Living,Online,Cash on Delivery,3,19408.26,15720.31,3687.95,False
PK-2023-00952,2023-05-11,C-0434,KPK,Beauty & Personal Care,Wholesale,Cash on Delivery,1,19076.96,16150.88,2926.08,False
PK-2023-01050,2023-05-11,C-0454,Islamabad,Electronics,Online,Card,1,17230.21,13936.47,3293.74,False
PK-2023-01693,2023-05-11,C-0633,Sindh,Electronics,Online,JazzCash,3,33094.78,28004.3,5090.49,False
PK-2023-00254,2023-05-11,C-0713,Sindh,Home & Living,Online,Easypaisa,2,19060.91,15767.18,3293.73,True
PK-2023-01859,2023-05-12,C-0108,Sindh,Groceries,In-Store,Cash on Delivery,3,38701.97,30740.76,7961.22,False
PK-2023-00284,2023-05-12,C-0301,Punjab,Groceries,Online,Card,2,36251.31,31643.67,4607.64,False
PK-2023-00909,2023-05-13,C-0082,KPK,Sports,Wholesale,Cash on Delivery,3,36569.96,30227.79,6342.17,False
PK-2023-00926,2023-05-13,C-0410,Punjab,Home & Living,Online,Card,3,44755.58,35800.54,8955.04,False
PK-2023-00830,2023-05-13,C-0645,Islamabad,Groceries,In-Store,JazzCash,1,17245.05,14161.51,3083.53,False
PK-2023-00348,2023-05-13,C-0238,Balochistan,Beauty & Personal Care,In-Store,Easypaisa,3,34108.13,27591.86,6516.27,False
PK-2023-00971,2023-05-13,C-0497,Sindh,Home & Living,In-Store,JazzCash,3,48860.58,41670.54,7190.05,False
PK-2023-01611,2023-05-13,C-0088,Punjab,Groceries,In-Store,Cash on Delivery,1,6891.44,5942.42,949.02,False
PK-2023-01653,2023-05-14,C-0595,Sindh,Fashion,Mobile App,Card,1,5710.11,5022.12,687.99,False
PK-2023-01063,2023-05-14,C-0232,Punjab,Electronics,Online,JazzCash,2,18075.37,14230.7,3844.67,False
PK-2023-00781,2023-05-14,C-0074,Punjab,Electronics,Online,JazzCash,1,15433.8,12615.39,2818.41,False
PK-2023-00173,2023-05-14,C-0736,Islamabad,Home & Living,Online,Cash on Delivery,4,54482.26,42009.42,12472.84,False
PK-2023-01173,2023-05-15,C-0165,Balochistan,Groceries,In-Store,Easypaisa,2,29167.58,25218.02,3949.55,False
PK-2023-01987,2023-05-15,C-0682,Punjab,Electronics,Wholesale,Card,4,36587.77,29198.65,7389.12,False
PK-2023-01734,2023-05-15,C-0394,Balochistan,Home & Living,Online,Card,1,7138.54,6043.94,1094.6,False
PK-2023-01304,2023-05-15,C-0387,Punjab,Others,Online,JazzCash,4,41015.32,32913.81,8101.51,False
PK-2023-01094,2023-05-15,C-0217,Punjab,Others,In-Store,Card,3,33363.31,29837.79,3525.51,False
PK-2023-00902,2023-05-16,C-0161,Punjab,Sports,Mobile App,Card,4,70522.8,59342.11,11180.68,False
PK-2023-00751,2023-05-16,C-0751,Punjab,Electronics,Online,JazzCash,3,25218.88,22263.1,2955.77,False
PK-2023-01783,2023-05-16,C-0606,Sindh,Sports,Mobile App,Cash on Delivery,1,11006.79,9112.01,1894.78,False
PK-2023-01209,2023-05-16,C-0029,Punjab,Electronics,Online,Card,2,33198.74,26099.2,7099.55,False
PK-2023-00190,2023-05-17,C-0013,Sindh,Sports,Mobile App,Card,1,10155.96,8326.17,1829.79,False
PK-2023-01860,2023-05-17,C-0757,Punjab,Electronics,In-Store,Card,2,11868.89,9771.14,2097.75,False
PK-2023-01600,2023-05-18,C-0400,Sindh,Fashion,Mobile App,Easypaisa,2,28240.31,22426.62,5813.69,False
PK-2023-00941,2023-05-18,C-0257,Balochistan,Others,In-Store,Easypaisa,2,16930.42,13510.92,3419.5,False
PK-2023-01608,2023-05-18,C-0518,Sindh,Electronics,Online,JazzCash,1,13187.97,10598.35,2589.62,False
PK-2023-01246,2023-05-18,C-0712,KPK,Home & Living,Wholesale,Cash on Delivery,1,6178.35,5403.2,775.15,False
PK-2023-00309,2023-05-19,C-0560,Islamabad,Home & Living,Online,Easypaisa,1,11947.59,10553.3,1394.28,False
PK-2023-00103,2023-05-19,C-0720,Sindh,Beauty & Personal Care,In-Store,Easypaisa,2,16532.36,13618.99,2913.37,False
PK-2023-01651,2023-05-19,C-0278,Balochistan,Fashion,In-Store,Cash on Delivery,3,36603.79,28166.05,8437.74,False
PK-2023-01584,2023-05-19,C-0410,KPK,Groceries,In-Store,Card,4,39658.63,31600.11,8058.52,False
PK-2023-00146,2023-05-19,C-0170,Punjab,Sports,Mobile App,Card,1,17706.55,13415.14,4291.4,False
PK-2023-01119,2023-05-20,C-0319,Punjab,Electronics,Online,Card,4,28402.27,23017.97,5384.3,False
PK-2023-00372,2023-05-20,C-0511,Punjab,Fashion,Online,Cash on Delivery,4,62493.17,58177.01,4316.16,True
PK-2023-01877,2023-05-20,C-0076,Sindh,Electronics,Mobile App,Easypaisa,3,25344.89,20299.74,5045.14,False
PK-2023-01329,2023-05-20,C-0542,Sindh,Home & Living,Online,Card,4,103033.66,86978.08,16055.58,False
PK-2023-00108,2023-05-21,C-0232,KPK,Others,Online,JazzCash,3,59951.41,48546.59,11404.82,False
PK-2023-00445,2023-05-21,C-0654,Punjab,Home & Living,Online,Card,2,26115.55,21051.61,5063.94,True
PK-2023-01215,2023-05-21,C-0340,Sindh,Electronics,In-Store,Card,1,15201.06,12544.54,2656.52,False
PK-2023-01516,2023-05-21,C-0397,Islamabad,Groceries,Mobile App,Card,1,20452.75,17961.87,2490.88,False
PK-2023-01550,2023-05-21,C-0244,Sindh,Beauty & Personal Care,Online,Easypaisa,3,24079.46,20810.92,3268.54,False
PK-2023-01898,2023-05-22,C-0612,Balochistan,Fashion,Online,Card,2,16866.19,13693.41,3172.78,False
PK-2023-01530,2023-05-22,C-0393,Balochistan,Home & Living,Online,JazzCash,2,24219.7,20849.54,3370.16,False
PK-2023-00661,2023-05-22,C-0167,KPK,Beauty & Personal Care,Online,Easypaisa,2,30457.04,27157.34,3299.7,False
PK-2023-01652,2023-05-22,C-0046,Sindh,Electronics,Online,Cash on Delivery,4,85356.07,71345.69,14010.38,False
PK-2023-01053,2023-05-22,C-0613,Sindh,Groceries,Online,Easypaisa,1,6923.31,5470.37,1452.94,False
PK-2023-00820,2023-05-22,C-0118,Sindh,Sports,Wholesale,Cash on Delivery,3,35901.24,30229.28,5671.96,False
PK-2023-01606,2023-05-23,C-0765,Sindh,Electronics,Wholesale,Card,1,9449.33,7439.92,2009.41,False
PK-2023-00596,2023-05-24,C-0717,Islamabad,Sports,Online,Card,2,40935.74,32168.66,8767.08,False
PK-2023-00475,2023-05-24,C-0545,Sindh,Fashion,Online,Card,2,50808.06,41366.3,9441.76,False
PK-2023-00897,2023-05-24,C-0045,Punjab,Others,Wholesale,Card,2,27213.77,21747.2,5466.56,False
PK-2023-01000,2023-05-25,C-0156,Sindh,Electronics,In-Store,Cash on Delivery,1,13877.05,10942.61,2934.43,False
PK-2023-00157,2023-05-25,C-0110,Islamabad,Electronics,Online,Card,3,18953.71,15547.86,3405.85,True
PK-2023-00076,2023-05-25,C-0094,Sindh,Home & Living,Mobile App,Card,2,22166.62,17288.89,4877.73,False
PK-2023-00514,2023-05-25,C-0044,Punjab,Electronics,In-Store,JazzCash,4,42385.75,30784.09,11601.66,False
PK-2023-00691,2023-05-26,C-0142,Sindh,Sports,Online,JazzCash,1,11733.45,9982.55,1750.9,False
PK-2023-01353,2023-05-26,C-0653,KPK,Electronics,Wholesale,JazzCash,1,11920.74,9346.51,2574.23,False
PK-2023-00705,2023-05-26,C-0663,Punjab,Groceries,Online,Card,3,20241.97,17151.81,3090.16,False
PK-2023-00407,2023-05-26,C-0429,Islamabad,Home & Living,Wholesale,Card,3,25137.66,20541.25,4596.41,False
PK-2023-01055,2023-05-26,C-0368,Balochistan,Home & Living,Online,Card,1,8156.91,6949.92,1206.99,False
PK-2023-00267,2023-05-26,C-0026,Sindh,Groceries,Online,Card,1,26284.26,21643.26,4641.0,False
PK-2023-01710,2023-05-26,C-0655,Sindh,Groceries,Mobile App,Cash on Delivery,3,19452.5,15912.1,3540.4,False
PK-2023-01997,2023-05-26,C-0416,Sindh,Electronics,Online,Easypaisa,1,9963.63,8673.32,1290.31,False
PK-2023-01406,2023-05-27,C-0210,KPK,Beauty & Personal Care,Online,JazzCash,1,15602.81,12657.46,2945.35,False
PK-2023-00225,2023-05-27,C-0467,Punjab,Sports,Mobile App,Cash on Delivery,4,82624.99,72158.12,10466.87,False
PK-2023-01858,2023-05-27,C-0406,Sindh,Fashion,Online,Cash on Delivery,2,17393.41,14287.28,3106.12,False
PK-2023-01684,2023-05-27,C-0136,Sindh,Home & Living,In-Store,Easypaisa,1,12553.76,10620.47,1933.29,False
PK-2023-01647,2023-05-28,C-0660,Sindh,Fashion,Online,Cash on Delivery,4,32595.33,26967.26,5628.07,False
PK-2023-00615,2023-05-28,C-0249,Punjab,Electronics,Wholesale,Cash on Delivery,2,13525.79,11294.67,2231.12,False
PK-2023-00048,2023-05-28,C-0191,Punjab,Home & Living,Online,Card,2,19003.73,16087.29,2916.44,False
PK-2023-01798,2023-05-28,C-0404,Islamabad,Beauty & Personal Care,In-Store,Card,2,21889.76,19553.56,2336.2,False
PK-2023-01199,2023-05-28,C-0258,KPK,Electronics,In-Store,Cash on Delivery,1,14339.87,11185.97,3153.9,False
PK-2023-01093,2023-05-28,C-0245,Punjab,Beauty & Personal Care,In-Store,Cash on Delivery,4,39473.37,33915.59,5557.78,False
PK-2023-00330,2023-05-28,C-0348,Islamabad,Home & Living,Online,Card,2,20880.12,17275.75,3604.37,False
PK-2023-00171,2023-05-29,C-0092,Islamabad,Fashion,Wholesale,Card,3,36587.24,26588.06,9999.17,False
PK-2023-00557,2023-05-29,C-0522,KPK,Electronics,In-Store,Cash on Delivery,4,33524.48,26390.32,7134.16,False
PK-2023-01521,2023-05-29,C-0229,Sindh,Home & Living,Online,Easypaisa,4,43258.75,37275.28,5983.47,False
PK-2023-01796,2023-05-30,C-0455,Sindh,Groceries,In-Store,JazzCash,2,32174.42,29006.69,3167.73,False
PK-2023-00077,2023-05-30,C-0181,KPK,Others,Mobile App,Card,4,80761.22,68170.21,12591.01,False
PK-2023-00823,2023-05-30,C-0506,KPK,Electronics,Mobile App,Cash on Delivery,1,14567.76,12876.21,1691.55,False
PK-2023-00910,2023-05-30,C-0289,Punjab,Home & Living,Online,JazzCash,1,20475.01,16587.66,3887.35,False
PK-2023-00398,2023-05-30,C-0570,KPK,Electronics,Online,Easypaisa,2,18019.1,14399.11,3619.99,False
PK-2023-00319,2023-05-31,C-0276,Balochistan,Home & Living,Mobile App,Cash on Delivery,2,21776.34,18431.99,3344.35,False
PK-2023-00669,2023-05-31,C-0477,Balochistan,Home & Living,Online,Easypaisa,1,9242.47,7755.88,1486.58,False
PK-2023-00931,2023-05-31,C-0586,KPK,Home & Living,Online,Cash on Delivery,3,54653.91,42433.68,12220.23,False
PK-2023-01589,2023-05-31,C-0428,Sindh,Beauty & Personal Care,Mobile App,Card,3,53507.71,45406.1,8101.61,False
PK-2023-00658,2023-06-01,C-0454,Punjab,Home & Living,Wholesale,Card,4,35482.65,28152.87,7329.79,False
PK-2023-00700,2023-06-01,C-0302,KPK,Beauty & Personal Care,Mobile App,Cash on Delivery,1,8264.63,6913.07,1351.56,False
PK-2023-01922,2023-06-01,C-0522,Punjab,Beauty & Personal Care,Online,JazzCash,1,10495.4,8333.26,2162.14,False
PK-2023-00401,2023-06-02,C-0767,KPK,Home & Living,Online,Card,2,18463.8,13161.79,5302.01,False
PK-2023-01388,2023-06-02,C-0464,Punjab,Sports,Online,Card,1,10489.29,8142.02,2347.28,False
PK-2023-00464,2023-06-02,C-0403,Islamabad,Home & Living,Online,Card,1,17882.2,15350.91,2531.28,True
PK-2023-00095,2023-06-02,C-0559,Punjab,Sports,Wholesale,Card,1,14617.85,11833.1,2784.75,False
PK-2023-01715,2023-06-02,C-0320,Punjab,Beauty & Personal Care,Online,JazzCash,1,16112.52,13160.19,2952.33,False
PK-2023-00221,2023-06-02,C-0629,Punjab,Fashion,Online,Card,3,55031.36,45868.82,9162.54,True
PK-2023-00738,2023-06-02,C-0085,Punjab,Home & Living,Mobile App,Card,2,17944.46,14930.68,3013.78,False
PK-2023-01026,2023-06-02,C-0067,Sindh,Electronics,Mobile App,Cash on Delivery,3,39468.76,32225.63,7243.13,False
PK-2023-01553,2023-06-03,C-0038,Punjab,Fashion,Online,JazzCash,3,55774.46,47226.08,8548.38,False
PK-2023-00068,2023-06-03,C-0425,KPK,Others,Online,Cash on Delivery,2,35141.95,29578.0,5563.95,False
PK-2023-01354,2023-06-03,C-0721,KPK,Fashion,Mobile App,Cash on Delivery,4,35518.88,30047.08,5471.8,False
PK-2023-00919,2023-06-03,C-0485,Islamabad,Electronics,Online,Card,3,32834.62,27536.26,5298.36,False
PK-2023-01871,2023-06-03,C-0135,Sindh,Fashion,Online,Easypaisa,2,23755.53,20698.76,3056.78,False
PK-2023-00476,2023-06-03,C-0174,KPK,Electronics,Online,Cash on Delivery,3,19443.49,16485.3,2958.19,False
PK-2023-00113,2023-06-04,C-0098,KPK,Electronics,Online,Card,1,6746.56,5335.26,1411.3,False
PK-2023-01792,2023-06-04,C-0161,KPK,Fashion,Mobile App,Card,1,13748.96,11811.6,1937.36,False
PK-2023-01671,2023-06-04,C-0415,Sindh,Fashion,Wholesale,Easypaisa,2,25330.54,20420.04,4910.51,False
PK-2023-00593,2023-06-04,C-0475,KPK,Groceries,Online,Easypaisa,4,55624.42,47568.57,8055.85,False
PK-2023-00200,2023-06-05,C-0241,Punjab,Groceries,Wholesale,JazzCash,4,32873.01,25788.49,7084.52,False
PK-2023-00263,2023-06-05,C-0689,Punjab,Fashion,Online,Cash on Delivery,4,29884.65,24645.0,5239.65,False
PK-2023-01531,2023-06-05,C-0637,Punjab,Electronics,Online,JazzCash,3,32797.38,26439.33,6358.05,False
PK-2023-01971,2023-06-06,C-0262,Punjab,Others,Mobile App,Cash on Delivery,4,58532.77,48431.85,10100.92,False
PK-2023-00530,2023-06-06,C-0529,Sindh,Groceries,Online,Card,3,16283.85,14689.17,1594.68,False
PK-2023-01404,2023-06-06,C-0768,Punjab,Sports,Mobile App,Easypaisa,3,42730.85,36195.05,6535.81,False
PK-2023-00044,2023-06-06,C-0503,Islamabad,Sports,Wholesale,Card,2,52145.79,41920.08,10225.7,False
PK-2023-00731,2023-06-06,C-0052,Punjab,Electronics,In-Store,Cash on Delivery,4,35286.42,28882.03,6404.39,False
PK-2023-00517,2023-06-07,C-0139,Sindh,Electronics,In-Store,JazzCash,3,32293.02,26024.96,6268.06,False
PK-2023-00507,2023-06-07,C-0646,Sindh,Sports,Wholesale,Cash on Delivery,3,38118.07,30887.49,7230.57,False
PK-2023-01217,2023-06-07,C-0410,Punjab,Fashion,In-Store,Card,3,52259.33,40133.23,12126.1,False
PK-2023-01549,2023-06-07,C-0233,KPK,Electronics,Online,Card,1,10944.87,8812.11,2132.76,False
PK-2023-00374,2023-06-07,C-0712,Punjab,Electronics,In-Store,Easypaisa,2,19529.59,16789.18,2740.41,False
PK-2023-01582,2023-06-07,C-0108,Punjab,Beauty & Personal Care,In-Store,Easypaisa,4,37908.42,29808.04,8100.38,False
PK-2023-00802,2023-06-08,C-0638,Punjab,Home & Living,Mobile App,Card,3,25028.96,21404.39,3624.57,False
PK-2023-00277,2023-06-08,C-0347,Sindh,Home & Living,Online,Easypaisa,2,31748.91,25422.54,6326.37,False
PK-2023-00484,2023-06-08,C-0746,Punjab,Fashion,In-Store,Card,4,48010.34,38365.51,9644.83,False
PK-2023-00169,2023-06-08,C-0695,Sindh,Fashion,Online,Cash on Delivery,4,40836.94,33581.11,7255.83,False
PK-2023-00494,2023-06-08,C-0236,Punjab,Sports,Online,Easypaisa,1,6548.25,5137.52,1410.73,False
PK-2023-01895,2023-06-08,C-0108,Punjab,Sports,Online,JazzCash,4,40903.64,35351.81,5551.83,True
PK-2023-00184,2023-06-08,C-0583,Sindh,Electronics,Mobile App,Card,1,7371.29,6423.54,947.75,False
PK-2023-00793,2023-06-08,C-0432,Punjab,Groceries,In-Store,Easypaisa,3,47714.01,36313.75,11400.26,False
PK-2023-00788,2023-06-09,C-0694,KPK,Home & Living,In-Store,Card,3,57505.85,46261.23,11244.62,False
PK-2023-01242,2023-06-09,C-0613,Punjab,Home & Living,Online,Easypaisa,4,54737.09,46265.25,8471.84,True
PK-2023-00878,2023-06-09,C-0006,KPK,Fashion,Online,Cash on Delivery,4,60166.11,48627.83,11538.28,False
PK-2023-01294,2023-06-09,C-0741,KPK,Home & Living,Online,Easypaisa,3,35320.5,27372.62,7947.88,False
PK-2023-01136,2023-06-09,C-0422,Sindh,Beauty & Personal Care,Mobile App,Cash on Delivery,2,33761.39,30509.47,3251.93,False
PK-2023-01464,2023-06-09,C-0505,KPK,Fashion,Wholesale,Card,3,45393.38,37729.78,7663.59,False
PK-2023-01065,2023-06-09,C-0396,Islamabad,Fashion,Online,Card,4,63812.51,50719.29,13093.22,False
PK-2023-01008,2023-06-09,C-0746,KPK,Electronics,Online,Cash on Delivery,3,34069.27,27865.1,6204.17,False
PK-2023-00975,2023-06-10,C-0769,Sindh,Home & Living,Mobile App,JazzCash,4,62387.27,49651.26,12736.01,False
PK-2023-00702,2023-06-10,C-0387,Sindh,Home & Living,Mobile App,JazzCash,4,44495.88,37018.4,7477.47,False
PK-2023-01276,2023-06-10,C-0078,KPK,Beauty & Personal Care,In-Store,Easypaisa,2,32410.95,27816.61,4594.34,False
PK-2023-01146,2023-06-10,C-0521,Balochistan,Groceries,In-Store,Cash on Delivery,4,49206.36,37273.92,11932.44,False
PK-2023-00752,2023-06-10,C-0718,Sindh,Groceries,Online,Card,3,30786.43,26298.48,4487.96,False
PK-2023-01878,2023-06-10,C-0678,Punjab,Others,In-Store,Card,2,20473.88,16039.37,4434.51,False
PK-2023-01076,2023-06-10,C-0616,Punjab,Sports,Online,Card,4,51816.31,42063.37,9752.95,False
PK-2023-00694,2023-06-11,C-0493,Balochistan,Others,In-Store,Card,3,35982.5,28466.27,7516.23,False
PK-2023-00033,2023-06-11,C-0488,Sindh,Fashion,Online,Cash on Delivery,3,29576.96,24208.37,5368.59,False
PK-2023-01263,2023-06-11,C-0339,Punjab,Electronics,Mobile App,Card,2,14122.29,12856.04,1266.25,False
PK-2023-01847,2023-06-12,C-0145,Islamabad,Groceries,Mobile App,Cash on Delivery,1,10686.28,8416.05,2270.23,False
PK-2023-00316,2023-06-12,C-0704,Sindh,Fashion,Mobile App,Cash on Delivery,1,12363.35,10479.82,1883.53,False
PK-2023-00323,2023-06-12,C-0607,Sindh,Fashion,In-Store,Card,3,38032.76,30032.14,8000.61,False
PK-2023-01046,2023-06-12,C-0637,Islamabad,Others,Wholesale,Cash on Delivery,4,37233.68,30346.65,6887.02,False
PK-2023-01325,2023-06-13,C-0246,Punjab,Home & Living,In-Store,Easypaisa,4,31607.28,26196.14,5411.14,False
PK-2023-00757,2023-06-13,C-0617,Sindh,Beauty & Personal Care,In-Store,Card,2,37349.42,31290.19,6059.24,False
PK-2023-01288,2023-06-13,C-0048,Sindh,Fashion,Online,Card,2,37755.63,31164.94,6590.69,False
PK-2023-00127,2023-06-13,C-0558,Sindh,Fashion,Online,Easypaisa,3,40125.13,32678.33,7446.8,False
PK-2023-01787,2023-06-13,C-0309,Balochistan,Others,In-Store,Card,1,18119.75,15839.68,2280.07,False
PK-2023-01886,2023-06-13,C-0108,Punjab,Electronics,Online,Easypaisa,1,5454.98,4356.43,1098.55,False
PK-2023-01885,2023-06-14,C-0120,Sindh,Others,Online,Card,2,23350.94,18743.13,4607.81,False
PK-2023-00147,2023-06-14,C-0666,Punjab,Electronics,In-Store,Card,2,12021.86,9707.82,2314.04,False
PK-2023-01761,2023-06-14,C-0022,Punjab,Others,Online,JazzCash,1,8724.34,6918.68,1805.66,False
PK-2023-00369,2023-06-14,C-0348,Punjab,Fashion,Mobile App,Easypaisa,3,24498.48,21958.65,2539.83,False
PK-2023-00747,2023-06-14,C-0642,Sindh,Electronics,Mobile App,Card,4,43052.74,35400.81,7651.93,False
PK-2023-01080,2023-06-15,C-0181,KPK,Electronics,Wholesale,Cash on Delivery,2,14411.58,11643.87,2767.71,False
PK-2023-00515,2023-06-15,C-0647,Punjab,Electronics,Online,JazzCash,3,26485.21,20532.61,5952.6,False
PK-2023-01998,2023-06-15,C-0094,Balochistan,Fashion,Online,JazzCash,4,77276.37,63070.52,14205.84,False
PK-2023-01102,2023-06-15,C-0689,Punjab,Electronics,Online,JazzCash,3,36781.7,29532.54,7249.16,False
PK-2023-00571,2023-06-16,C-0047,Punjab,Electronics,In-Store,Card,3,28643.5,22837.53,5805.96,False
PK-2023-00588,2023-06-16,C-0490,Islamabad,Electronics,Wholesale,Cash on Delivery,1,13042.73,11098.09,1944.64,False
PK-2023-01717,2023-06-16,C-0637,Balochistan,Groceries,Mobile App,Card,4,49070.65,39345.68,9724.97,False
PK-2023-00950,2023-06-17,C-0182,KPK,Beauty & Personal Care,In-Store,Card,2,35847.97,29666.83,6181.14,False
PK-2023-00987,2023-06-17,C-0241,Sindh,Electronics,Mobile App,JazzCash,1,7428.07,6220.23,1207.84,False
PK-2023-00891,2023-06-17,C-0419,Punjab,Electronics,Mobile App,Card,4,40679.04,33604.67,7074.38,False
PK-2023-00580,2023-06-17,C-0433,Punjab,Sports,Wholesale,Cash on Delivery,1,19396.32,15073.8,4322.51,False
PK-2023-01993,2023-06-17,C-0537,Islamabad,Electronics,Online,Cash on Delivery,1,23585.94,21365.67,2220.27,False
PK-2023-01037,2023-06-18,C-0315,Balochistan,Home & Living,Online,Card,4,25821.21,22277.1,3544.12,False
PK-2023-00665,2023-06-18,C-0278,Sindh,Home & Living,Online,Easypaisa,4,73458.16,63278.03,10180.14,False
PK-2023-01370,2023-06-18,C-0365,Punjab,Fashion,Wholesale,Card,1,14254.73,12057.47,2197.25,False
PK-2023-00686,2023-06-18,C-0223,Punjab,Groceries,Online,Cash on Delivery,3,33713.34,27325.99,6387.36,False
PK-2023-01015,2023-06-18,C-0227,Punjab,Electronics,Online,Easypaisa,3,37654.82,31161.23,6493.59,False
PK-2023-00989,2023-06-18,C-0213,Islamabad,Electronics,Online,Card,4,31215.37,25620.78,5594.6,False
PK-2023-00134,2023-06-19,C-0008,Sindh,Sports,Online,Card,1,14441.28,11326.26,3115.02,False
PK-2023-01295,2023-06-19,C-0710,KPK,Home & Living,Mobile App,JazzCash,1,8939.71,7174.67,1765.04,False
PK-2023-00796,2023-06-19,C-0739,Punjab,Home & Living,Mobile App,Easypaisa,4,44630.73,37545.45,7085.28,False
PK-2023-01587,2023-06-19,C-0377,Sindh,Fashion,Online,Card,3,36074.03,30737.19,5336.84,False
PK-2023-00618,2023-06-19,C-0731,Sindh,Beauty & Personal Care,In-Store,Easypaisa,2,14676.37,11472.0,3204.36,False
PK-2023-01779,2023-06-19,C-0143,KPK,Groceries,Online,Card,3,24820.47,20546.45,4274.02,False
PK-2023-01499,2023-06-20,C-0234,Punjab,Fashion,Mobile App,Card,4,36588.95,29498.83,7090.12,False
PK-2023-01455,2023-06-20,C-0515,Islamabad,Others,Wholesale,Cash on Delivery,3,70412.81,57091.29,13321.53,False
PK-2023-01727,2023-06-20,C-0577,KPK,Others,Online,Card,2,25667.49,20819.52,4847.96,False
PK-2023-01755,2023-06-20,C-0125,Punjab,Home & Living,Online,Card,1,10206.12,8957.45,1248.67,False
PK-2023-00656,2023-06-20,C-0482,Balochistan,Sports,Online,JazzCash,3,42851.53,36414.05,6437.48,False
PK-2023-01703,2023-06-21,C-0427,Punjab,Home & Living,Mobile App,Cash on Delivery,1,7092.65,5930.92,1161.73,False
PK-2023-01927,2023-06-21,C-0240,Balochistan,Home & Living,Online,Easypaisa,2,25312.75,19930.63,5382.12,False
PK-2023-01141,2023-06-22,C-0220,Sindh,Fashion,Online,Card,2,12524.11,10556.39,1967.72,False
PK-2023-00022,2023-06-22,C-0345,Punjab,Electronics,In-Store,Easypaisa,4,85510.91,68353.23,17157.68,False
PK-2023-01245,2023-06-23,C-0232,Sindh,Electronics,Online,Easypaisa,1,8791.76,6557.37,2234.4,False
PK-2023-01924,2023-06-24,C-0473,Punjab,Sports,Mobile App,Card,2,27414.98,24669.67,2745.31,False
PK-2023-01281,2023-06-24,C-0491,Islamabad,Groceries,In-Store,Card,1,20211.69,16065.32,4146.36,False
PK-2023-01527,2023-06-24,C-0549,Punjab,Electronics,In-Store,Easypaisa,1,17031.98,13923.64,3108.34,False
PK-2023-00097,2023-06-25,C-0092,Sindh,Electronics,Online,JazzCash,2,21727.16,17381.84,4345.32,False
PK-2023-01425,2023-06-25,C-0649,Islamabad,Electronics,In-Store,Easypaisa,2,30827.42,24392.41,6435.01,False
PK-2023-00499,2023-06-25,C-0643,Balochistan,Beauty & Personal Care,Online,Easypaisa,1,15854.96,13777.03,2077.94,False
PK-2023-01543,2023-06-25,C-0218,Sindh,Sports,Mobile App,Easypaisa,2,22970.01,18959.16,4010.85,False
PK-2023-00786,2023-06-25,C-0765,Balochistan,Groceries,Mobile App,Easypaisa,2,29234.29,24147.15,5087.14,False
PK-2023-01243,2023-06-25,C-0311,Punjab,Sports,In-Store,JazzCash,1,14840.17,12405.35,2434.82,True
PK-2023-00526,2023-06-26,C-0193,Sindh,Electronics,Wholesale,Easypaisa,4,48504.77,39497.69,9007.08,False
PK-2023-00680,2023-06-26,C-0336,Balochistan,Fashion,Online,Card,3,16491.25,12972.88,3518.36,False
PK-2023-00373,2023-06-26,C-0470,Sindh,Fashion,Wholesale,Card,4,66949.42,52675.1,14274.32,False
PK-2023-01178,2023-06-27,C-0078,Punjab,Fashion,Wholesale,Card,2,18838.67,15844.56,2994.11,False
PK-2023-00315,2023-06-27,C-0181,Punjab,Fashion,In-Store,Card,3,22875.36,19200.91,3674.45,False
PK-2023-00314,2023-06-27,C-0328,Balochistan,Electronics,Online,JazzCash,4,44564.08,36519.39,8044.69,True
PK-2023-00569,2023-06-27,C-0336,Sindh,Groceries,Mobile App,Card,3,43279.57,33593.51,9686.06,False
PK-2023-01028,2023-06-27,C-0137,Punjab,Beauty & Personal Care,Online,Card,4,50468.41,44028.6,6439.81,False
PK-2023-01974,2023-06-28,C-0446,Islamabad,Electronics,Online,Card,2,17460.19,14293.85,3166.34,False
PK-2023-01348,2023-06-28,C-0584,KPK,Home & Living,Online,Cash on Delivery,1,10968.54,9206.14,1762.4,False
PK-2023-01554,2023-06-28,C-0753,Punjab,Home & Living,Online,JazzCash,2,13309.68,10236.32,3073.36,False
PK-2023-01503,2023-06-28,C-0253,Punjab,Electronics,Online,JazzCash,2,31704.21,27292.61,4411.6,True
PK-2023-00034,2023-06-28,C-0395,Sindh,Fashion,Online,Cash on Delivery,4,42025.23,35452.42,6572.81,False
PK-2023-00011,2023-06-28,C-0117,Punjab,Electronics,In-Store,Easypaisa,1,14302.68,11725.16,2577.52,False
PK-2023-00166,2023-06-28,C-0254,Punjab,Electronics,Mobile App,Cash on Delivery,1,5918.29,5176.97,741.32,True
PK-2023-00187,2023-06-29,C-0462,Punjab,Beauty & Personal Care,In-Store,Card,4,50743.42,43687.6,7055.82,False
PK-2023-00288,2023-06-29,C-0474,Punjab,Beauty & Personal Care,Wholesale,Easypaisa,2,20702.07,17084.75,3617.32,False
PK-2023-00522,2023-06-29,C-0762,Sindh,Home & Living,Online,Cash on Delivery,2,17170.26,14361.45,2808.81,False
PK-2023-01627,2023-06-29,C-0104,KPK,Sports,Wholesale,JazzCash,1,6715.2,5417.72,1297.48,False
PK-2023-01327,2023-06-29,C-0384,Sindh,Fashion,Wholesale,Card,2,28888.45,21921.13,6967.32,False
PK-2023-00932,2023-06-29,C-0118,Sindh,Electronics,In-Store,JazzCash,3,25169.47,20252.97,4916.5,False
PK-2023-00634,2023-06-29,C-0287,Punjab,Groceries,Mobile App,JazzCash,4,63241.01,48782.55,14458.47,False
PK-2023-00385,2023-06-30,C-0038,Balochistan,Electronics,Online,Card,1,24587.35,18855.72,5731.63,False
PK-2023-01340,2023-06-30,C-0004,Punjab,Home & Living,Wholesale,Easypaisa,4,71465.36,58777.31,12688.05,False
PK-2023-00249,2023-06-30,C-0120,Punjab,Fashion,Mobile App,JazzCash,4,28623.31,23317.98,5305.33,False
PK-2023-01460,2023-07-01,C-0447,Punjab,Beauty & Personal Care,Mobile App,Card,2,31486.5,24938.18,6548.32,False
PK-2023-01982,2023-07-01,C-0104,Sindh,Fashion,In-Store,JazzCash,4,54711.61,44410.02,10301.59,False
PK-2023-00886,2023-07-01,C-0479,Balochistan,Electronics,Wholesale,Easypaisa,2,16987.42,13880.75,3106.67,False
PK-2023-01362,2023-07-01,C-0347,Punjab,Fashion,In-Store,Cash on Delivery,1,14829.11,11759.59,3069.53,False
PK-2023-00874,2023-07-01,C-0110,Sindh,Electronics,Online,Easypaisa,2,19069.46,16994.91,2074.54,False
PK-2023-00859,2023-07-01,C-0361,Punjab,Groceries,Online,JazzCash,3,22631.96,17406.51,5225.45,False
PK-2023-01614,2023-07-01,C-0159,KPK,Sports,Online,Card,1,7521.04,6318.85,1202.19,False
PK-2023-01296,2023-07-01,C-0552,Sindh,Others,Wholesale,Easypaisa,1,6685.86,5420.13,1265.72,False
PK-2023-00317,2023-07-02,C-0653,Islamabad,Electronics,Mobile App,Cash on Delivery,4,66187.68,55642.97,10544.7,False
PK-2023-01272,2023-07-02,C-0154,Balochistan,Home & Living,Wholesale,Card,2,15484.75,12056.66,3428.08,False
PK-2023-00094,2023-07-02,C-0251,Punjab,Electronics,Mobile App,Cash on Delivery,3,57091.09,44912.55,12178.54,False
PK-2023-00379,2023-07-03,C-0760,Balochistan,Electronics,Online,Cash on Delivery,2,31638.22,25969.13,5669.09,False
PK-2023-00734,2023-07-03,C-0080,Punjab,Fashion,In-Store,Card,1,12928.68,10226.95,2701.73,False
PK-2023-01712,2023-07-03,C-0695,Sindh,Groceries,In-Store,Easypaisa,1,11507.62,9446.22,2061.41,False
PK-2023-00307,2023-07-04,C-0610,Sindh,Home & Living,In-Store,JazzCash,3,30640.01,25329.34,5310.66,False
PK-2023-01214,2023-07-04,C-0026,Islamabad,Home & Living,Mobile App,JazzCash,1,12353.44,9515.01,2838.43,False
PK-2023-01424,2023-07-04,C-0403,Punjab,Fashion,Mobile App,Cash on Delivery,1,11650.94,9588.6,2062.34,False
PK-2023-00047,2023-07-04,C-0200,Punjab,Fashion,Online,Card,1,10996.17,8808.56,2187.62,False
PK-2023-01300,2023-07-05,C-0591,Punjab,Electronics,Mobile App,Cash on Delivery,3,23232.87,17718.86,5514.01,True
PK-2023-01108,2023-07-05,C-0347,Punjab,Groceries,Mobile App,Easypaisa,3,35686.72,29309.35,6377.37,False
PK-2023-00533,2023-07-05,C-0471,KPK,Groceries,In-Store,Easypaisa,3,22260.41,18397.1,3863.32,False
PK-2023-01426,2023-07-06,C-0521,KPK,Home & Living,Online,Card,4,37772.52,30295.48,7477.04,False
PK-2023-01287,2023-07-06,C-0070,KPK,Groceries,In-Store,Cash on Delivery,1,23023.12,19987.45,3035.67,False
PK-2023-01192,2023-07-06,C-0091,KPK,Electronics,Online,JazzCash,4,70038.19,61081.27,8956.91,False
PK-2023-01546,2023-07-06,C-0449,Punjab,Home & Living,Online,Easypaisa,3,26917.15,20766.01,6151.14,False
PK-2023-01006,2023-07-06,C-0640,Sindh,Beauty & Personal Care,Online,Cash on Delivery,1,12265.2,10377.18,1888.02,False
PK-2023-01311,2023-07-06,C-0090,Sindh,Sports,Online,JazzCash,2,18647.18,15259.11,3388.08,False
PK-2023-00547,2023-07-06,C-0295,Islamabad,Others,Online,Cash on Delivery,3,48202.56,37816.14,10386.42,False
PK-2023-00676,2023-07-06,C-0152,Punjab,Home & Living,Online,Cash on Delivery,1,21374.63,16666.91,4707.72,False
PK-2023-01625,2023-07-07,C-0438,Punjab,Groceries,Online,Cash on Delivery,2,23601.6,18391.38,5210.22,False
PK-2023-01690,2023-07-07,C-0248,Balochistan,Fashion,Online,JazzCash,4,56434.52,45206.91,11227.61,False
PK-2023-00276,2023-07-07,C-0636,Punjab,Electronics,In-Store,Card,1,15101.46,12581.66,2519.81,False
PK-2023-00739,2023-07-07,C-0286,Punjab,Groceries,In-Store,Cash on Delivery,2,26054.77,20890.94,5163.82,False
PK-2023-00887,2023-07-07,C-0716,Punjab,Electronics,Online,JazzCash,2,25801.39,21169.81,4631.58,False
PK-2023-00847,2023-07-07,C-0342,Punjab,Electronics,Online,JazzCash,3,25063.7,20412.26,4651.44,False
PK-2023-00877,2023-07-07,C-0383,Punjab,Electronics,Online,Card,2,16756.07,13778.47,2977.61,True
PK-2023-01171,2023-07-07,C-0745,KPK,Others,Mobile App,JazzCash,3,36721.97,29302.61,7419.36,False
PK-2023-01273,2023-07-08,C-0418,Balochistan,Groceries,Online,Card,3,15918.87,13698.21,2220.66,False
PK-2023-00833,2023-07-08,C-0006,KPK,Home & Living,Online,Card,3,34356.06,26544.76,7811.3,False
PK-2023-01187,2023-07-08,C-0495,Punjab,Groceries,Online,Card,2,23623.57,19224.83,4398.74,False
PK-2023-01730,2023-07-08,C-0230,Punjab,Groceries,Online,JazzCash,1,18036.01,15221.95,2814.06,False
PK-2023-00660,2023-07-08,C-0020,Punjab,Electronics,Online,Card,2,16097.98,12861.02,3236.96,False
PK-2023-01400,2023-07-08,C-0123,Punjab,Groceries,In-Store,JazzCash,1,12089.54,9359.19,2730.35,False
PK-2023-00584,2023-07-08,C-0398,Islamabad,Electronics,Online,Card,4,60150.55,51536.37,8614.18,False
PK-2023-00220,2023-07-08,C-0345,KPK,Fashion,Online,Easypaisa,3,17459.19,14488.33,2970.87,False
PK-2023-01659,2023-07-09,C-0145,Punjab,Beauty & Personal Care,Online,Cash on Delivery,3,49204.11,40680.5,8523.62,False
PK-2023-01067,2023-07-09,C-0625,Sindh,Fashion,In-Store,Cash on Delivery,4,23541.96,20090.7,3451.26,False
PK-2023-00651,2023-07-09,C-0441,Balochistan,Others,Mobile App,Easypaisa,4,43966.04,36728.71,7237.33,False
PK-2023-01262,2023-07-09,C-0540,Sindh,Groceries,In-Store,Cash on Delivery,3,35306.99,29044.35,6262.64,False
PK-2023-01070,2023-07-09,C-0345,Sindh,Fashion,In-Store,Card,3,34595.68,28577.47,6018.21,False
PK-2023-00978,2023-07-09,C-0115,Punjab,Groceries,Online,Cash on Delivery,4,19865.84,16707.9,3157.93,False
PK-2023-01594,2023-07-10,C-0027,Punjab,Electronics,In-Store,Easypaisa,2,42977.26,34397.21,8580.06,False
PK-2023-01030,2023-07-10,C-0285,Punjab,Fashion,In-Store,Cash on Delivery,2,13960.17,11640.25,2319.92,False
PK-2023-01656,2023-07-10,C-0033,Punjab,Electronics,In-Store,Card,4,57182.25,44256.31,12925.94,False
PK-2023-01583,2023-07-10,C-0711,Punjab,Fashion,Online,Card,1,6399.12,5359.74,1039.38,False
PK-2023-00471,2023-07-10,C-0006,Islamabad,Fashion,Online,Cash on Delivery,1,16390.16,13130.45,3259.72,False
PK-2023-01637,2023-07-10,C-0009,Punjab,Beauty & Personal Care,Mobile App,Card,1,9382.39,7334.53,2047.86,False
PK-2023-00933,2023-07-11,C-0142,KPK,Home & Living,Mobile App,Easypaisa,1,5238.95,4172.81,1066.14,False
PK-2023-00082,2023-07-11,C-0641,Punjab,Electronics,Online,JazzCash,1,18745.68,14487.6,4258.08,False
PK-2023-01373,2023-07-11,C-0032,Punjab,Beauty & Personal Care,Mobile App,JazzCash,2,24252.86,19363.6,4889.26,False
PK-2023-00072,2023-07-12,C-0587,KPK,Fashion,Online,Easypaisa,4,50397.2,41513.45,8883.75,False
PK-2023-00481,2023-07-12,C-0042,Sindh,Home & Living,In-Store,JazzCash,4,43754.16,36861.0,6893.16,False
PK-2023-00670,2023-07-12,C-0043,Punjab,Home & Living,In-Store,Card,1,19436.36,15289.52,4146.84,False
PK-2023-01883,2023-07-12,C-0402,KPK,Groceries,Online,Cash on Delivery,1,7958.16,6605.41,1352.75,False
PK-2023-00844,2023-07-12,C-0435,Sindh,Electronics,Online,JazzCash,4,46079.56,38018.16,8061.4,False
PK-2023-01809,2023-07-12,C-0002,Punjab,Sports,Wholesale,Cash on Delivery,2,28711.66,23291.59,5420.07,False
PK-2023-01282,2023-07-12,C-0124,Punjab,Electronics,Online,Card,2,23257.86,17288.76,5969.09,False
PK-2023-01038,2023-07-12,C-0487,Punjab,Electronics,In-Store,Card,3,31120.26,24933.26,6186.99,False
PK-2023-00881,2023-07-12,C-0757,Punjab,Electronics,Online,Easypaisa,3,22123.85,17934.4,4189.45,False
PK-2023-01571,2023-07-12,C-0683,Punjab,Beauty & Personal Care,Mobile App,Easypaisa,1,6249.96,5158.09,1091.87,False
PK-2023-01630,2023-07-13,C-0058,Punjab,Electronics,In-Store,JazzCash,4,82831.97,68345.55,14486.42,False
PK-2023-01096,2023-07-13,C-0352,Sindh,Electronics,Online,Card,3,19667.82,16853.1,2814.72,True
PK-2023-00480,2023-07-13,C-0541,Islamabad,Sports,Online,Easypaisa,2,31166.39,26378.99,4787.4,False
PK-2023-01708,2023-07-13,C-0556,Balochistan,Groceries,Online,Cash on Delivery,3,33147.47,26727.39,6420.08,False
PK-2023-01849,2023-07-13,C-0708,Punjab,Electronics,Online,Card,3,45072.06,33819.72,11252.34,False
PK-2023-01636,2023-07-13,C-0215,KPK,Electronics,Online,Easypaisa,4,31259.09,25782.95,5476.14,False
PK-2023-00248,2023-07-13,C-0684,Punjab,Groceries,Wholesale,Easypaisa,1,19977.43,15489.72,4487.71,False
PK-2023-00626,2023-07-13,C-0574,Sindh,Fashion,Wholesale,Easypaisa,1,7486.06,6392.26,1093.8,False
PK-2023-01943,2023-07-14,C-0195,Punjab,Electronics,In-Store,Cash on Delivery,4,41393.96,31734.1,9659.86,False
PK-2023-00792,2023-07-14,C-0131,Punjab,Electronics,Online,Card,3,22509.85,18778.19,3731.67,True
PK-2023-00944,2023-07-14,C-0697,Islamabad,Electronics,Mobile App,JazzCash,4,55809.92,45540.68,10269.24,False
PK-2023-00124,2023-07-15,C-0133,Punjab,Electronics,Online,JazzCash,1,13323.19,11174.84,2148.35,False
PK-2023-01145,2023-07-15,C-0202,Punjab,Beauty & Personal Care,In-Store,Cash on Delivery,4,54060.38,42401.99,11658.39,False
PK-2023-01962,2023-07-15,C-0214,Punjab,Electronics,Online,Easypaisa,3,16936.41,14285.91,2650.5,True
PK-2023-00312,2023-07-15,C-0706,KPK,Electronics,In-Store,Easypaisa,4,52119.61,42406.75,9712.86,False
PK-2023-00286,2023-07-15,C-0213,Punjab,Electronics,Mobile App,Card,2,18503.69,13153.22,5350.47,False
PK-2023-00740,2023-07-15,C-0430,Sindh,Home & Living,Online,Easypaisa,1,7026.09,5780.22,1245.87,False
PK-2023-01349,2023-07-15,C-0719,KPK,Beauty & Personal Care,Online,Card,2,26941.68,21861.26,5080.41,False
PK-2023-00687,2023-07-16,C-0717,Punjab,Electronics,Wholesale,JazzCash,4,27304.23,22740.98,4563.25,False
PK-2023-01210,2023-07-16,C-0225,Punjab,Electronics,Mobile App,Easypaisa,3,30340.33,23358.85,6981.48,False
PK-2023-00232,2023-07-16,C-0227,Punjab,Groceries,Mobile App,Cash on Delivery,4,51626.37,42322.51,9303.85,False
PK-2023-00366,2023-07-16,C-0363,Punjab,Groceries,Online,Card,3,39913.2,32866.98,7046.21,False
PK-2023-00839,2023-07-16,C-0459,Punjab,Fashion,Wholesale,Easypaisa,1,15925.78,12395.57,3530.21,False
PK-2023-00486,2023-07-16,C-0502,Punjab,Fashion,In-Store,JazzCash,4,61128.59,53147.41,7981.18,False
PK-2023-01035,2023-07-16,C-0174,Sindh,Others,Online,Card,1,12243.4,9906.39,2337.01,False
PK-2023-01481,2023-07-17,C-0085,Punjab,Fashion,Mobile App,Easypaisa,2,17093.13,13860.17,3232.96,False
PK-2023-01112,2023-07-17,C-0574,Sindh,Electronics,Mobile App,Easypaisa,1,12284.87,10103.27,2181.6,False
PK-2023-01238,2023-07-17,C-0378,Punjab,Fashion,Mobile App,Easypaisa,1,5765.18,5291.09,474.09,False
PK-2023-01125,2023-07-17,C-0293,Sindh,Electronics,Online,Card,4,53793.72,44508.32,9285.4,False
PK-2023-01504,2023-07-18,C-0386,Sindh,Groceries,Online,Cash on Delivery,2,23415.07,19163.11,4251.96,False
PK-2023-01347,2023-07-18,C-0099,KPK,Beauty & Personal Care,Online,Card,2,17967.5,14780.75,3186.74,False
PK-2023-00250,2023-07-18,C-0615,KPK,Fashion,Online,Cash on Delivery,4,34840.95,28532.66,6308.29,False
PK-2023-01138,2023-07-18,C-0442,Punjab,Electronics,Online,JazzCash,3,52644.86,42593.41,10051.45,False
PK-2023-01380,2023-07-19,C-0233,Balochistan,Others,Online,JazzCash,4,41279.09,33670.03,7609.06,False
PK-2023-00477,2023-07-19,C-0052,Sindh,Electronics,In-Store,Easypaisa,3,16297.04,12371.43,3925.61,False
PK-2023-01495,2023-07-19,C-0297,Balochistan,Electronics,In-Store,Card,4,65794.31,49004.69,16789.62,False
PK-2023-00119,2023-07-20,C-0007,Punjab,Electronics,In-Store,Card,3,27195.68,22111.96,5083.72,False
PK-2023-01283,2023-07-20,C-0706,Islamabad,Electronics,Online,Easypaisa,3,48098.06,38404.82,9693.24,False
PK-2023-00497,2023-07-20,C-0310,Sindh,Home & Living,Online,Card,2,22564.38,19287.28,3277.1,False
PK-2023-00748,2023-07-20,C-0580,Sindh,Electronics,Mobile App,Cash on Delivery,2,28307.22,22094.37,6212.86,False
PK-2023-01838,2023-07-20,C-0130,Sindh,Electronics,In-Store,Cash on Delivery,4,42703.17,36964.34,5738.83,False
PK-2023-01381,2023-07-20,C-0036,Punjab,Fashion,Online,Card,4,40918.47,34779.98,6138.49,False
PK-2023-01610,2023-07-20,C-0697,KPK,Electronics,In-Store,Card,4,58834.67,48362.44,10472.22,False
PK-2023-01609,2023-07-20,C-0216,Sindh,Electronics,Online,Easypaisa,2,23593.26,18993.29,4599.97,False
PK-2023-00177,2023-07-21,C-0013,Sindh,Fashion,In-Store,JazzCash,3,28384.13,23005.3,5378.82,False
PK-2023-00962,2023-07-21,C-0548,Punjab,Others,Online,Easypaisa,1,21235.61,17491.87,3743.75,False
PK-2023-00722,2023-07-21,C-0622,Sindh,Beauty & Personal Care,Online,JazzCash,1,9000.58,7783.08,1217.49,False
PK-2023-01467,2023-07-21,C-0619,KPK,Home & Living,Online,JazzCash,3,31749.25,25387.55,6361.7,False
PK-2023-00550,2023-07-21,C-0360,Punjab,Fashion,Online,JazzCash,2,23391.05,19382.01,4009.04,False
PK-2023-01477,2023-07-22,C-0652,Punjab,Beauty & Personal Care,Mobile App,Cash on Delivery,1,14963.51,12101.56,2861.96,False
PK-2023-00070,2023-07-22,C-0065,Punjab,Home & Living,Online,Easypaisa,1,7206.54,5989.88,1216.66,False
PK-2023-01159,2023-07-22,C-0413,Sindh,Sports,Online,Card,1,19661.65,15653.44,4008.21,False
PK-2023-00996,2023-07-22,C-0615,Punjab,Home & Living,In-Store,Cash on Delivery,4,45803.41,38032.17,7771.24,False
PK-2023-00041,2023-07-22,C-0663,Sindh,Fashion,Online,Easypaisa,3,17887.07,14347.36,3539.71,False
PK-2023-01458,2023-07-22,C-0243,KPK,Sports,In-Store,JazzCash,1,12043.03,10262.14,1780.88,False
PK-2023-00378,2023-07-22,C-0444,Punjab,Home & Living,In-Store,Card,3,28336.83,23459.15,4877.67,False
PK-2023-01812,2023-07-23,C-0306,Punjab,Electronics,Mobile App,Cash on Delivery,1,7185.94,5521.83,1664.12,False
PK-2023-01930,2023-07-23,C-0744,Punjab,Sports,In-Store,Card,2,27838.89,22322.47,5516.43,False
PK-2023-01552,2023-07-23,C-0333,Punjab,Home & Living,Mobile App,Card,1,9049.93,6968.32,2081.61,False
PK-2023-00610,2023-07-23,C-0598,Islamabad,Fashion,Online,JazzCash,4,53011.89,43748.39,9263.5,False
PK-2023-01039,2023-07-23,C-0698,Balochistan,Electronics,In-Store,Card,1,6176.22,5129.83,1046.39,False
PK-2023-00709,2023-07-23,C-0334,Punjab,Electronics,Mobile App,Easypaisa,3,47654.46,41679.13,5975.33,False
PK-2023-01872,2023-07-23,C-0263,Punjab,Electronics,Online,Easypaisa,4,27881.76,22990.57,4891.19,False
PK-2023-00002,2023-07-23,C-0515,Punjab,Fashion,Online,Easypaisa,3,54342.77,41230.66,13112.11,False
PK-2023-00149,2023-07-23,C-0726,Sindh,Beauty & Personal Care,Wholesale,Easypaisa,4,84395.73,70561.85,13833.88,False
PK-2023-00015,2023-07-24,C-0164,Sindh,Fashion,Online,Card,1,16380.98,13141.7,3239.28,False
PK-2023-00400,2023-07-24,C-0438,KPK,Home & Living,In-Store,Card,1,15087.59,12582.75,2504.84,False
PK-2023-01073,2023-07-24,C-0259,Sindh,Beauty & Personal Care,Online,Easypaisa,4,54239.67,44718.3,9521.37,False
PK-2023-01907,2023-07-24,C-0766,Sindh,Beauty & Personal Care,Mobile App,JazzCash,1,15554.57,12324.42,3230.15,False
PK-2023-01678,2023-07-24,C-0217,Sindh,Home & Living,Wholesale,Easypaisa,1,12541.76,9679.55,2862.21,False
PK-2023-01906,2023-07-25,C-0638,Balochistan,Groceries,Online,Card,2,33638.44,27698.11,5940.34,False
PK-2023-00093,2023-07-25,C-0733,Balochistan,Home & Living,Mobile App,JazzCash,3,21277.1,17955.38,3321.72,False
PK-2023-01430,2023-07-25,C-0351,Sindh,Beauty & Personal Care,Wholesale,Cash on Delivery,1,13756.85,10753.08,3003.77,False
PK-2023-01808,2023-07-25,C-0204,Balochistan,Groceries,Online,JazzCash,2,22258.5,17590.09,4668.41,False
PK-2023-01890,2023-07-25,C-0121,Punjab,Electronics,Mobile App,Cash on Delivery,4,42080.23,34092.95,7987.28,False
PK-2023-01401,2023-07-25,C-0022,KPK,Electronics,Mobile App,Card,2,19145.68,16553.07,2592.61,False
PK-2023-01020,2023-07-26,C-0354,Sindh,Electronics,Mobile App,Card,4,24832.07,20336.81,4495.26,False
PK-2023-00546,2023-07-26,C-0448,Punjab,Fashion,In-Store,JazzCash,4,20465.01,15579.8,4885.21,False
PK-2023-00592,2023-07-26,C-0236,Sindh,Sports,In-Store,Card,2,30725.03,25701.23,5023.8,False
PK-2023-00107,2023-07-26,C-0514,KPK,Groceries,Wholesale,Card,4,68451.94,54617.52,13834.42,False
PK-2023-00945,2023-07-26,C-0094,Sindh,Fashion,Online,JazzCash,4,41524.08,35905.33,5618.75,False
PK-2023-01540,2023-07-26,C-0301,Punjab,Fashion,Online,Easypaisa,1,9860.95,8386.07,1474.89,False
PK-2023-01750,2023-07-26,C-0360,Islamabad,Electronics,In-Store,Card,1,10795.31,8827.61,1967.71,False
PK-2023-01778,2023-07-26,C-0039,Sindh,Electronics,In-Store,Card,4,84476.95,69396.87,15080.08,False
PK-2023-01191,2023-07-26,C-0566,Sindh,Electronics,Mobile App,Cash on Delivery,2,14159.25,12049.91,2109.34,False
PK-2023-01289,2023-07-27,C-0048,Punjab,Electronics,Mobile App,Cash on Delivery,1,12442.35,9799.87,2642.48,False
PK-2023-00010,2023-07-27,C-0734,Sindh,Groceries,In-Store,Cash on Delivery,4,44468.63,38169.84,6298.79,False
PK-2023-01833,2023-07-27,C-0118,Punjab,Fashion,Online,Cash on Delivery,3,46488.19,41206.36,5281.83,False
PK-2023-00783,2023-07-28,C-0041,Islamabad,Groceries,Mobile App,Card,1,14079.69,11042.36,3037.33,False
PK-2023-01942,2023-07-28,C-0053,Sindh,Electronics,Online,Card,4,14974.19,11481.88,3492.31,False
PK-2023-00729,2023-07-28,C-0206,Sindh,Fashion,In-Store,Easypaisa,2,22133.1,18447.89,3685.2,False
PK-2023-00253,2023-07-28,C-0122,Punjab,Fashion,Online,Cash on Delivery,2,13837.75,11795.47,2042.28,False
PK-2023-00396,2023-07-28,C-0572,Sindh,Others,In-Store,Card,1,9087.38,7411.34,1676.04,False
PK-2023-00684,2023-07-28,C-0701,KPK,Home & Living,In-Store,JazzCash,3,49664.84,40376.66,9288.18,False
PK-2023-01423,2023-07-29,C-0142,KPK,Groceries,Online,Easypaisa,2,23740.14,18616.79,5123.35,False
PK-2023-01090,2023-07-29,C-0634,Punjab,Sports,Online,JazzCash,2,42743.36,35062.32,7681.04,False
PK-2023-01002,2023-07-29,C-0127,KPK,Home & Living,Wholesale,Easypaisa,1,14425.51,10951.58,3473.93,False
PK-2023-00111,2023-07-29,C-0498,Punjab,Home & Living,Online,Easypaisa,1,23570.97,19132.94,4438.03,False
PK-2023-00458,2023-07-29,C-0460,Sindh,Electronics,In-Store,Cash on Delivery,4,42599.97,33042.76,9557.21,False
PK-2023-00399,2023-07-29,C-0098,Punjab,Electronics,Mobile App,Cash on Delivery,4,39224.35,31057.85,8166.5,False
PK-2023-00057,2023-07-30,C-0044,Punjab,Others,Online,Easypaisa,2,23261.0,17839.52,5421.48,False
PK-2023-01508,2023-07-30,C-0729,Sindh,Beauty & Personal Care,In-Store,Easypaisa,4,34311.14,29186.16,5124.97,False
PK-2023-01010,2023-07-30,C-0152,Sindh,Groceries,Mobile App,Card,3,24042.4,20053.63,3988.77,False
PK-2023-01566,2023-07-30,C-0316,Punjab,Beauty & Personal Care,In-Store,Card,4,45823.75,37820.03,8003.71,False
PK-2023-00760,2023-07-30,C-0700,Islamabad,Home & Living,Online,JazzCash,2,23748.34,20055.46,3692.88,False
PK-2023-01137,2023-07-30,C-0512,Punjab,Beauty & Personal Care,Online,Card,4,44614.2,36312.58,8301.62,False
PK-2023-01365,2023-07-31,C-0676,Balochistan,Fashion,Online,JazzCash,3,32281.08,24333.54,7947.54,False
PK-2023-01646,2023-07-31,C-0176,Punjab,Groceries,Online,Cash on Delivery,3,29160.17,23185.22,5974.96,False
PK-2023-01358,2023-07-31,C-0338,Sindh,Home & Living,Online,Cash on Delivery,4,117665.47,86997.24,30668.23,False
PK-2023-01291,2023-07-31,C-0399,Punjab,Fashion,Online,Easypaisa,4,23981.02,19327.28,4653.74,False
PK-2023-01977,2023-07-31,C-0452,KPK,Electronics,In-Store,Card,1,12530.99,10461.89,2069.1,False
PK-2023-00306,2023-07-31,C-0659,Punjab,Fashion,Online,Card,3,19222.32,15895.43,3326.9,False
PK-2023-00088,2023-07-31,C-0447,Sindh,Fashion,Online,Card,2,13402.22,11716.87,1685.35,False
PK-2023-00977,2023-08-01,C-0472,Sindh,Groceries,In-Store,Card,2,22683.07,18464.31,4218.76,False
PK-2023-00027,2023-08-01,C-0662,KPK,Beauty & Personal Care,Online,Easypaisa,1,12498.72,9834.18,2664.54,False
PK-2023-00355,2023-08-01,C-0149,Balochistan,Fashion,Online,Card,1,14708.92,11770.88,2938.04,False
PK-2023-00237,2023-08-01,C-0528,Punjab,Electronics,Online,Card,1,13376.69,11620.86,1755.83,False
PK-2023-00624,2023-08-01,C-0380,Balochistan,Sports,Online,Cash on Delivery,2,13662.49,10768.97,2893.52,False
PK-2023-01545,2023-08-01,C-0135,Sindh,Fashion,Mobile App,JazzCash,3,33526.12,28349.58,5176.54,False
PK-2023-01322,2023-08-01,C-0255,Sindh,Fashion,Online,JazzCash,2,14778.82,11492.21,3286.61,False
PK-2023-01177,2023-08-01,C-0182,Punjab,Beauty & Personal Care,Online,Card,3,45884.73,38617.41,7267.32,False
PK-2023-01831,2023-08-02,C-0073,KPK,Home & Living,Wholesale,Cash on Delivery,4,35921.19,30154.19,5767.0,False
PK-2023-00856,2023-08-02,C-0537,Islamabad,Sports,Online,JazzCash,1,10518.76,8792.45,1726.3,False
PK-2023-00035,2023-08-02,C-0230,Punjab,Electronics,Wholesale,Card,1,14354.84,12016.26,2338.58,False
PK-2023-01227,2023-08-02,C-0079,Punjab,Groceries,Online,Easypaisa,4,53005.44,44081.07,8924.37,False
PK-2023-00984,2023-08-02,C-0255,Punjab,Home & Living,In-Store,Card,4,52153.95,41655.38,10498.57,False
PK-2023-00551,2023-08-02,C-0609,Punjab,Home & Living,In-Store,Card,3,21685.15,17088.73,4596.42,False
PK-2023-00901,2023-08-02,C-0050,Sindh,Fashion,Online,Easypaisa,4,53672.27,46673.46,6998.81,False
PK-2023-01780,2023-08-02,C-0021,Punjab,Others,In-Store,Card,1,15335.84,12412.35,2923.48,False
PK-2023-01643,2023-08-02,C-0424,KPK,Beauty & Personal Care,Online,Card,1,18631.42,15814.29,2817.13,False
PK-2023-01488,2023-08-02,C-0365,Punjab,Groceries,Online,Card,3,28459.22,22383.61,6075.61,False
PK-2023-00884,2023-08-02,C-0545,Punjab,Fashion,In-Store,Card,2,58327.94,50638.45,7689.5,False
PK-2023-01969,2023-08-03,C-0210,Sindh,Fashion,Online,Easypaisa,2,15448.34,13040.08,2408.25,False
PK-2023-01818,2023-08-03,C-0716,Punjab,Electronics,Mobile App,Card,2,35740.28,27579.82,8160.46,False
PK-2023-00062,2023-08-03,C-0761,KPK,Electronics,Online,Cash on Delivery,3,39958.89,36076.52,3882.38,False
PK-2023-01013,2023-08-03,C-0371,Punjab,Beauty & Personal Care,Online,Cash on Delivery,2,29129.67,23186.82,5942.85,False
PK-2023-01705,2023-08-04,C-0322,Sindh,Electronics,Online,Cash on Delivery,2,28437.09,22698.46,5738.62,False
PK-2023-01228,2023-08-04,C-0656,Punjab,Electronics,Online,JazzCash,1,15331.8,11593.14,3738.66,False
PK-2023-00487,2023-08-04,C-0117,KPK,Beauty & Personal Care,Online,Card,2,24183.6,21238.03,2945.56,False
PK-2023-00145,2023-08-04,C-0747,Sindh,Fashion,Mobile App,Card,4,75990.44,62449.47,13540.97,False
PK-2023-00472,2023-08-04,C-0199,Punjab,Beauty & Personal Care,Mobile App,JazzCash,1,12548.44,10391.78,2156.65,False
PK-2023-01937,2023-08-04,C-0578,Punjab,Fashion,Online,Easypaisa,3,33661.68,29873.63,3788.05,False
PK-2023-01749,2023-08-04,C-0257,Islamabad,Fashion,Online,Card,2,23071.11,19298.6,3772.51,False
PK-2023-00710,2023-08-04,C-0041,Punjab,Groceries,Online,Easypaisa,3,25344.5,20735.31,4609.19,False
PK-2023-01490,2023-08-04,C-0346,KPK,Home & Living,Online,Card,3,49066.53,43369.39,5697.14,False
PK-2023-01995,2023-08-04,C-0746,Sindh,Electronics,Online,Easypaisa,2,33255.79,25358.98,7896.81,False
PK-2023-00038,2023-08-04,C-0760,Balochistan,Electronics,Online,Cash on Delivery,2,27069.16,21359.82,5709.33,False
PK-2023-00384,2023-08-05,C-0719,Sindh,Electronics,In-Store,Card,4,37578.29,31851.49,5726.8,False
PK-2023-01528,2023-08-05,C-0569,Punjab,Electronics,In-Store,Card,3,33454.07,27176.15,6277.92,False
PK-2023-01569,2023-08-05,C-0643,Punjab,Beauty & Personal Care,Wholesale,Card,2,36160.71,30243.16,5917.55,True
PK-2023-00601,2023-08-05,C-0097,Sindh,Fashion,Online,Easypaisa,4,38995.67,32125.0,6870.67,False
PK-2023-00311,2023-08-05,C-0246,Sindh,Others,Online,Easypaisa,2,43138.97,36706.96,6432.01,False
PK-2023-01480,2023-08-05,C-0320,Islamabad,Home & Living,Wholesale,Card,3,52109.43,42850.78,9258.65,False
PK-2023-01923,2023-08-05,C-0564,KPK,Fashion,In-Store,Cash on Delivery,4,60271.1,48889.74,11381.36,False
PK-2023-00754,2023-08-06,C-0204,Sindh,Electronics,Wholesale,Card,3,27094.13,23341.05,3753.08,False
PK-2023-00322,2023-08-06,C-0264,Sindh,Electronics,Online,Easypaisa,2,31046.21,25387.49,5658.72,False
PK-2023-01631,2023-08-06,C-0019,Sindh,Electronics,Mobile App,Card,2,27835.78,20715.97,7119.81,False
PK-2023-01089,2023-08-06,C-0119,Islamabad,Home & Living,Online,Card,4,40635.24,32816.52,7818.72,False
PK-2023-00904,2023-08-06,C-0738,Balochistan,Others,Online,JazzCash,1,27812.83,24584.35,3228.48,False
PK-2023-00138,2023-08-06,C-0525,Balochistan,Beauty & Personal Care,Online,Card,1,10120.09,8140.49,1979.6,False
PK-2023-01343,2023-08-06,C-0027,Balochistan,Electronics,In-Store,Cash on Delivery,1,13726.32,11340.21,2386.11,False
PK-2023-01828,2023-08-06,C-0417,Punjab,Fashion,Online,Easypaisa,2,15033.53,11943.76,3089.77,False
PK-2023-00966,2023-08-06,C-0236,Punjab,Home & Living,Mobile App,Card,4,79338.4,64718.52,14619.88,False
PK-2023-01536,2023-08-06,C-0507,KPK,Beauty & Personal Care,Wholesale,Cash on Delivery,4,33197.96,26225.53,6972.43,False
PK-2023-00573,2023-08-07,C-0041,Punjab,Groceries,Mobile App,Cash on Delivery,1,35033.54,27364.61,7668.92,False
PK-2023-01422,2023-08-07,C-0714,Sindh,Fashion,Online,Card,3,18141.47,14455.28,3686.19,False
PK-2023-00141,2023-08-08,C-0463,Sindh,Sports,Online,Card,1,17773.89,14803.24,2970.65,False
PK-2023-01479,2023-08-08,C-0603,Sindh,Sports,Online,Card,4,41473.97,35434.83,6039.14,False
PK-2023-01208,2023-08-08,C-0315,Islamabad,Electronics,Online,JazzCash,4,58115.18,49293.08,8822.1,False
PK-2023-01149,2023-08-09,C-0702,Balochistan,Beauty & Personal Care,In-Store,Cash on Delivery,2,21970.04,18141.88,3828.16,False
PK-2023-00558,2023-08-09,C-0584,KPK,Electronics,Online,Card,4,45214.86,36482.5,8732.36,False
PK-2023-00746,2023-08-09,C-0075,Punjab,Beauty & Personal Care,Online,Cash on Delivery,1,22619.43,20014.2,2605.23,False
PK-2023-01078,2023-08-09,C-0352,Punjab,Home & Living,Wholesale,Card,1,17213.13,13918.56,3294.57,False
PK-2023-00959,2023-08-09,C-0543,Punjab,Electronics,Online,Easypaisa,4,44238.65,36523.95,7714.7,False
PK-2023-00622,2023-08-09,C-0090,Islamabad,Others,Online,Cash on Delivery,4,72602.05,60346.16,12255.89,False
PK-2023-00142,2023-08-09,C-0308,Sindh,Fashion,Online,Card,2,13075.68,11043.5,2032.19,False
PK-2023-00222,2023-08-09,C-0185,Punjab,Fashion,Online,Card,2,14471.47,12346.66,2124.8,False
PK-2023-01921,2023-08-10,C-0087,Sindh,Electronics,Mobile App,Card,2,23959.18,18568.85,5390.32,False
PK-2023-00126,2023-08-10,C-0137,Punjab,Fashion,Online,Card,3,29693.39,23056.65,6636.73,True
PK-2023-00560,2023-08-10,C-0503,KPK,Electronics,Online,Easypaisa,2,18095.49,14683.51,3411.98,False
PK-2023-01830,2023-08-10,C-0353,KPK,Groceries,Online,Cash on Delivery,2,27983.73,22567.22,5416.51,False
PK-2023-00359,2023-08-10,C-0219,Sindh,Others,Mobile App,JazzCash,2,25659.94,19747.98,5911.96,False
PK-2023-01822,2023-08-10,C-0059,Balochistan,Groceries,Mobile App,Easypaisa,2,12288.16,9757.15,2531.01,False
PK-2023-00509,2023-08-10,C-0507,KPK,Home & Living,Mobile App,Card,1,7866.24,6062.08,1804.15,False
PK-2023-01570,2023-08-10,C-0406,Balochistan,Fashion,Wholesale,JazzCash,3,52817.66,42613.55,10204.11,False
PK-2023-01270,2023-08-10,C-0235,Sindh,Electronics,Online,Card,1,13253.81,10728.96,2524.84,False
PK-2023-01321,2023-08-11,C-0101,Punjab,Electronics,Online,Card,2,50757.41,43839.45,6917.97,False
PK-2023-01725,2023-08-11,C-0534,KPK,Beauty & Personal Care,In-Store,Card,4,28748.43,23332.72,5415.71,False
PK-2023-01332,2023-08-11,C-0153,KPK,Electronics,In-Store,JazzCash,3,29049.49,24007.49,5042.0,False
PK-2023-00678,2023-08-11,C-0728,Punjab,Beauty & Personal Care,In-Store,Cash on Delivery,2,14970.77,11185.66,3785.11,False
PK-2023-00907,2023-08-11,C-0484,Balochistan,Others,In-Store,Card,2,19550.99,16467.54,3083.45,False
PK-2023-01819,2023-08-12,C-0469,Punjab,Groceries,Wholesale,Card,3,42654.21,33386.29,9267.91,False
PK-2023-01474,2023-08-12,C-0071,Punjab,Fashion,Online,Cash on Delivery,3,18797.71,15283.78,3513.94,False
PK-2023-00581,2023-08-12,C-0135,KPK,Electronics,In-Store,Cash on Delivery,4,57723.79,45934.82,11788.97,False
PK-2023-01269,2023-08-12,C-0414,Islamabad,Others,Wholesale,Cash on Delivery,2,23034.45,18490.54,4543.91,False
PK-2023-01558,2023-08-12,C-0095,Punjab,Sports,Online,Cash on Delivery,4,41687.81,34826.68,6861.13,False
PK-2023-01853,2023-08-12,C-0445,Punjab,Fashion,Mobile App,Easypaisa,2,15067.3,12732.71,2334.59,False
PK-2023-00203,2023-08-13,C-0273,Punjab,Sports,Mobile App,JazzCash,3,30926.0,23666.9,7259.1,False
PK-2023-01127,2023-08-13,C-0186,Sindh,Home & Living,Online,Easypaisa,1,6337.31,5098.06,1239.25,False
PK-2023-01687,2023-08-13,C-0498,Punjab,Fashion,Mobile App,Easypaisa,4,25401.6,19950.37,5451.23,False
PK-2023-00090,2023-08-13,C-0046,Punjab,Home & Living,In-Store,Cash on Delivery,4,32430.2,25218.0,7212.2,False
PK-2023-01506,2023-08-14,C-0590,Punjab,Home & Living,In-Store,JazzCash,4,53345.8,40474.57,12871.23,False
PK-2023-00504,2023-08-14,C-0258,Sindh,Beauty & Personal Care,In-Store,Card,1,7163.77,5710.26,1453.51,False
PK-2023-01881,2023-08-14,C-0043,Punjab,Groceries,Online,Card,3,29006.3,22931.06,6075.25,False
PK-2023-00576,2023-08-14,C-0532,Punjab,Home & Living,Mobile App,Cash on Delivery,4,24190.85,19610.54,4580.31,False
PK-2023-00278,2023-08-14,C-0518,Balochistan,Electronics,Mobile App,Card,4,70781.12,55576.83,15204.29,False
PK-2023-01688,2023-08-14,C-0670,Punjab,Others,Mobile App,Easypaisa,3,65411.18,53228.67,12182.51,False
PK-2023-00438,2023-08-14,C-0769,Punjab,Groceries,Online,Card,2,18443.53,14970.02,3473.51,False
PK-2023-00210,2023-08-14,C-0558,Punjab,Electronics,In-Store,Card,3,33761.87,28442.34,5319.53,False
PK-2023-01175,2023-08-14,C-0756,Punjab,Groceries,Online,Card,1,11993.6,9488.47,2505.13,True
PK-2023-00745,2023-08-15,C-0758,Punjab,Fashion,Online,JazzCash,2,19680.84,15500.51,4180.34,False
PK-2023-01033,2023-08-15,C-0591,Punjab,Electronics,Online,Card,3,24503.34,18842.2,5661.15,False
PK-2023-00470,2023-08-15,C-0304,Punjab,Fashion,In-Store,Card,4,31694.31,27311.84,4382.47,False
PK-2023-01476,2023-08-15,C-0305,Punjab,Fashion,Mobile App,Easypaisa,2,18561.18,15416.85,3144.34,True
PK-2023-00809,2023-08-15,C-0195,Sindh,Electronics,Online,Card,3,29128.87,24848.09,4280.78,False
PK-2023-01970,2023-08-16,C-0311,KPK,Electronics,Online,Cash on Delivery,3,34763.45,28523.5,6239.95,False
PK-2023-00304,2023-08-17,C-0699,Punjab,Home & Living,Online,Cash on Delivery,3,17388.94,13280.26,4108.67,False
PK-2023-00840,2023-08-17,C-0543,Punjab,Electronics,In-Store,Card,1,21274.3,16029.07,5245.22,False
PK-2023-00172,2023-08-17,C-0568,KPK,Electronics,Online,Card,4,51414.82,41767.06,9647.76,False
PK-2023-01827,2023-08-17,C-0709,KPK,Electronics,In-Store,Cash on Delivery,3,21172.46,18540.91,2631.55,False
PK-2023-00721,2023-08-17,C-0568,Sindh,Home & Living,Online,Card,4,51289.6,42551.93,8737.67,False
PK-2023-00500,2023-08-17,C-0389,KPK,Home & Living,Mobile App,Card,1,10943.33,8336.3,2607.03,False
PK-2023-00648,2023-08-17,C-0469,Punjab,Beauty & Personal Care,Online,Cash on Delivery,4,43998.99,35832.18,8166.8,False
PK-2023-01438,2023-08-17,C-0269,Punjab,Fashion,Online,JazzCash,3,19976.81,16077.88,3898.93,False
PK-2023-00730,2023-08-18,C-0021,Sindh,Sports,Mobile App,Card,3,32673.9,28226.45,4447.45,False
PK-2023-01132,2023-08-18,C-0314,Punjab,Sports,Mobile App,Card,2,49609.83,39058.43,10551.4,False
PK-2023-00958,2023-08-18,C-0576,Punjab,Electronics,Mobile App,Easypaisa,2,16178.55,12326.6,3851.95,False
PK-2023-00860,2023-08-18,C-0251,Punjab,Fashion,Online,Easypaisa,3,38292.28,30880.03,7412.25,False
PK-2023-01622,2023-08-19,C-0378,Punjab,Electronics,In-Store,Cash on Delivery,4,45545.62,36171.95,9373.67,True
PK-2023-01357,2023-08-19,C-0760,Sindh,Home & Living,In-Store,Card,4,41863.48,34195.94,7667.54,False
PK-2023-01475,2023-08-19,C-0747,KPK,Home & Living,Online,Cash on Delivery,4,52411.54,41342.91,11068.63,False
PK-2023-01216,2023-08-19,C-0460,Sindh,Groceries,Online,Card,3,39512.41,31305.84,8206.57,False
PK-2023-02000,2023-08-19,C-0389,Balochistan,Electronics,Wholesale,Cash on Delivery,3,32134.07,25702.3,6431.77,False
PK-2023-00505,2023-08-19,C-0580,Punjab,Electronics,In-Store,Card,4,29000.4,25075.83,3924.57,False
PK-2023-00148,2023-08-19,C-0201,KPK,Others,Online,Cash on Delivery,2,40713.6,32612.15,8101.45,False
PK-2023-00183,2023-08-19,C-0219,KPK,Beauty & Personal Care,In-Store,Card,3,36984.79,31620.05,5364.74,False
PK-2023-00843,2023-08-19,C-0008,Punjab,Fashion,In-Store,JazzCash,1,10915.49,8387.01,2528.48,False
PK-2023-00900,2023-08-20,C-0579,KPK,Fashion,Wholesale,Card,4,64504.34,54112.15,10392.19,False
PK-2023-00289,2023-08-20,C-0506,Islamabad,Electronics,Online,Card,4,47200.89,39218.49,7982.4,False
PK-2023-01776,2023-08-20,C-0512,Punjab,Home & Living,Online,Cash on Delivery,3,27049.06,21869.1,5179.96,False
PK-2023-01696,2023-08-20,C-0412,Punjab,Fashion,Mobile App,Card,3,57147.46,46346.89,10800.57,False
PK-2023-00356,2023-08-20,C-0602,KPK,Beauty & Personal Care,Mobile App,Card,3,46797.8,37078.36,9719.44,False
PK-2023-01366,2023-08-20,C-0167,Islamabad,Fashion,Online,Card,4,77411.05,66838.47,10572.58,False
PK-2023-01259,2023-08-21,C-0448,Sindh,Home & Living,In-Store,Cash on Delivery,4,34237.7,29222.41,5015.29,False
PK-2023-01680,2023-08-21,C-0209,Punjab,Electronics,Wholesale,Easypaisa,3,29826.78,25133.72,4693.06,False
PK-2023-01864,2023-08-21,C-0294,KPK,Fashion,Mobile App,JazzCash,2,18952.44,15903.98,3048.46,False
PK-2023-00537,2023-08-21,C-0458,KPK,Beauty & Personal Care,Online,JazzCash,3,49919.38,40286.22,9633.17,False
PK-2023-00696,2023-08-22,C-0436,KPK,Electronics,Online,Card,1,13645.35,10516.09,3129.26,False
PK-2023-00951,2023-08-22,C-0561,Punjab,Electronics,Mobile App,Card,2,41511.49,36275.65,5235.84,False
PK-2023-01823,2023-08-22,C-0255,KPK,Home & Living,Online,Cash on Delivery,2,36379.06,28776.63,7602.43,False
PK-2023-01869,2023-08-22,C-0284,Punjab,Groceries,Mobile App,Card,3,43406.69,34100.5,9306.19,True
PK-2023-01522,2023-08-22,C-0738,Punjab,Beauty & Personal Care,Online,Easypaisa,3,30039.02,24996.25,5042.76,False
PK-2023-00960,2023-08-22,C-0041,KPK,Sports,Wholesale,Card,4,58514.73,45630.99,12883.74,False
PK-2023-00244,2023-08-22,C-0746,Sindh,Electronics,In-Store,Card,3,51691.35,47063.5,4627.86,False
PK-2023-00979,2023-08-23,C-0660,Balochistan,Groceries,In-Store,Card,1,13373.42,10583.03,2790.38,False
PK-2023-00328,2023-08-23,C-0719,KPK,Electronics,Mobile App,Cash on Delivery,1,3481.66,2678.42,803.24,False
PK-2023-01748,2023-08-23,C-0660,Islamabad,Beauty & Personal Care,Mobile App,Cash on Delivery,4,59414.82,49029.33,10385.48,False
PK-2023-01024,2023-08-23,C-0373,Sindh,Home & Living,Mobile App,Card,3,34995.32,32125.0,2870.31,False
PK-2023-00582,2023-08-23,C-0169,KPK,Beauty & Personal Care,Mobile App,JazzCash,3,35272.21,27728.34,7543.87,False
PK-2023-01155,2023-08-23,C-0186,Punjab,Electronics,In-Store,Cash on Delivery,3,36049.54,29598.98,6450.56,False
PK-2023-01739,2023-08-23,C-0473,Islamabad,Beauty & Personal Care,Online,Card,2,33434.25,27913.73,5520.53,False
PK-2023-01383,2023-08-24,C-0755,KPK,Sports,Wholesale,JazzCash,3,31831.71,26058.53,5773.18,False
PK-2023-00324,2023-08-24,C-0372,Punjab,Electronics,Online,Easypaisa,3,29782.46,23492.64,6289.82,False
PK-2023-00818,2023-08-24,C-0476,Sindh,Home & Living,Online,Easypaisa,4,65343.12,51030.93,14312.18,False
PK-2023-01448,2023-08-24,C-0231,Punjab,Groceries,Online,Card,4,76450.19,62991.29,13458.9,False
PK-2023-00303,2023-08-24,C-0205,Islamabad,Home & Living,Mobile App,Easypaisa,1,20167.33,16468.19,3699.15,False
PK-2023-01333,2023-08-24,C-0749,Punjab,Electronics,Online,Easypaisa,2,16592.31,13821.84,2770.46,False
PK-2023-00961,2023-08-24,C-0107,Punjab,Beauty & Personal Care,Online,JazzCash,1,11535.22,9442.78,2092.43,False
PK-2023-01397,2023-08-24,C-0011,Punjab,Electronics,Online,Card,3,45697.69,37899.21,7798.48,False
PK-2023-01462,2023-08-25,C-0046,Punjab,Beauty & Personal Care,Mobile App,Card,1,10870.4,8568.41,2301.99,False
PK-2023-00570,2023-08-25,C-0341,Sindh,Others,In-Store,Cash on Delivery,1,10435.38,7824.62,2610.76,False
PK-2023-01168,2023-08-25,C-0048,KPK,Electronics,Online,Cash on Delivery,1,27349.79,21952.04,5397.75,False
PK-2023-00690,2023-08-26,C-0441,KPK,Home & Living,Online,Cash on Delivery,4,59435.51,54429.93,5005.57,False
PK-2023-00924,2023-08-26,C-0685,Balochistan,Groceries,Mobile App,Card,3,31825.25,26139.62,5685.63,False
PK-2023-01059,2023-08-26,C-0349,Sindh,Electronics,Mobile App,Easypaisa,3,23301.07,19302.03,3999.04,False
PK-2023-01418,2023-08-26,C-0149,Islamabad,Beauty & Personal Care,In-Store,Card,1,28527.79,23188.84,5338.95,False
PK-2023-01417,2023-08-27,C-0177,Punjab,Groceries,Online,Easypaisa,3,33978.12,27535.3,6442.82,False
PK-2023-01077,2023-08-27,C-0695,Sindh,Fashion,Online,Card,3,16037.88,13712.8,2325.08,False
PK-2023-01816,2023-08-27,C-0172,KPK,Fashion,Online,Card,4,58273.22,48081.31,10191.91,False
PK-2023-00496,2023-08-28,C-0767,Punjab,Home & Living,Online,Easypaisa,1,11680.48,9107.31,2573.16,False
PK-2023-01879,2023-08-28,C-0684,KPK,Electronics,Wholesale,JazzCash,2,43094.79,35037.15,8057.64,False
PK-2023-01914,2023-08-28,C-0039,Punjab,Fashion,In-Store,Card,3,44078.51,36470.15,7608.36,False
PK-2023-01126,2023-08-29,C-0335,Punjab,Electronics,Wholesale,Cash on Delivery,4,30710.42,25251.72,5458.7,True
PK-2023-01533,2023-08-29,C-0022,Sindh,Home & Living,Online,JazzCash,1,15461.76,12667.82,2793.93,False
PK-2023-01573,2023-08-29,C-0550,Sindh,Fashion,Online,Cash on Delivery,1,8009.31,5876.86,2132.45,False
PK-2023-00381,2023-08-29,C-0630,Sindh,Beauty & Personal Care,In-Store,Card,1,8818.57,7558.53,1260.03,False
PK-2023-01957,2023-08-29,C-0584,Sindh,Others,Online,Cash on Delivery,3,25848.1,21056.67,4791.43,False
PK-2023-00920,2023-08-29,C-0220,Sindh,Groceries,Mobile App,Card,3,33368.34,26894.7,6473.65,False
PK-2023-00611,2023-08-29,C-0753,Balochistan,Sports,In-Store,Cash on Delivery,4,34098.31,26691.5,7406.81,False
PK-2023-01202,2023-08-29,C-0519,Punjab,Sports,Online,Cash on Delivery,3,19228.21,14986.55,4241.66,False
PK-2023-00832,2023-08-30,C-0097,Punjab,Fashion,Mobile App,Card,4,44133.23,35996.89,8136.34,False
PK-2023-00066,2023-08-30,C-0228,KPK,Sports,In-Store,Card,3,22324.71,18825.53,3499.18,True
PK-2023-01799,2023-08-30,C-0228,KPK,Fashion,Online,Easypaisa,4,37954.12,32100.55,5853.57,False
PK-2023-00228,2023-08-30,C-0471,Punjab,Electronics,Online,Cash on Delivery,3,34084.84,27701.4,6383.44,False
PK-2023-00165,2023-08-30,C-0313,Sindh,Beauty & Personal Care,In-Store,Cash on Delivery,2,31005.24,24692.34,6312.91,False
PK-2023-00154,2023-08-30,C-0459,Sindh,Beauty & Personal Care,Online,Card,1,23354.35,19408.4,3945.95,False
PK-2023-01293,2023-08-30,C-0713,Balochistan,Home & Living,In-Store,Card,3,58738.01,47239.53,11498.48,False
PK-2023-00969,2023-08-30,C-0762,Punjab,Home & Living,Mobile App,JazzCash,2,44558.05,36208.14,8349.91,False
PK-2023-01893,2023-08-30,C-0547,Sindh,Home & Living,Online,Cash on Delivery,4,45955.53,38300.92,7654.6,False
PK-2023-00629,2023-08-30,C-0501,Punjab,Fashion,Online,JazzCash,4,54138.54,44559.42,9579.12,False
PK-2023-00017,2023-08-30,C-0059,Punjab,Electronics,Online,Cash on Delivery,2,16908.59,13692.39,3216.2,False
PK-2023-00542,2023-08-30,C-0612,Punjab,Fashion,Online,Easypaisa,2,15622.1,11913.04,3709.07,False
PK-2023-00079,2023-08-31,C-0385,Punjab,Fashion,Online,Card,1,8688.64,7318.26,1370.37,False
PK-2023-00067,2023-08-31,C-0486,Punjab,Home & Living,Mobile App,Easypaisa,4,28466.47,23428.11,5038.37,False
PK-2023-01588,2023-08-31,C-0508,Punjab,Home & Living,Wholesale,Card,3,22943.65,19367.95,3575.7,False
PK-2023-01213,2023-09-01,C-0126,Islamabad,Beauty & Personal Care,Mobile App,Easypaisa,4,37034.08,28715.57,8318.51,False
PK-2023-01302,2023-09-01,C-0189,Sindh,Fashion,Mobile App,JazzCash,2,20268.79,16648.76,3620.04,False
PK-2023-01031,2023-09-01,C-0414,Punjab,Beauty & Personal Care,Online,JazzCash,1,10814.77,8676.28,2138.49,False
PK-2023-00706,2023-09-01,C-0711,Punjab,Home & Living,Mobile App,JazzCash,4,55232.98,47211.06,8021.91,False
PK-2023-01317,2023-09-01,C-0420,Punjab,Groceries,In-Store,JazzCash,1,12856.19,9992.73,2863.46,False
PK-2023-00717,2023-09-01,C-0353,Punjab,Home & Living,In-Store,Cash on Delivery,2,19507.17,17232.64,2274.54,False
PK-2023-01880,2023-09-01,C-0690,Punjab,Fashion,Wholesale,JazzCash,4,61484.55,49810.29,11674.26,False
PK-2023-00063,2023-09-02,C-0385,Punjab,Home & Living,Online,Card,3,21559.41,17598.21,3961.2,False
PK-2023-01328,2023-09-02,C-0611,Islamabad,Beauty & Personal Care,Online,Cash on Delivery,4,54104.72,43650.78,10453.93,False
PK-2023-00490,2023-09-02,C-0296,Sindh,Home & Living,Wholesale,Card,4,42472.04,36765.55,5706.49,False
PK-2023-00353,2023-09-02,C-0611,KPK,Electronics,In-Store,Cash on Delivery,3,17388.9,14500.56,2888.34,False
PK-2023-01344,2023-09-02,C-0172,Sindh,Electronics,Online,Cash on Delivery,2,15243.78,12212.33,3031.45,False
PK-2023-01724,2023-09-02,C-0466,Balochistan,Fashion,Online,Easypaisa,2,14850.42,11411.41,3439.01,False
PK-2023-01218,2023-09-02,C-0492,Punjab,Electronics,In-Store,Easypaisa,2,12306.12,10493.14,1812.98,False
PK-2023-00836,2023-09-03,C-0755,Balochistan,Groceries,Online,JazzCash,4,65868.99,51527.29,14341.71,False
PK-2023-01446,2023-09-03,C-0585,Punjab,Fashion,Mobile App,Card,3,22877.88,18338.8,4539.08,False
PK-2023-01797,2023-09-03,C-0258,Sindh,Groceries,Online,Easypaisa,4,37985.91,30286.04,7699.87,False
PK-2023-01201,2023-09-03,C-0141,Punjab,Beauty & Personal Care,Online,Card,4,59065.3,48065.01,11000.29,False
PK-2023-01399,2023-09-03,C-0317,KPK,Groceries,Wholesale,Card,1,12074.67,10095.3,1979.37,False
PK-2023-01572,2023-09-03,C-0463,Punjab,Electronics,Wholesale,Cash on Delivery,1,8178.08,6764.28,1413.8,False
PK-2023-01290,2023-09-03,C-0637,Sindh,Fashion,Online,Easypaisa,2,22872.08,20030.32,2841.76,False
PK-2023-00058,2023-09-03,C-0532,Islamabad,Home & Living,Mobile App,JazzCash,4,22853.52,18959.51,3894.0,False
PK-2023-00772,2023-09-04,C-0041,Sindh,Beauty & Personal Care,Mobile App,JazzCash,2,24062.64,20423.08,3639.56,False
PK-2023-01963,2023-09-04,C-0059,Sindh,Groceries,In-Store,Card,4,49293.59,40003.47,9290.12,False
PK-2023-01618,2023-09-04,C-0431,Balochistan,Electronics,In-Store,Easypaisa,4,43417.22,35863.52,7553.69,False
PK-2023-00144,2023-09-04,C-0288,Punjab,Beauty & Personal Care,Mobile App,Card,3,32944.67,25284.03,7660.64,False
PK-2023-00285,2023-09-04,C-0688,Balochistan,Electronics,In-Store,Cash on Delivery,2,16758.43,13902.72,2855.71,False
PK-2023-00864,2023-09-04,C-0728,KPK,Electronics,Online,Cash on Delivery,1,14552.3,11596.46,2955.83,False
PK-2023-01842,2023-09-04,C-0163,Punjab,Groceries,Online,Card,2,14645.58,12950.85,1694.73,False
PK-2023-00461,2023-09-05,C-0524,Sindh,Beauty & Personal Care,Online,Easypaisa,1,20431.59,16452.22,3979.37,False
PK-2023-00672,2023-09-05,C-0614,Punjab,Fashion,Online,Card,3,34556.74,29699.18,4857.56,False
PK-2023-00354,2023-09-05,C-0764,Punjab,Home & Living,Online,Card,3,37782.53,33183.18,4599.34,False
PK-2023-00489,2023-09-05,C-0176,Punjab,Electronics,Online,JazzCash,1,6030.81,5008.3,1022.51,False
PK-2023-01265,2023-09-06,C-0721,Punjab,Fashion,Mobile App,Card,2,29348.48,20973.64,8374.84,False
PK-2023-01756,2023-09-06,C-0244,Sindh,Fashion,Wholesale,JazzCash,3,22469.74,18165.15,4304.59,False
PK-2023-00465,2023-09-06,C-0330,Punjab,Electronics,Mobile App,Easypaisa,3,23225.38,19287.05,3938.34,False
PK-2023-01771,2023-09-07,C-0252,KPK,Sports,Online,Easypaisa,4,41200.16,33122.37,8077.79,False
PK-2023-01313,2023-09-07,C-0383,Punjab,Home & Living,Online,Card,1,10221.39,7900.22,2321.17,False
PK-2023-00212,2023-09-07,C-0535,Punjab,Fashion,In-Store,Card,1,6867.71,5471.55,1396.16,False
PK-2023-00114,2023-09-07,C-0585,Sindh,Home & Living,Wholesale,JazzCash,3,41536.37,34012.35,7524.02,False
PK-2023-01901,2023-09-07,C-0133,Balochistan,Electronics,Online,Cash on Delivery,1,16503.85,13528.35,2975.5,False
PK-2023-00880,2023-09-07,C-0757,Punjab,Electronics,Online,Easypaisa,1,16448.71,13291.3,3157.41,False
PK-2023-00133,2023-09-07,C-0274,Sindh,Others,In-Store,Cash on Delivery,1,17271.73,13944.12,3327.62,False
PK-2023-01689,2023-09-08,C-0651,KPK,Home & Living,Online,Card,2,18483.27,15680.41,2802.87,False
PK-2023-01861,2023-09-08,C-0467,Sindh,Home & Living,Mobile App,Cash on Delivery,4,19394.49,15846.82,3547.67,False
PK-2023-00121,2023-09-08,C-0326,Islamabad,Electronics,Online,Card,1,18660.16,15035.69,3624.48,False
PK-2023-00814,2023-09-08,C-0018,Islamabad,Electronics,Online,JazzCash,1,14649.43,11651.48,2997.95,False
PK-2023-00929,2023-09-08,C-0086,KPK,Fashion,Online,Card,1,12593.35,9466.41,3126.95,False
PK-2023-01274,2023-09-08,C-0292,Balochistan,Groceries,Online,Card,2,27360.98,22350.97,5010.01,False
PK-2023-00130,2023-09-09,C-0750,Islamabad,Electronics,Online,Cash on Delivery,4,38002.18,32403.39,5598.78,False
PK-2023-01095,2023-09-09,C-0595,Islamabad,Home & Living,Mobile App,JazzCash,4,64931.85,56083.94,8847.91,False
PK-2023-01232,2023-09-09,C-0462,Islamabad,Electronics,Online,Card,3,49132.49,40198.94,8933.55,False
PK-2023-00559,2023-09-09,C-0311,Punjab,Home & Living,In-Store,JazzCash,4,39110.74,32762.1,6348.63,False
PK-2023-00393,2023-09-09,C-0270,Sindh,Fashion,Online,Cash on Delivery,3,47674.95,39590.02,8084.93,False
PK-2023-00578,2023-09-09,C-0714,Punjab,Beauty & Personal Care,In-Store,Card,2,40182.7,32793.98,7388.72,True
PK-2023-00483,2023-09-09,C-0687,KPK,Electronics,In-Store,Card,1,8159.11,6487.48,1671.62,False
PK-2023-00659,2023-09-10,C-0401,Sindh,Electronics,In-Store,JazzCash,4,33517.23,25102.67,8414.57,False
PK-2023-01280,2023-09-10,C-0442,KPK,Electronics,In-Store,Cash on Delivery,1,25820.64,23082.89,2737.75,False
PK-2023-00698,2023-09-10,C-0109,Sindh,Electronics,Online,JazzCash,1,8150.06,6771.91,1378.15,False
PK-2023-00349,2023-09-10,C-0044,Sindh,Electronics,Mobile App,JazzCash,1,7806.35,6975.46,830.89,False
PK-2023-00773,2023-09-10,C-0300,Punjab,Sports,Online,Cash on Delivery,1,19624.96,15904.45,3720.51,False
PK-2023-00135,2023-09-10,C-0386,Sindh,Home & Living,Online,Easypaisa,2,15051.78,13261.47,1790.3,False
PK-2023-00274,2023-09-10,C-0164,Balochistan,Beauty & Personal Care,Online,Card,3,52733.42,43741.81,8991.6,False
PK-2023-00260,2023-09-11,C-0344,Punjab,Fashion,Online,Card,2,16087.09,13326.25,2760.84,False
PK-2023-01483,2023-09-11,C-0460,Punjab,Beauty & Personal Care,Mobile App,Card,3,30617.45,23101.6,7515.85,False
PK-2023-00344,2023-09-11,C-0242,Punjab,Fashion,Online,Card,3,39545.7,30555.43,8990.27,False
PK-2023-00822,2023-09-11,C-0374,Punjab,Groceries,Wholesale,Card,3,46472.1,37570.88,8901.22,False
PK-2023-00804,2023-09-11,C-0473,Sindh,Home & Living,Online,Card,1,11341.46,8950.23,2391.23,False
PK-2023-01338,2023-09-11,C-0693,KPK,Sports,Mobile App,JazzCash,3,47322.55,38985.75,8336.8,False
PK-2023-00675,2023-09-12,C-0358,KPK,Home & Living,In-Store,Easypaisa,2,13136.09,9935.88,3200.22,False
PK-2023-01307,2023-09-12,C-0197,Islamabad,Electronics,Online,Cash on Delivery,2,41306.61,32695.03,8611.58,False
PK-2023-00234,2023-09-12,C-0727,KPK,Sports,Online,Easypaisa,3,44428.33,39377.13,5051.2,False
PK-2023-00827,2023-09-12,C-0750,Punjab,Home & Living,Online,Easypaisa,3,41354.48,35446.79,5907.69,False
PK-2023-00524,2023-09-13,C-0544,Balochistan,Groceries,Online,Card,1,10784.55,8897.58,1886.97,False
PK-2023-01012,2023-09-13,C-0705,Sindh,Sports,Wholesale,Cash on Delivery,2,15699.29,12260.18,3439.12,False
PK-2023-00360,2023-09-13,C-0752,KPK,Electronics,Online,Cash on Delivery,2,24653.7,19787.18,4866.53,False
PK-2023-00790,2023-09-13,C-0148,KPK,Fashion,In-Store,Cash on Delivery,1,16913.56,13847.17,3066.39,False
PK-2023-00197,2023-09-13,C-0700,Punjab,Electronics,In-Store,Easypaisa,2,17142.25,15162.74,1979.51,False
PK-2023-01919,2023-09-13,C-0584,Balochistan,Groceries,Wholesale,Easypaisa,3,42355.92,38527.91,3828.01,False
PK-2023-00594,2023-09-13,C-0598,Punjab,Electronics,In-Store,Cash on Delivery,3,33852.95,28254.59,5598.35,False
PK-2023-00784,2023-09-14,C-0380,Sindh,Fashion,Online,Card,2,18358.47,16675.59,1682.88,False
PK-2023-01207,2023-09-14,C-0205,Punjab,Electronics,Mobile App,Cash on Delivery,2,21117.33,17196.63,3920.7,False
PK-2023-01824,2023-09-14,C-0323,Punjab,Electronics,Online,Easypaisa,3,29582.58,24130.76,5451.82,False
PK-2023-00247,2023-09-14,C-0515,Balochistan,Electronics,Wholesale,Cash on Delivery,4,24727.4,20263.16,4464.24,False
PK-2023-00882,2023-09-14,C-0141,Sindh,Electronics,Mobile App,Easypaisa,4,24355.6,20638.83,3716.77,False
PK-2023-01938,2023-09-14,C-0328,Sindh,Groceries,Online,Card,4,49238.5,40257.14,8981.36,False
PK-2023-00425,2023-09-15,C-0480,Sindh,Sports,Online,Easypaisa,4,31053.36,24290.45,6762.91,False
PK-2023-00245,2023-09-15,C-0567,KPK,Fashion,Online,JazzCash,4,56210.21,44566.06,11644.15,False
PK-2023-01346,2023-09-15,C-0370,Punjab,Groceries,Mobile App,Card,4,56515.62,44712.74,11802.89,False
PK-2023-01905,2023-09-15,C-0765,Sindh,Fashion,Wholesale,JazzCash,2,21260.48,16976.89,4283.6,False
PK-2023-01585,2023-09-15,C-0603,KPK,Sports,Mobile App,Cash on Delivery,1,27107.9,21315.66,5792.24,False
PK-2023-01718,2023-09-15,C-0354,Islamabad,Beauty & Personal Care,In-Store,JazzCash,2,46837.61,35940.01,10897.59,False
PK-2023-00831,2023-09-16,C-0408,Sindh,Electronics,Mobile App,Card,2,18403.21,15122.01,3281.2,False
PK-2023-01247,2023-09-16,C-0529,Sindh,Fashion,In-Store,Card,3,21941.22,17809.91,4131.3,False
PK-2023-00478,2023-09-16,C-0586,Punjab,Electronics,Online,Card,3,32520.17,24790.27,7729.9,False
PK-2023-01801,2023-09-16,C-0092,Sindh,Electronics,Online,JazzCash,1,6088.41,4917.25,1171.16,False
PK-2023-01072,2023-09-16,C-0569,Punjab,Others,Online,Card,1,6226.34,5183.94,1042.4,False
PK-2023-00976,2023-09-16,C-0768,Sindh,Beauty & Personal Care,Online,Card,1,8489.49,6535.51,1953.98,False
PK-2023-01932,2023-09-16,C-0219,Punjab,Home & Living,Mobile App,Cash on Delivery,1,16305.56,12707.12,3598.44,False
PK-2023-00879,2023-09-16,C-0500,Punjab,Home & Living,Mobile App,Card,1,13610.16,11656.86,1953.3,False
PK-2023-01062,2023-09-16,C-0093,Punjab,Fashion,Online,JazzCash,3,28066.19,22313.91,5752.28,True
PK-2023-01432,2023-09-17,C-0679,Sindh,Home & Living,Mobile App,Easypaisa,1,11211.45,9599.86,1611.59,False
PK-2023-00448,2023-09-17,C-0514,Sindh,Fashion,Online,Cash on Delivery,4,56393.29,44210.16,12183.13,False
PK-2023-01960,2023-09-17,C-0200,Punjab,Fashion,Wholesale,Card,3,39149.38,29562.73,9586.65,False
PK-2023-01562,2023-09-17,C-0247,Punjab,Home & Living,Online,Cash on Delivery,3,17128.22,13862.16,3266.05,True
PK-2023-00336,2023-09-17,C-0402,Punjab,Groceries,Online,Card,4,57364.5,47761.57,9602.92,False
PK-2023-00923,2023-09-18,C-0080,Punjab,Electronics,Online,Card,2,14195.78,12781.12,1414.67,False
PK-2023-00351,2023-09-18,C-0536,Punjab,Electronics,In-Store,Cash on Delivery,4,52354.81,42196.42,10158.39,False
PK-2023-01961,2023-09-18,C-0298,Punjab,Fashion,Online,Easypaisa,4,37121.2,29641.35,7479.85,False
PK-2023-00450,2023-09-18,C-0011,Punjab,Home & Living,In-Store,Cash on Delivery,2,23001.24,18951.3,4049.93,False
PK-2023-01820,2023-09-19,C-0533,Sindh,Beauty & Personal Care,Online,Easypaisa,1,12658.42,10441.81,2216.61,False
PK-2023-01672,2023-09-19,C-0482,Balochistan,Home & Living,Online,Easypaisa,1,8732.54,6908.51,1824.03,False
PK-2023-01363,2023-09-19,C-0302,Punjab,Home & Living,In-Store,Cash on Delivery,2,28419.96,23145.12,5274.83,False
PK-2023-00777,2023-09-19,C-0726,Sindh,Groceries,Online,Card,3,18177.94,15005.22,3172.72,False
PK-2023-01985,2023-09-19,C-0062,KPK,Fashion,In-Store,Cash on Delivery,4,44380.72,35555.67,8825.05,True
PK-2023-00600,2023-09-19,C-0502,Sindh,Others,Online,JazzCash,2,24938.72,20045.2,4893.52,False
PK-2023-01254,2023-09-19,C-0051,Balochistan,Home & Living,Mobile App,Easypaisa,2,44195.73,36756.66,7439.07,False
PK-2023-01452,2023-09-19,C-0203,Sindh,Home & Living,Online,JazzCash,4,42625.63,36941.07,5684.56,False
PK-2023-01113,2023-09-19,C-0069,KPK,Groceries,Mobile App,Cash on Delivery,2,36224.07,32614.55,3609.52,False
PK-2023-00770,2023-09-19,C-0359,KPK,Others,Online,Cash on Delivery,1,4870.2,3883.87,986.33,True
PK-2023-00819,2023-09-20,C-0123,Sindh,Fashion,Online,Card,3,57508.5,48255.03,9253.48,False
PK-2023-00991,2023-09-20,C-0001,Punjab,Beauty & Personal Care,Online,JazzCash,3,36381.45,31489.08,4892.38,False
PK-2023-00645,2023-09-20,C-0344,Punjab,Fashion,Mobile App,JazzCash,4,52534.41,42937.06,9597.35,False
PK-2023-01802,2023-09-20,C-0745,Sindh,Electronics,In-Store,Easypaisa,1,13476.66,11434.16,2042.5,False
PK-2023-01800,2023-09-20,C-0175,Sindh,Electronics,Online,JazzCash,1,11762.54,10184.2,1578.34,False
PK-2023-01513,2023-09-21,C-0730,Sindh,Others,Online,Card,1,7839.85,6301.44,1538.41,False
PK-2023-00498,2023-09-21,C-0011,Sindh,Electronics,Online,Easypaisa,2,15858.03,13287.49,2570.54,False
PK-2023-01449,2023-09-21,C-0261,Sindh,Fashion,Online,Card,3,39547.45,32512.16,7035.29,False
PK-2023-00120,2023-09-21,C-0275,Sindh,Electronics,Online,Easypaisa,4,23446.42,17549.54,5896.88,False
PK-2023-01846,2023-09-21,C-0388,Balochistan,Home & Living,Online,Card,1,8022.73,6447.67,1575.06,False
PK-2023-01064,2023-09-21,C-0345,Punjab,Sports,Online,JazzCash,1,15211.18,12580.25,2630.93,False
PK-2023-00440,2023-09-22,C-0539,Punjab,Groceries,Mobile App,JazzCash,4,41515.71,31792.79,9722.92,False
PK-2023-00096,2023-09-22,C-0579,Punjab,Fashion,Online,JazzCash,4,79988.09,64839.67,15148.42,False
PK-2023-01773,2023-09-22,C-0031,Punjab,Groceries,Online,JazzCash,3,28690.1,24588.97,4101.13,False
PK-2023-00586,2023-09-22,C-0619,KPK,Fashion,Online,Card,2,24626.78,18265.57,6361.2,False
PK-2023-00598,2023-09-23,C-0181,Punjab,Fashion,Online,Easypaisa,1,8164.42,6455.31,1709.11,False
PK-2023-01079,2023-09-23,C-0159,Punjab,Home & Living,Online,Cash on Delivery,1,12786.49,10580.99,2205.5,False
PK-2023-00020,2023-09-23,C-0374,KPK,Fashion,Wholesale,Easypaisa,3,37598.02,30991.53,6606.49,False
PK-2023-01379,2023-09-23,C-0616,Punjab,Fashion,Online,Easypaisa,1,10630.04,8411.86,2218.17,True
PK-2023-01284,2023-09-23,C-0099,Punjab,Electronics,Online,Easypaisa,4,23578.84,19683.96,3894.87,False
PK-2023-01498,2023-09-23,C-0024,Punjab,Groceries,Mobile App,Card,4,57699.4,42484.6,15214.8,False
PK-2023-00329,2023-09-23,C-0442,Balochistan,Home & Living,Online,JazzCash,4,40871.46,32746.04,8125.42,False
PK-2023-00229,2023-09-23,C-0657,Sindh,Electronics,Online,Easypaisa,4,36722.49,31528.15,5194.34,False
PK-2023-01005,2023-09-23,C-0675,Punjab,Electronics,In-Store,Cash on Delivery,4,42232.72,32621.68,9611.04,False
PK-2023-01485,2023-09-24,C-0141,Balochistan,Groceries,Online,Cash on Delivery,3,31892.55,25131.82,6760.73,False
PK-2023-01746,2023-09-24,C-0265,Punjab,Groceries,Mobile App,Cash on Delivery,1,20198.63,16843.13,3355.5,False
PK-2023-00065,2023-09-24,C-0069,Punjab,Fashion,Online,Easypaisa,1,21025.03,16258.63,4766.41,False
PK-2023-00564,2023-09-24,C-0589,Balochistan,Home & Living,Wholesale,Card,3,32655.48,27976.22,4679.27,False
PK-2023-00479,2023-09-24,C-0142,Balochistan,Fashion,Online,Easypaisa,4,26480.2,19564.99,6915.21,False
PK-2023-00460,2023-09-24,C-0464,Balochistan,Home & Living,In-Store,JazzCash,3,98680.14,78010.11,20670.03,False
PK-2023-00391,2023-09-24,C-0516,Punjab,Home & Living,Online,Card,1,6049.87,4886.88,1162.99,False
PK-2023-01882,2023-09-24,C-0621,Punjab,Sports,Online,Card,1,10486.78,9543.16,943.62,False
PK-2023-00685,2023-09-24,C-0320,Islamabad,Fashion,Online,Card,2,20941.81,17521.94,3419.87,False
PK-2023-01704,2023-09-25,C-0391,KPK,Groceries,Mobile App,Card,1,11500.39,9521.96,1978.43,False
PK-2023-01865,2023-09-25,C-0538,KPK,Sports,In-Store,Cash on Delivery,1,16713.98,14021.35,2692.63,False
PK-2023-00534,2023-09-25,C-0574,Sindh,Electronics,Online,Cash on Delivery,4,38252.29,33694.47,4557.82,False
PK-2023-01662,2023-09-25,C-0050,Punjab,Sports,Wholesale,Cash on Delivery,1,9123.22,7211.2,1912.02,False
PK-2023-00308,2023-09-25,C-0645,Punjab,Fashion,In-Store,Card,4,60517.78,52010.56,8507.22,False
PK-2023-01775,2023-09-25,C-0411,Punjab,Beauty & Personal Care,In-Store,Card,2,10731.1,8337.85,2393.25,False
PK-2023-01496,2023-09-25,C-0109,Punjab,Beauty & Personal Care,In-Store,Cash on Delivery,4,52616.44,43780.41,8836.03,False
PK-2023-00997,2023-09-25,C-0063,Punjab,Groceries,In-Store,Cash on Delivery,1,13190.03,10002.89,3187.14,False
PK-2023-01751,2023-09-25,C-0627,Punjab,Electronics,In-Store,Cash on Delivery,4,47400.87,39500.05,7900.82,False
PK-2023-00300,2023-09-26,C-0350,KPK,Groceries,Wholesale,JazzCash,1,7054.95,5663.95,1391.0,False
PK-2023-01559,2023-09-26,C-0318,KPK,Groceries,In-Store,Card,1,23362.89,18768.64,4594.24,False
PK-2023-01848,2023-09-26,C-0114,Punjab,Groceries,Online,JazzCash,2,46847.69,37994.92,8852.77,False
PK-2023-00013,2023-09-26,C-0563,Islamabad,Electronics,Online,Cash on Delivery,2,26310.31,21066.94,5243.37,False
PK-2023-01931,2023-09-26,C-0203,Islamabad,Home & Living,Online,JazzCash,1,18659.4,14053.01,4606.39,False
PK-2023-01633,2023-09-26,C-0089,Sindh,Home & Living,In-Store,Card,3,22600.53,18580.46,4020.06,False
PK-2023-01224,2023-09-27,C-0553,Punjab,Groceries,Online,Cash on Delivery,3,48554.44,35242.09,13312.35,False
PK-2023-01092,2023-09-27,C-0527,KPK,Sports,Mobile App,Easypaisa,3,40268.87,30657.47,9611.4,False
PK-2023-01036,2023-09-27,C-0380,Punjab,Groceries,Mobile App,Card,1,36391.5,28250.05,8141.45,False
PK-2023-00565,2023-09-28,C-0159,Punjab,Home & Living,Online,JazzCash,2,15239.84,11862.66,3377.18,False
PK-2023-01493,2023-09-28,C-0742,Punjab,Beauty & Personal Care,In-Store,Cash on Delivery,3,30139.6,24740.12,5399.49,False
PK-2023-00412,2023-09-28,C-0682,Punjab,Others,In-Store,JazzCash,2,17048.06,13703.5,3344.56,False
PK-2023-00492,2023-09-28,C-0599,Balochistan,Fashion,Mobile App,Easypaisa,1,5976.03,4811.64,1164.39,False
PK-2023-00122,2023-09-28,C-0131,KPK,Electronics,Online,Cash on Delivery,3,19378.93,16120.81,3258.11,False
PK-2023-00467,2023-09-28,C-0034,Punjab,Beauty & Personal Care,Online,Card,2,24771.83,18738.63,6033.2,False
PK-2023-00251,2023-09-29,C-0155,Punjab,Home & Living,In-Store,JazzCash,1,13228.16,10341.17,2886.99,False
PK-2023-00699,2023-09-29,C-0111,Sindh,Fashion,In-Store,Card,1,12197.41,10414.26,1783.15,False
PK-2023-01190,2023-09-29,C-0222,Sindh,Fashion,Mobile App,Easypaisa,1,7309.86,5529.63,1780.22,False
PK-2023-00493,2023-09-29,C-0667,Islamabad,Electronics,In-Store,Card,2,33391.46,27191.78,6199.67,False
PK-2023-01162,2023-09-29,C-0428,Islamabad,Others,Online,Card,3,68298.3,57202.9,11095.4,False
PK-2023-00326,2023-09-29,C-0023,Sindh,Others,Online,JazzCash,1,9328.69,7722.86,1605.83,False
PK-2023-01465,2023-09-29,C-0268,Punjab,Groceries,Wholesale,Easypaisa,3,45002.98,35473.43,9529.55,False
PK-2023-00906,2023-09-29,C-0759,Sindh,Groceries,In-Store,Cash on Delivery,1,14549.25,11507.38,3041.87,False
PK-2023-00612,2023-09-29,C-0281,Punjab,Beauty & Personal Care,Online,Card,1,17419.69,14922.37,2497.32,False
PK-2023-00719,2023-09-29,C-0495,Sindh,Electronics,Mobile App,Cash on Delivery,1,11095.43,8854.05,2241.38,False
PK-2023-01377,2023-09-29,C-0763,Punjab,Electronics,Online,Easypaisa,1,9343.87,7654.15,1689.72,False
PK-2023-01129,2023-09-29,C-0036,Islamabad,Groceries,In-Store,Cash on Delivery,3,38593.8,30542.48,8051.32,False
PK-2023-00421,2023-09-30,C-0073,Punjab,Electronics,Online,JazzCash,3,32673.04,27097.75,5575.29,False
PK-2023-00365,2023-09-30,C-0055,KPK,Groceries,In-Store,Card,4,58530.41,44638.34,13892.07,False
PK-2023-01043,2023-09-30,C-0233,Punjab,Beauty & Personal Care,Online,Card,1,10777.51,9087.77,1689.73,False
PK-2023-01198,2023-09-30,C-0325,Punjab,Electronics,In-Store,JazzCash,2,24202.63,18722.1,5480.53,False
PK-2023-01897,2023-09-30,C-0205,Punjab,Fashion,Mobile App,Card,2,12108.36,10227.2,1881.16,False
PK-2023-01011,2023-10-01,C-0117,Punjab,Fashion,Online,JazzCash,2,20880.59,17083.78,3796.8,False
PK-2023-01719,2023-10-01,C-0736,Punjab,Sports,In-Store,Card,2,38432.8,31111.22,7321.58,False
PK-2023-00158,2023-10-01,C-0602,Punjab,Electronics,Online,JazzCash,4,38793.51,31682.68,7110.84,False
PK-2023-01917,2023-10-01,C-0599,KPK,Home & Living,In-Store,JazzCash,3,15302.47,13639.11,1663.36,False
PK-2023-01292,2023-10-01,C-0530,Sindh,Groceries,Online,Card,2,23773.84,18919.09,4854.75,False
PK-2023-01025,2023-10-01,C-0132,Sindh,Fashion,Online,Card,4,53310.33,44015.91,9294.43,False
PK-2023-00223,2023-10-02,C-0200,Punjab,Fashion,Mobile App,JazzCash,3,26839.83,21171.41,5668.41,False
PK-2023-00078,2023-10-02,C-0729,Sindh,Electronics,Online,Card,1,15875.11,11398.71,4476.4,False
PK-2023-01121,2023-10-02,C-0351,Sindh,Electronics,Online,Cash on Delivery,4,40038.62,30552.06,9486.56,False
PK-2023-01500,2023-10-02,C-0177,Punjab,Beauty & Personal Care,Online,JazzCash,3,33030.28,29185.66,3844.62,False
PK-2023-00081,2023-10-02,C-0494,Punjab,Fashion,Online,Easypaisa,3,52922.38,42362.3,10560.08,False
PK-2023-00824,2023-10-02,C-0230,KPK,Others,Online,Easypaisa,3,66071.71,51832.69,14239.02,False
PK-2023-00186,2023-10-02,C-0518,Balochistan,Electronics,In-Store,Cash on Delivery,2,37294.91,31895.88,5399.03,True
PK-2023-01044,2023-10-02,C-0673,Sindh,Fashion,Online,Cash on Delivery,2,20336.16,16580.66,3755.5,False
PK-2023-01051,2023-10-03,C-0507,Punjab,Sports,Wholesale,Card,1,11248.18,9272.2,1975.98,False
PK-2023-01042,2023-10-03,C-0162,Punjab,Sports,Online,Cash on Delivery,3,50497.72,37463.83,13033.89,False
PK-2023-00411,2023-10-03,C-0080,Punjab,Groceries,Online,JazzCash,4,54300.11,43660.94,10639.17,False
PK-2023-00054,2023-10-03,C-0758,Sindh,Beauty & Personal Care,Online,JazzCash,2,35158.84,27777.0,7381.83,False
PK-2023-00368,2023-10-04,C-0597,Sindh,Fashion,Online,Card,1,19938.61,16029.46,3909.15,False
PK-2023-00566,2023-10-04,C-0224,KPK,Fashion,In-Store,JazzCash,2,17874.87,15046.98,2827.89,False
PK-2023-00040,2023-10-04,C-0176,Balochistan,Beauty & Personal Care,Online,Card,3,46223.97,36899.29,9324.68,False
PK-2023-01308,2023-10-04,C-0045,Punjab,Electronics,In-Store,JazzCash,1,9541.9,7843.14,1698.75,True
PK-2023-01361,2023-10-04,C-0766,Sindh,Fashion,Online,Easypaisa,1,8449.91,6754.38,1695.52,False
PK-2023-00061,2023-10-04,C-0634,Islamabad,Sports,Mobile App,Card,1,24035.79,20558.81,3476.98,False
PK-2023-00156,2023-10-05,C-0324,Punjab,Beauty & Personal Care,Online,Card,1,23808.76,20327.46,3481.29,False
PK-2023-01056,2023-10-05,C-0409,Punjab,Home & Living,Online,Cash on Delivery,3,43293.29,34799.54,8493.76,False
PK-2023-01501,2023-10-05,C-0557,Punjab,Fashion,Mobile App,Card,3,37545.99,29881.66,7664.33,False
PK-2023-00712,2023-10-05,C-0201,Punjab,Electronics,In-Store,JazzCash,4,33073.75,27643.69,5430.06,False
PK-2023-01466,2023-10-05,C-0425,Balochistan,Beauty & Personal Care,Online,Card,2,27619.87,22547.5,5072.36,False
PK-2023-01992,2023-10-05,C-0068,KPK,Fashion,Wholesale,Easypaisa,4,50382.95,41388.66,8994.29,False
PK-2023-01140,2023-10-05,C-0696,Balochistan,Fashion,Online,Card,4,41717.5,32741.38,8976.12,False
PK-2023-00653,2023-10-05,C-0189,Punjab,Beauty & Personal Care,Mobile App,Card,4,32769.39,25705.24,7064.15,False
PK-2023-01805,2023-10-05,C-0169,Sindh,Electronics,Online,Card,1,9022.0,7336.07,1685.93,True
PK-2023-00834,2023-10-06,C-0734,KPK,Beauty & Personal Care,Wholesale,Card,4,60284.94,51990.18,8294.75,False
PK-2023-00637,2023-10-06,C-0763,Punjab,Home & Living,Online,Card,3,25171.88,19835.0,5336.87,False
PK-2023-01695,2023-10-06,C-0512,KPK,Groceries,Online,JazzCash,1,8892.84,6907.39,1985.45,False
PK-2023-00649,2023-10-06,C-0421,Punjab,Groceries,Wholesale,Easypaisa,2,34878.49,29522.94,5355.55,False
PK-2023-00208,2023-10-06,C-0767,Punjab,Fashion,Online,Easypaisa,3,17662.38,15722.85,1939.52,False
PK-2023-01219,2023-10-06,C-0639,Punjab,Fashion,Online,Cash on Delivery,4,22815.37,18177.42,4637.95,False
PK-2023-01603,2023-10-06,C-0469,Balochistan,Home & Living,Mobile App,Easypaisa,4,49953.24,39553.55,10399.68,False
PK-2023-01017,2023-10-06,C-0263,Sindh,Sports,Online,Card,1,11242.22,9288.6,1953.62,False
PK-2023-01596,2023-10-07,C-0674,Sindh,Others,In-Store,Easypaisa,3,29462.64,24744.86,4717.78,False
PK-2023-01316,2023-10-07,C-0489,Sindh,Electronics,Online,Card,2,11591.62,9717.28,1874.34,False
PK-2023-00275,2023-10-07,C-0306,Punjab,Beauty & Personal Care,Online,JazzCash,1,9973.21,7864.76,2108.45,False
PK-2023-01234,2023-10-07,C-0462,Sindh,Electronics,Online,Cash on Delivery,3,28364.51,24286.6,4077.92,False
PK-2023-00890,2023-10-08,C-0688,Islamabad,Electronics,Mobile App,Card,4,90020.47,76667.65,13352.83,False
PK-2023-00049,2023-10-08,C-0318,Punjab,Electronics,Online,JazzCash,2,12883.48,10740.62,2142.86,False
PK-2023-00755,2023-10-08,C-0431,Islamabad,Sports,Online,Easypaisa,1,12925.91,10836.65,2089.26,False
PK-2023-01806,2023-10-08,C-0337,KPK,Electronics,In-Store,Card,4,33205.37,24699.22,8506.16,False
PK-2023-00030,2023-10-08,C-0405,Islamabad,Home & Living,Online,Easypaisa,1,8210.33,6608.42,1601.91,False
PK-2023-00848,2023-10-08,C-0076,KPK,Electronics,Online,Easypaisa,4,37464.18,28261.94,9202.24,False
PK-2023-01068,2023-10-09,C-0416,Punjab,Electronics,Wholesale,JazzCash,4,51446.88,42338.79,9108.09,False
PK-2023-01788,2023-10-09,C-0082,Balochistan,Electronics,In-Store,Card,1,12446.07,10072.94,2373.13,False
PK-2023-00531,2023-10-09,C-0671,KPK,Groceries,Online,Cash on Delivery,3,50379.43,38074.87,12304.56,False
PK-2023-01128,2023-10-09,C-0557,Punjab,Electronics,Online,Cash on Delivery,1,12169.3,9928.42,2240.89,False
PK-2023-00318,2023-10-09,C-0053,KPK,Beauty & Personal Care,In-Store,JazzCash,1,7730.0,6296.93,1433.08,False
PK-2023-00394,2023-10-09,C-0593,KPK,Electronics,Online,JazzCash,3,59528.83,48125.73,11403.1,False
PK-2023-01359,2023-10-10,C-0129,Punjab,Groceries,Online,Card,3,39646.37,32712.3,6934.07,False
PK-2023-01634,2023-10-10,C-0042,Punjab,Fashion,Mobile App,Cash on Delivery,4,59216.03,47109.77,12106.26,False
PK-2023-01794,2023-10-10,C-0159,Punjab,Electronics,Online,Cash on Delivery,1,19239.33,16684.69,2554.64,False
PK-2023-01988,2023-10-11,C-0732,Punjab,Home & Living,Wholesale,JazzCash,2,13441.87,11008.19,2433.67,False
PK-2023-00807,2023-10-11,C-0002,Sindh,Fashion,Mobile App,Card,3,56600.43,43946.8,12653.63,False
PK-2023-01804,2023-10-11,C-0521,Sindh,Electronics,Mobile App,Card,4,55263.03,43146.98,12116.05,False
PK-2023-00333,2023-10-11,C-0122,Punjab,Beauty & Personal Care,Mobile App,Easypaisa,4,39169.0,31651.79,7517.21,False
PK-2023-00211,2023-10-11,C-0491,KPK,Others,Online,Cash on Delivery,2,25978.15,21348.98,4629.17,False
PK-2023-00092,2023-10-12,C-0216,KPK,Beauty & Personal Care,Online,JazzCash,1,12575.23,10982.89,1592.34,False
PK-2023-00433,2023-10-12,C-0301,Balochistan,Home & Living,Online,Easypaisa,3,33886.99,26220.11,7666.88,False
PK-2023-00004,2023-10-12,C-0140,Punjab,Groceries,Online,Cash on Delivery,4,56165.62,46117.8,10047.81,False
PK-2023-00736,2023-10-12,C-0323,KPK,Home & Living,Wholesale,Cash on Delivery,4,62299.64,53377.9,8921.74,False
PK-2023-00491,2023-10-13,C-0302,Sindh,Others,Online,Easypaisa,2,16177.65,13102.12,3075.53,False
PK-2023-00674,2023-10-13,C-0267,Punjab,Home & Living,Online,Card,4,82534.08,63103.92,19430.16,False
PK-2023-00102,2023-10-13,C-0443,KPK,Electronics,Online,Easypaisa,2,29222.58,23823.31,5399.27,False
PK-2023-00043,2023-10-13,C-0694,Punjab,Groceries,In-Store,Card,3,23936.76,18825.57,5111.19,False
PK-2023-00466,2023-10-13,C-0012,Punjab,Groceries,In-Store,Easypaisa,4,30815.9,25661.43,5154.47,False
PK-2023-01060,2023-10-13,C-0329,Punjab,Electronics,Online,Card,2,22012.11,17456.09,4556.02,False
PK-2023-00597,2023-10-14,C-0393,Sindh,Electronics,Online,Cash on Delivery,4,50619.69,43525.3,7094.39,False
PK-2023-00055,2023-10-14,C-0123,Balochistan,Fashion,Online,Card,4,63508.33,50402.5,13105.83,False
PK-2023-01387,2023-10-14,C-0470,Punjab,Home & Living,Mobile App,Cash on Delivery,3,29970.4,23968.84,6001.56,False
PK-2023-01421,2023-10-14,C-0032,Punjab,Beauty & Personal Care,Online,Card,3,24429.98,18441.76,5988.22,False
PK-2023-01534,2023-10-14,C-0457,Punjab,Electronics,Online,Card,4,67302.17,56639.67,10662.5,False
PK-2023-00532,2023-10-14,C-0266,Punjab,Groceries,Wholesale,Card,4,24852.29,19267.56,5584.73,False
PK-2023-00800,2023-10-15,C-0601,KPK,Beauty & Personal Care,Online,JazzCash,4,61997.33,57717.71,4279.62,False
PK-2023-01410,2023-10-15,C-0618,Balochistan,Electronics,Online,Card,2,15245.29,11678.59,3566.7,False
PK-2023-01525,2023-10-15,C-0390,Punjab,Home & Living,Online,Card,4,30721.3,24270.58,6450.71,False
PK-2023-01723,2023-10-16,C-0157,Punjab,Beauty & Personal Care,Online,Easypaisa,4,60663.83,47836.62,12827.21,False
PK-2023-00446,2023-10-16,C-0599,Sindh,Home & Living,Online,Cash on Delivery,2,22976.39,18570.64,4405.75,False
PK-2023-01777,2023-10-16,C-0764,KPK,Groceries,Online,Card,4,47395.43,36416.51,10978.93,False
PK-2023-00453,2023-10-16,C-0600,KPK,Groceries,Mobile App,JazzCash,4,25004.42,20529.75,4474.67,False
PK-2023-00947,2023-10-16,C-0266,Sindh,Fashion,In-Store,Easypaisa,4,118101.65,99793.37,18308.28,False
PK-2023-01204,2023-10-16,C-0223,Sindh,Groceries,Wholesale,Easypaisa,1,16290.5,13101.21,3189.29,False
PK-2023-01928,2023-10-16,C-0608,Balochistan,Beauty & Personal Care,Online,Cash on Delivery,3,42606.49,36590.3,6016.19,False
PK-2023-00761,2023-10-16,C-0285,Sindh,Groceries,Online,Cash on Delivery,3,47878.7,41652.51,6226.2,False
PK-2023-01745,2023-10-16,C-0376,KPK,Electronics,In-Store,Card,2,23198.23,19871.7,3326.54,False
PK-2023-01935,2023-10-16,C-0476,Punjab,Home & Living,Mobile App,Easypaisa,2,16066.37,13192.86,2873.51,False
PK-2023-00215,2023-10-17,C-0138,Sindh,Sports,Online,Easypaisa,4,79147.6,65411.88,13735.71,False
PK-2023-00638,2023-10-17,C-0751,KPK,Electronics,In-Store,Cash on Delivery,2,22029.89,18577.7,3452.19,False
PK-2023-00875,2023-10-18,C-0099,Sindh,Electronics,Online,Card,2,18901.33,14584.18,4317.15,False
PK-2023-01032,2023-10-18,C-0077,Balochistan,Electronics,Online,Card,3,19616.11,15932.6,3683.51,False
PK-2023-00106,2023-10-18,C-0214,Punjab,Groceries,Wholesale,Easypaisa,4,77057.55,66052.35,11005.2,False
PK-2023-00666,2023-10-18,C-0093,Sindh,Beauty & Personal Care,In-Store,Easypaisa,1,16435.48,13318.38,3117.1,False
PK-2023-00118,2023-10-18,C-0358,Balochistan,Electronics,Online,Cash on Delivery,3,15387.38,12639.31,2748.07,False
PK-2023-00387,2023-10-18,C-0364,Punjab,Others,Online,Easypaisa,3,36059.47,29595.49,6463.98,False
PK-2023-00087,2023-10-19,C-0267,Sindh,Fashion,Mobile App,Card,4,46706.61,37405.8,9300.81,False
PK-2023-01469,2023-10-19,C-0721,Sindh,Fashion,In-Store,Card,4,56998.69,50443.61,6555.08,False
PK-2023-01299,2023-10-19,C-0209,Punjab,Home & Living,Wholesale,JazzCash,1,5774.77,4472.25,1302.52,False
PK-2023-00604,2023-10-19,C-0630,KPK,Groceries,Online,Cash on Delivery,2,35592.36,28053.41,7538.95,False
PK-2023-01700,2023-10-19,C-0632,Punjab,Fashion,Mobile App,Easypaisa,4,35274.65,28798.9,6475.75,False
PK-2023-00799,2023-10-20,C-0536,Balochistan,Groceries,Mobile App,Card,4,46827.59,40624.43,6203.16,False
PK-2023-01918,2023-10-20,C-0135,KPK,Home & Living,Online,Card,1,8807.72,7263.1,1544.62,False
PK-2023-01009,2023-10-20,C-0667,KPK,Electronics,Online,Card,2,27804.44,22470.03,5334.42,False
PK-2023-00835,2023-10-20,C-0609,Punjab,Groceries,Online,Card,4,47801.36,40928.39,6872.97,False
PK-2023-00338,2023-10-20,C-0620,Punjab,Fashion,Online,JazzCash,1,10357.69,8393.4,1964.3,True
PK-2023-00159,2023-10-20,C-0237,Sindh,Fashion,Online,Card,3,28121.79,21118.76,7003.04,False
PK-2023-01677,2023-10-21,C-0611,Punjab,Fashion,Online,JazzCash,4,53893.11,42874.97,11018.15,False
PK-2023-01967,2023-10-21,C-0233,KPK,Home & Living,Mobile App,Cash on Delivery,4,56003.4,48623.2,7380.2,False
PK-2023-00380,2023-10-21,C-0016,Punjab,Groceries,Online,Easypaisa,4,69020.01,55773.31,13246.7,False
PK-2023-01640,2023-10-21,C-0189,Sindh,Home & Living,Online,JazzCash,4,70433.23,57112.03,13321.2,True
PK-2023-01134,2023-10-21,C-0530,Sindh,Electronics,Online,Card,4,56504.02,46786.15,9717.88,False
PK-2023-01979,2023-10-22,C-0127,Punjab,Home & Living,Wholesale,JazzCash,1,13827.99,11457.88,2370.11,False
PK-2023-00616,2023-10-22,C-0014,Punjab,Home & Living,Online,Cash on Delivery,3,17263.15,14089.81,3173.34,False
PK-2023-00857,2023-10-22,C-0472,Sindh,Groceries,Online,Card,3,24274.64,19900.29,4374.35,False
PK-2023-01973,2023-10-22,C-0152,Sindh,Home & Living,Mobile App,Easypaisa,3,38200.62,30809.91,7390.71,False
PK-2023-00609,2023-10-22,C-0705,Punjab,Groceries,Online,Cash on Delivery,4,38148.98,29995.09,8153.89,False
PK-2023-01840,2023-10-22,C-0019,Punjab,Fashion,Online,Cash on Delivery,3,45951.94,36452.59,9499.35,False
PK-2023-00862,2023-10-22,C-0057,Balochistan,Home & Living,Wholesale,JazzCash,1,18500.82,15486.95,3013.87,False
PK-2023-00331,2023-10-23,C-0257,Punjab,Home & Living,Online,Cash on Delivery,2,25451.12,20038.49,5412.63,False
PK-2023-01694,2023-10-23,C-0741,Balochistan,Home & Living,Online,Card,4,31565.83,26193.91,5371.92,True
PK-2023-01825,2023-10-23,C-0035,Punjab,Groceries,Wholesale,Cash on Delivery,2,29270.24,24876.82,4393.41,False
PK-2023-01200,2023-10-23,C-0206,Sindh,Sports,In-Store,Cash on Delivery,2,41472.51,33522.2,7950.31,False
PK-2023-00443,2023-10-23,C-0696,Balochistan,Electronics,In-Store,Cash on Delivery,4,83957.27,62068.76,21888.51,False
PK-2023-00501,2023-10-23,C-0695,Punjab,Electronics,Wholesale,JazzCash,3,25574.01,22645.35,2928.66,False
PK-2023-01507,2023-10-23,C-0134,Punjab,Home & Living,Wholesale,JazzCash,1,9465.9,7513.67,1952.23,False
PK-2023-00930,2023-10-23,C-0409,Punjab,Groceries,Wholesale,Card,3,37286.79,30896.47,6390.33,False
PK-2023-01965,2023-10-24,C-0276,KPK,Fashion,Online,Cash on Delivery,2,38804.83,30510.02,8294.81,False
PK-2023-01029,2023-10-24,C-0035,Sindh,Home & Living,Mobile App,Card,3,30399.77,23658.41,6741.36,False
PK-2023-00801,2023-10-24,C-0432,Sindh,Others,Online,Cash on Delivery,2,20125.56,17322.31,2803.25,False
PK-2023-00216,2023-10-24,C-0229,Punjab,Electronics,Online,Card,4,118246.37,93175.83,25070.54,False
PK-2023-01172,2023-10-24,C-0351,Sindh,Groceries,Mobile App,JazzCash,2,22728.83,17514.0,5214.83,False
PK-2023-00641,2023-10-24,C-0134,Punjab,Groceries,Online,Easypaisa,4,36136.34,27261.29,8875.05,False
PK-2023-00861,2023-10-25,C-0074,Sindh,Fashion,Online,Easypaisa,1,19496.12,15113.3,4382.82,False
PK-2023-01813,2023-10-25,C-0120,KPK,Home & Living,In-Store,Cash on Delivery,4,47676.75,39968.62,7708.13,False
PK-2023-00031,2023-10-25,C-0605,Sindh,Electronics,Online,Card,3,45190.31,37383.75,7806.56,False
PK-2023-00697,2023-10-25,C-0230,Sindh,Beauty & Personal Care,Online,JazzCash,1,9343.56,7288.36,2055.2,False
PK-2023-01747,2023-10-25,C-0393,Punjab,Electronics,Mobile App,Cash on Delivery,1,7839.55,6268.6,1570.95,False
PK-2023-01681,2023-10-25,C-0495,Balochistan,Groceries,Wholesale,JazzCash,1,12886.71,10341.88,2544.82,False
PK-2023-00518,2023-10-25,C-0043,Punjab,Electronics,Mobile App,Easypaisa,4,40880.7,32674.88,8205.81,False
PK-2023-00871,2023-10-25,C-0111,Sindh,Groceries,In-Store,Card,3,37287.44,29183.27,8104.18,False
PK-2023-01319,2023-10-25,C-0687,Sindh,Electronics,Online,Cash on Delivery,4,40127.96,34801.58,5326.38,False
PK-2023-00983,2023-10-25,C-0692,Punjab,Electronics,Online,Easypaisa,3,28002.59,22330.0,5672.6,False
PK-2023-00439,2023-10-26,C-0326,Punjab,Fashion,In-Store,Easypaisa,4,27157.94,22681.59,4476.35,False
PK-2023-00256,2023-10-26,C-0532,Punjab,Home & Living,Wholesale,Card,3,30491.38,24809.37,5682.01,False
PK-2023-01736,2023-10-26,C-0063,Islamabad,Others,Online,Easypaisa,2,39812.57,32439.11,7373.45,False
PK-2023-01510,2023-10-26,C-0191,Sindh,Electronics,Mobile App,JazzCash,1,10293.44,8561.3,1732.13,False
PK-2023-00189,2023-10-26,C-0075,Punjab,Electronics,Mobile App,Cash on Delivery,2,10472.38,7813.53,2658.86,False
PK-2023-01086,2023-10-26,C-0081,Sindh,Fashion,In-Store,Card,2,11197.66,9773.94,1423.72,False
PK-2023-01514,2023-10-26,C-0117,Punjab,Others,In-Store,Easypaisa,2,19428.44,17001.86,2426.57,False
PK-2023-01538,2023-10-26,C-0356,Sindh,Home & Living,In-Store,Cash on Delivery,3,29624.14,26259.32,3364.82,False
PK-2023-01626,2023-10-26,C-0080,Sindh,Home & Living,Online,Cash on Delivery,3,19001.49,14412.51,4588.98,False
PK-2023-01022,2023-10-27,C-0306,Balochistan,Groceries,Wholesale,JazzCash,2,13503.1,10873.68,2629.42,False
PK-2023-00617,2023-10-27,C-0127,Punjab,Electronics,Online,Easypaisa,3,30588.82,23270.8,7318.02,False
PK-2023-01733,2023-10-27,C-0417,KPK,Home & Living,Online,Card,2,25663.8,20014.6,5649.21,False
PK-2023-01181,2023-10-27,C-0323,KPK,Sports,Online,Easypaisa,1,19901.59,16458.29,3443.3,False
PK-2023-01147,2023-10-27,C-0019,Balochistan,Groceries,Online,Card,3,34706.31,27856.47,6849.84,False
PK-2023-00689,2023-10-27,C-0230,Balochistan,Electronics,Mobile App,Easypaisa,3,77782.74,64026.79,13755.95,False
PK-2023-01884,2023-10-27,C-0010,Islamabad,Home & Living,In-Store,JazzCash,1,17725.96,14803.3,2922.66,False
PK-2023-00180,2023-10-27,C-0364,Balochistan,Others,Online,Easypaisa,1,7776.55,6897.16,879.39,False
PK-2023-01683,2023-10-27,C-0135,Punjab,Fashion,Online,Easypaisa,2,31761.9,26031.85,5730.05,False
PK-2023-00992,2023-10-27,C-0137,Balochistan,Beauty & Personal Care,Online,Card,3,33477.49,25482.25,7995.24,False
PK-2023-01548,2023-10-27,C-0372,Sindh,Others,Online,Cash on Delivery,4,59226.92,48116.22,11110.7,False
PK-2023-01176,2023-10-27,C-0084,Punjab,Electronics,Online,Easypaisa,2,20306.67,16867.46,3439.2,False
PK-2023-01641,2023-10-28,C-0349,Sindh,Electronics,Online,Easypaisa,1,16764.01,13217.69,3546.32,False
PK-2023-01257,2023-10-28,C-0116,Sindh,Electronics,Online,Card,2,33627.22,27323.52,6303.71,False
PK-2023-01996,2023-10-28,C-0433,Punjab,Electronics,Online,Easypaisa,2,8884.07,6834.41,2049.66,False
PK-2023-00895,2023-10-28,C-0028,KPK,Others,Online,Easypaisa,3,28607.72,21527.95,7079.77,False
PK-2023-01174,2023-10-28,C-0215,Punjab,Others,Mobile App,Easypaisa,1,17654.99,14240.34,3414.65,False
PK-2023-01303,2023-10-28,C-0100,KPK,Electronics,In-Store,Easypaisa,3,35718.08,28554.2,7163.87,False
PK-2023-00549,2023-10-28,C-0083,KPK,Fashion,In-Store,Cash on Delivery,4,36100.68,29297.34,6803.34,False
PK-2023-01854,2023-10-29,C-0626,Punjab,Fashion,Mobile App,Easypaisa,3,32522.11,26381.58,6140.53,False
PK-2023-00837,2023-10-29,C-0121,Punjab,Groceries,Online,Easypaisa,1,4643.48,3753.4,890.07,False
PK-2023-01211,2023-10-29,C-0568,Sindh,Fashion,Mobile App,Card,3,33968.54,27446.59,6521.96,False
PK-2023-00021,2023-10-29,C-0586,Punjab,Groceries,Wholesale,Easypaisa,2,20214.42,16722.56,3491.86,False
PK-2023-00117,2023-10-29,C-0103,Sindh,Electronics,Online,JazzCash,4,65962.63,56545.38,9417.25,False
PK-2023-01088,2023-10-30,C-0107,Sindh,Fashion,Online,Easypaisa,4,20723.16,15937.22,4785.93,False
PK-2023-00371,2023-10-30,C-0439,Punjab,Home & Living,In-Store,Card,1,8297.86,6757.4,1540.46,False
PK-2023-01524,2023-10-30,C-0763,KPK,Fashion,Online,Cash on Delivery,1,16012.66,12736.02,3276.64,False
PK-2023-00602,2023-10-30,C-0732,Islamabad,Groceries,Online,Card,3,123934.91,95465.78,28469.14,False
PK-2023-00007,2023-10-30,C-0635,Sindh,Home & Living,Mobile App,Card,2,34586.64,27859.06,6727.58,False
PK-2023-00934,2023-10-30,C-0384,Punjab,Sports,In-Store,Card,2,32584.89,25556.62,7028.28,False
PK-2023-01817,2023-10-30,C-0113,Punjab,Fashion,Mobile App,Cash on Delivery,4,58055.23,48100.12,9955.11,False
PK-2023-01892,2023-10-30,C-0047,Sindh,Groceries,Wholesale,Card,3,77754.5,62649.31,15105.19,False
PK-2023-01850,2023-10-30,C-0102,KPK,Fashion,In-Store,Cash on Delivery,2,34719.85,27925.36,6794.49,False
PK-2023-01673,2023-10-30,C-0033,Punjab,Fashion,Wholesale,Card,3,45068.01,37371.34,7696.67,False
PK-2023-01556,2023-10-31,C-0565,Balochistan,Beauty & Personal Care,Wholesale,Easypaisa,4,36896.37,31386.88,5509.49,False
PK-2023-00357,2023-10-31,C-0158,Islamabad,Home & Living,Online,Card,3,36234.73,27920.51,8314.23,False
PK-2023-00911,2023-10-31,C-0094,Punjab,Groceries,In-Store,Cash on Delivery,3,30058.41,23985.51,6072.91,False
PK-2023-00064,2023-10-31,C-0635,Sindh,Electronics,Online,Card,2,19050.27,15425.5,3624.77,False
PK-2023-01087,2023-10-31,C-0075,KPK,Electronics,In-Store,Card,4,30368.68,23229.77,7138.91,False
PK-2023-01953,2023-10-31,C-0564,Sindh,Sports,In-Store,Card,1,13853.59,12024.51,1829.08,False
PK-2023-01791,2023-10-31,C-0054,Balochistan,Electronics,In-Store,Card,3,38129.48,30959.8,7169.68,False
PK-2023-00567,2023-10-31,C-0269,KPK,Electronics,Mobile App,JazzCash,1,9801.98,8269.59,1532.39,False
PK-2023-00574,2023-11-01,C-0044,Punjab,Beauty & Personal Care,Mobile App,Card,2,19475.97,16014.13,3461.84,False
PK-2023-01839,2023-11-01,C-0503,Sindh,Beauty & Personal Care,In-Store,Cash on Delivery,4,33616.88,28537.49,5079.39,False
PK-2023-00160,2023-11-01,C-0030,Punjab,Electronics,Wholesale,JazzCash,4,66095.12,54293.15,11801.97,False
PK-2023-00779,2023-11-02,C-0550,Punjab,Electronics,Online,Card,3,41756.34,34502.06,7254.28,False
PK-2023-00432,2023-11-02,C-0648,Islamabad,Groceries,Online,Card,1,15560.26,13409.02,2151.24,False
PK-2023-01716,2023-11-02,C-0606,Punjab,Beauty & Personal Care,Online,JazzCash,4,65789.74,52424.8,13364.94,False
PK-2023-00185,2023-11-02,C-0302,Islamabad,Home & Living,Online,Card,1,9382.98,8228.75,1154.23,False
PK-2023-01613,2023-11-02,C-0262,Punjab,Home & Living,Mobile App,Cash on Delivery,4,39045.53,29753.43,9292.1,False
PK-2023-01461,2023-11-02,C-0167,KPK,Fashion,Mobile App,Cash on Delivery,1,8021.1,6753.48,1267.62,False
PK-2023-00935,2023-11-02,C-0678,Sindh,Groceries,Mobile App,Cash on Delivery,1,10342.59,8481.91,1860.68,False
PK-2023-00529,2023-11-02,C-0446,Punjab,Beauty & Personal Care,Mobile App,Card,4,62163.17,50200.57,11962.6,False
PK-2023-01933,2023-11-03,C-0280,Punjab,Home & Living,Online,Card,4,51239.67,45047.89,6191.78,False
PK-2023-00367,2023-11-03,C-0643,Sindh,Electronics,Online,Card,1,11977.17,9302.66,2674.51,False
PK-2023-01612,2023-11-03,C-0454,KPK,Fashion,In-Store,Easypaisa,3,21385.83,18019.07,3366.76,False
PK-2023-00418,2023-11-03,C-0171,Punjab,Home & Living,Online,Cash on Delivery,3,49981.93,42258.71,7723.22,False
PK-2023-01772,2023-11-03,C-0294,Balochistan,Others,Online,Card,1,16796.32,14256.62,2539.69,False
PK-2023-00001,2023-11-03,C-0115,KPK,Beauty & Personal Care,Online,Card,4,29369.44,24834.27,4535.16,False
PK-2023-01331,2023-11-03,C-0616,KPK,Sports,Online,Card,2,17581.07,14644.54,2936.53,False
PK-2023-01160,2023-11-03,C-0202,Punjab,Fashion,Online,JazzCash,1,8909.11,7478.7,1430.41,False
PK-2023-00639,2023-11-03,C-0456,Punjab,Beauty & Personal Care,In-Store,Easypaisa,4,32716.01,26200.58,6515.42,False
PK-2023-01106,2023-11-03,C-0340,Sindh,Groceries,Online,Easypaisa,4,104251.22,84411.43,19839.79,False
PK-2023-01429,2023-11-04,C-0262,Islamabad,Sports,Mobile App,Card,2,36386.1,29121.12,7264.98,False
PK-2023-00383,2023-11-04,C-0221,Punjab,Electronics,Mobile App,JazzCash,4,46490.78,38601.56,7889.22,False
PK-2023-00025,2023-11-04,C-0343,KPK,Fashion,In-Store,JazzCash,1,19701.3,17596.15,2105.15,False
PK-2023-00105,2023-11-04,C-0536,Islamabad,Home & Living,Online,Card,4,69248.84,56726.23,12522.62,False
PK-2023-00299,2023-11-04,C-0477,Sindh,Electronics,Online,Cash on Delivery,4,24922.37,21473.96,3448.4,True
PK-2023-00621,2023-11-04,C-0055,Punjab,Beauty & Personal Care,In-Store,Cash on Delivery,4,34188.64,25981.24,8207.4,False
PK-2023-00301,2023-11-04,C-0209,Sindh,Sports,Online,Card,3,25074.21,20171.43,4902.77,False
PK-2023-00201,2023-11-04,C-0087,Punjab,Electronics,Mobile App,Easypaisa,4,56328.52,47392.99,8935.53,False
PK-2023-00056,2023-11-04,C-0112,Balochistan,Home & Living,Online,JazzCash,3,46758.79,36439.7,10319.09,False
PK-2023-01675,2023-11-04,C-0091,Sindh,Beauty & Personal Care,Online,JazzCash,2,67241.35,56358.63,10882.72,False
PK-2023-00749,2023-11-04,C-0677,Balochistan,Home & Living,Online,Easypaisa,2,48880.02,38603.71,10276.3,True
PK-2023-00957,2023-11-04,C-0669,Balochistan,Electronics,Online,Card,1,5840.15,4466.35,1373.8,False
PK-2023-01048,2023-11-04,C-0744,Balochistan,Groceries,Online,Card,2,20499.82,16924.39,3575.43,False
PK-2023-01740,2023-11-04,C-0578,Punjab,Fashion,Online,JazzCash,3,21929.85,18770.54,3159.32,False
PK-2023-00708,2023-11-05,C-0677,Sindh,Electronics,Mobile App,Card,1,21860.24,17810.79,4049.45,False
PK-2023-00863,2023-11-05,C-0082,Punjab,Fashion,Online,Easypaisa,1,13669.61,10996.36,2673.24,False
PK-2023-00345,2023-11-05,C-0446,KPK,Groceries,Online,Card,1,8725.66,7038.74,1686.92,False
PK-2023-00403,2023-11-05,C-0183,Punjab,Groceries,Online,Easypaisa,1,7747.8,6031.78,1716.01,False
PK-2023-01663,2023-11-05,C-0619,Sindh,Sports,Mobile App,JazzCash,3,41633.04,33827.73,7805.31,False
PK-2023-00606,2023-11-05,C-0124,Punjab,Electronics,Online,JazzCash,1,11607.92,9543.09,2064.82,False
PK-2023-00459,2023-11-05,C-0291,Punjab,Electronics,Mobile App,Card,2,34462.37,28296.04,6166.32,False
PK-2023-01494,2023-11-05,C-0544,Punjab,Home & Living,Online,Card,3,28494.19,25060.22,3433.98,False
PK-2023-00080,2023-11-05,C-0204,Sindh,Electronics,In-Store,Card,4,37506.17,28254.53,9251.64,False
PK-2023-00139,2023-11-05,C-0658,KPK,Beauty & Personal Care,Online,Cash on Delivery,2,23208.99,19035.57,4173.42,False
PK-2023-01537,2023-11-05,C-0104,Punjab,Electronics,Mobile App,Card,1,17278.44,14370.81,2907.62,False
PK-2023-00715,2023-11-06,C-0362,Sindh,Beauty & Personal Care,Mobile App,JazzCash,4,51200.25,42603.55,8596.69,False
PK-2023-00495,2023-11-06,C-0050,Punjab,Sports,In-Store,Card,4,80936.77,65779.12,15157.65,False
PK-2023-01324,2023-11-06,C-0601,Punjab,Beauty & Personal Care,Wholesale,Cash on Delivery,2,19248.58,15435.94,3812.64,False
PK-2023-00053,2023-11-06,C-0358,Sindh,Fashion,In-Store,Card,3,26036.19,22675.35,3360.83,False
PK-2023-01142,2023-11-06,C-0087,Sindh,Electronics,In-Store,Card,3,42674.33,33918.0,8756.33,False
PK-2023-01691,2023-11-06,C-0586,Sindh,Electronics,Online,Card,1,12712.72,10605.73,2106.99,False
PK-2023-01711,2023-11-06,C-0447,KPK,Beauty & Personal Care,Online,Card,3,46370.59,39431.47,6939.12,False
PK-2023-00238,2023-11-06,C-0019,Balochistan,Fashion,Mobile App,Easypaisa,2,14978.51,11984.13,2994.38,False
PK-2023-00008,2023-11-06,C-0142,Punjab,Electronics,In-Store,Easypaisa,1,16464.03,12946.12,3517.91,False
PK-2023-01565,2023-11-07,C-0645,Islamabad,Others,Online,Cash on Delivery,3,37348.03,29977.44,7370.59,False
PK-2023-01118,2023-11-07,C-0188,KPK,Groceries,In-Store,Cash on Delivery,2,38506.51,29109.15,9397.37,False
PK-2023-01698,2023-11-08,C-0513,Balochistan,Electronics,In-Store,Cash on Delivery,4,61845.56,47914.34,13931.22,False
PK-2023-00990,2023-11-08,C-0651,Punjab,Home & Living,Online,Card,3,17120.19,14783.51,2336.68,False
PK-2023-01577,2023-11-08,C-0708,Islamabad,Beauty & Personal Care,Wholesale,Card,2,32286.36,24982.13,7304.22,False
PK-2023-00346,2023-11-08,C-0608,Islamabad,Electronics,Mobile App,Easypaisa,3,38674.71,33924.98,4749.72,False
PK-2023-00993,2023-11-08,C-0547,KPK,Fashion,Wholesale,Card,1,11602.17,9763.83,1838.34,False
PK-2023-00627,2023-11-08,C-0199,Balochistan,Home & Living,Mobile App,Easypaisa,1,9525.48,7144.01,2381.47,False
PK-2023-00707,2023-11-08,C-0224,Punjab,Sports,Online,JazzCash,3,34063.76,27817.92,6245.84,False
PK-2023-01351,2023-11-08,C-0362,Islamabad,Electronics,Online,Card,2,39495.83,33158.27,6337.56,False
PK-2023-00868,2023-11-09,C-0454,Punjab,Home & Living,Online,Card,3,44902.36,37086.2,7816.16,False
PK-2023-01103,2023-11-09,C-0624,Punjab,Others,Mobile App,JazzCash,2,19147.84,16422.14,2725.69,False
PK-2023-00842,2023-11-09,C-0191,Sindh,Fashion,Wholesale,Cash on Delivery,2,39383.06,31757.2,7625.86,False
PK-2023-01648,2023-11-09,C-0722,Punjab,Fashion,Online,JazzCash,3,25044.08,20012.27,5031.81,True
PK-2023-01782,2023-11-09,C-0468,Islamabad,Beauty & Personal Care,Online,JazzCash,4,49743.77,41459.48,8284.29,False
PK-2023-01876,2023-11-09,C-0392,Sindh,Fashion,Online,JazzCash,1,10983.38,9853.75,1129.63,False
PK-2023-01416,2023-11-09,C-0091,Sindh,Electronics,In-Store,Card,1,8449.57,7300.3,1149.27,True
PK-2023-00242,2023-11-09,C-0545,Balochistan,Electronics,Online,Easypaisa,2,50059.32,42011.63,8047.7,False
PK-2023-00430,2023-11-10,C-0607,Punjab,Groceries,Online,Easypaisa,1,10323.95,8190.72,2133.23,False
PK-2023-00426,2023-11-10,C-0484,Punjab,Groceries,Online,Cash on Delivery,3,78890.93,60359.91,18531.02,False
PK-2023-01909,2023-11-10,C-0110,Punjab,Home & Living,Mobile App,Card,3,42282.84,31829.77,10453.07,False
PK-2023-00630,2023-11-10,C-0557,Punjab,Electronics,In-Store,Easypaisa,1,12816.44,11203.55,1612.89,False
PK-2023-00343,2023-11-10,C-0100,Sindh,Groceries,In-Store,JazzCash,3,32070.29,25791.15,6279.14,False
PK-2023-00789,2023-11-10,C-0198,Punjab,Sports,In-Store,Cash on Delivery,2,21319.46,17463.37,3856.09,False
PK-2023-01148,2023-11-10,C-0196,Sindh,Groceries,In-Store,Cash on Delivery,2,33466.16,28427.92,5038.24,False
PK-2023-00298,2023-11-10,C-0250,Sindh,Electronics,Mobile App,JazzCash,4,36318.2,28812.92,7505.28,False
PK-2023-00642,2023-11-10,C-0058,Punjab,Groceries,In-Store,Card,1,8552.6,7103.71,1448.89,False
PK-2023-00358,2023-11-10,C-0075,Punjab,Home & Living,Wholesale,Easypaisa,3,23216.82,19095.05,4121.77,False
PK-2023-01650,2023-11-10,C-0204,Punjab,Beauty & Personal Care,In-Store,Card,4,42075.31,36698.85,5376.47,False
PK-2023-00506,2023-11-10,C-0151,Sindh,Electronics,Online,Card,3,39153.38,32370.34,6783.04,False
PK-2023-01451,2023-11-10,C-0147,Punjab,Groceries,Online,Cash on Delivery,2,20956.09,16722.07,4234.02,False
PK-2023-00214,2023-11-11,C-0506,Punjab,Home & Living,Mobile App,Card,2,14242.99,11998.03,2244.97,False
PK-2023-00327,2023-11-11,C-0564,Punjab,Electronics,In-Store,Card,2,13491.25,11293.07,2198.18,False
PK-2023-01266,2023-11-11,C-0664,Punjab,Electronics,Online,Card,1,11152.3,9156.85,1995.44,False
PK-2023-00046,2023-11-11,C-0153,Punjab,Electronics,Online,Card,4,24451.29,19822.14,4629.15,False
PK-2023-00236,2023-11-11,C-0757,Punjab,Beauty & Personal Care,Online,Card,2,17232.99,13835.58,3397.41,True
PK-2023-00168,2023-11-12,C-0513,Sindh,Fashion,Online,Card,3,47485.14,38966.16,8518.98,False
PK-2023-01623,2023-11-12,C-0025,Sindh,Fashion,Online,JazzCash,2,28328.52,22174.72,6153.8,False
PK-2023-00667,2023-11-12,C-0492,Balochistan,Sports,In-Store,Card,3,29796.97,23745.93,6051.04,False
PK-2023-01374,2023-11-12,C-0652,Sindh,Electronics,In-Store,Cash on Delivery,4,24101.54,19291.96,4809.58,False
PK-2023-01599,2023-11-13,C-0720,Sindh,Others,Online,Easypaisa,2,27081.99,23878.75,3203.24,False
PK-2023-01754,2023-11-13,C-0198,KPK,Groceries,In-Store,Easypaisa,4,59489.32,42577.12,16912.2,False
PK-2023-01934,2023-11-13,C-0379,Punjab,Electronics,Online,Cash on Delivery,3,23466.62,19782.07,3684.55,False
PK-2023-01505,2023-11-13,C-0426,Balochistan,Groceries,Mobile App,JazzCash,4,48880.04,40231.91,8648.13,False
PK-2023-01342,2023-11-13,C-0278,Punjab,Beauty & Personal Care,Online,JazzCash,1,12298.79,9883.32,2415.47,False
PK-2023-00787,2023-11-13,C-0097,Punjab,Groceries,Online,Card,1,15595.92,13080.32,2515.61,False
PK-2023-00083,2023-11-14,C-0131,KPK,Groceries,Mobile App,Cash on Delivery,1,6255.52,5075.1,1180.42,False
PK-2023-00257,2023-11-14,C-0628,Punjab,Sports,Mobile App,Cash on Delivery,1,16475.02,13488.01,2987.01,False
PK-2023-01604,2023-11-14,C-0569,Islamabad,Electronics,Mobile App,Card,2,21361.59,17287.19,4074.41,False
PK-2023-01539,2023-11-14,C-0352,Punjab,Electronics,Online,Cash on Delivery,3,25311.49,20949.55,4361.94,False
PK-2023-00713,2023-11-14,C-0471,Sindh,Electronics,Online,Easypaisa,1,7414.16,6045.71,1368.45,False
PK-2023-01098,2023-11-14,C-0161,Sindh,Fashion,Online,Easypaisa,3,54778.74,43237.86,11540.88,False
PK-2023-01682,2023-11-15,C-0439,Punjab,Electronics,Mobile App,Easypaisa,1,13030.78,11224.26,1806.52,False
PK-2023-01541,2023-11-15,C-0688,Islamabad,Sports,Wholesale,Card,4,84027.83,70847.55,13180.28,False
PK-2023-01258,2023-11-15,C-0098,Sindh,Fashion,Wholesale,JazzCash,2,11077.14,9262.8,1814.35,False
PK-2023-01144,2023-11-15,C-0118,Islamabad,Electronics,Online,Card,4,66623.53,53298.55,13324.98,False
PK-2023-01169,2023-11-15,C-0352,Punjab,Electronics,Mobile App,Card,3,24450.88,22473.73,1977.15,False
PK-2023-00982,2023-11-15,C-0721,Punjab,Electronics,Wholesale,Card,1,16705.54,14296.96,2408.58,False
PK-2023-01186,2023-11-16,C-0045,Balochistan,Electronics,Online,Easypaisa,4,32035.54,25315.64,6719.9,False
PK-2023-00014,2023-11-16,C-0171,Punjab,Fashion,Mobile App,Card,3,27029.74,21600.02,5429.72,False
PK-2023-00632,2023-11-16,C-0477,Sindh,Home & Living,Online,Card,3,30579.3,24133.56,6445.74,False
PK-2023-01167,2023-11-16,C-0605,Punjab,Electronics,In-Store,Cash on Delivery,2,27290.36,22502.64,4787.72,False
PK-2023-01163,2023-11-16,C-0686,Punjab,Electronics,Mobile App,Card,1,14383.3,11986.37,2396.92,False
PK-2023-00262,2023-11-16,C-0712,Balochistan,Others,Online,Card,3,31165.07,24905.63,6259.43,False
PK-2023-01492,2023-11-16,C-0703,KPK,Electronics,Wholesale,Card,2,16271.25,13515.03,2756.22,False
PK-2023-01945,2023-11-16,C-0074,Punjab,Electronics,Mobile App,Easypaisa,4,82502.31,70691.73,11810.58,False
PK-2023-00019,2023-11-17,C-0188,Punjab,Home & Living,In-Store,Cash on Delivery,1,12262.95,9715.97,2546.97,False
PK-2023-00397,2023-11-17,C-0300,Punjab,Electronics,In-Store,Card,2,26621.26,22313.44,4307.82,False
PK-2023-01770,2023-11-17,C-0678,KPK,Groceries,In-Store,Card,2,14138.74,11250.84,2887.9,False
PK-2023-00151,2023-11-17,C-0037,Punjab,Groceries,In-Store,Card,1,4893.46,3673.63,1219.83,False
PK-2023-00520,2023-11-17,C-0262,Punjab,Electronics,Online,Cash on Delivery,3,20765.39,17693.24,3072.15,False
PK-2023-01212,2023-11-17,C-0555,Punjab,Groceries,In-Store,Easypaisa,2,33530.51,27527.35,6003.15,False
PK-2023-01305,2023-11-17,C-0229,Punjab,Groceries,Mobile App,Easypaisa,4,63883.71,53180.97,10702.74,False
PK-2023-01203,2023-11-17,C-0177,Punjab,Sports,Online,JazzCash,4,41066.04,34763.24,6302.79,True
PK-2023-00241,2023-11-18,C-0021,KPK,Fashion,Mobile App,Card,2,21199.88,16675.16,4524.72,False
PK-2023-01720,2023-11-18,C-0675,Punjab,Home & Living,Online,Cash on Delivery,1,14795.4,12190.96,2604.44,False
PK-2023-01815,2023-11-18,C-0633,Sindh,Fashion,Mobile App,Card,1,10255.91,8276.68,1979.23,False
PK-2023-00167,2023-11-18,C-0623,Punjab,Sports,Mobile App,Cash on Delivery,3,17268.44,14167.74,3100.7,False
PK-2023-00194,2023-11-18,C-0667,Balochistan,Electronics,Mobile App,Cash on Delivery,1,11058.82,8682.0,2376.82,False
PK-2023-01411,2023-11-18,C-0330,Punjab,Groceries,In-Store,Easypaisa,1,8033.65,6578.24,1455.41,False
PK-2023-01123,2023-11-18,C-0672,Sindh,Fashion,Wholesale,Cash on Delivery,2,23477.21,17524.09,5953.13,False
PK-2023-00045,2023-11-18,C-0634,Sindh,Others,Mobile App,JazzCash,2,16431.75,12055.45,4376.3,False
PK-2023-01143,2023-11-18,C-0428,Punjab,Others,In-Store,JazzCash,3,32900.86,26286.31,6614.55,False
PK-2023-00042,2023-11-19,C-0226,KPK,Beauty & Personal Care,Online,Cash on Delivery,1,12368.19,9656.05,2712.13,False
PK-2023-00825,2023-11-19,C-0698,Sindh,Others,Mobile App,JazzCash,2,39529.35,32959.65,6569.7,False
PK-2023-01595,2023-11-19,C-0434,Sindh,Electronics,Mobile App,JazzCash,3,28629.74,23009.18,5620.57,False
PK-2023-01870,2023-11-19,C-0442,Punjab,Home & Living,In-Store,Card,4,48198.96,39043.61,9155.35,True
PK-2023-00291,2023-11-19,C-0372,Punjab,Others,In-Store,Easypaisa,3,27706.94,23139.73,4567.21,False
PK-2023-00540,2023-11-19,C-0092,Punjab,Home & Living,In-Store,Card,2,22870.01,18199.72,4670.29,False
PK-2023-01615,2023-11-19,C-0230,Sindh,Home & Living,Online,Cash on Delivery,1,9900.03,8145.44,1754.59,False
PK-2023-01395,2023-11-19,C-0200,Sindh,Groceries,In-Store,Easypaisa,2,16466.09,14349.03,2117.06,False
PK-2023-01104,2023-11-20,C-0540,Sindh,Beauty & Personal Care,Online,Easypaisa,3,40619.5,34931.79,5687.71,False
PK-2023-00543,2023-11-20,C-0058,Islamabad,Fashion,Wholesale,Card,2,27796.37,23627.92,4168.45,False
PK-2023-00408,2023-11-20,C-0522,Punjab,Fashion,Online,JazzCash,3,56742.93,45280.53,11462.4,False
PK-2023-01574,2023-11-20,C-0038,Balochistan,Fashion,Online,Card,3,31487.17,26496.64,4990.53,False
PK-2023-00434,2023-11-20,C-0139,Punjab,Fashion,Wholesale,Card,4,29668.38,22249.81,7418.56,False
PK-2023-01392,2023-11-20,C-0111,Punjab,Groceries,Online,Cash on Delivery,2,23857.45,18303.32,5554.13,False
PK-2023-00508,2023-11-20,C-0531,Punjab,Sports,Online,Easypaisa,4,72463.71,57324.82,15138.89,False
PK-2023-01352,2023-11-20,C-0561,KPK,Electronics,Online,JazzCash,3,45637.82,37562.88,8074.93,False
PK-2023-00295,2023-11-21,C-0541,Balochistan,Fashion,Online,Card,4,34566.87,28644.61,5922.26,False
PK-2023-01084,2023-11-21,C-0740,Punjab,Beauty & Personal Care,Online,Card,1,10629.94,9455.71,1174.23,False
PK-2023-00750,2023-11-21,C-0051,Punjab,Electronics,In-Store,Cash on Delivery,3,37650.81,32793.14,4857.68,False
PK-2023-00563,2023-11-21,C-0427,Punjab,Groceries,Online,Cash on Delivery,1,10783.56,8470.86,2312.7,False
PK-2023-00512,2023-11-21,C-0710,Sindh,Fashion,Online,Easypaisa,1,7757.28,6719.66,1037.62,False
PK-2023-01413,2023-11-21,C-0165,Punjab,Home & Living,Online,Card,3,27101.61,23900.49,3201.12,False
PK-2023-01786,2023-11-21,C-0619,KPK,Sports,Wholesale,Easypaisa,4,42319.12,35260.86,7058.26,False
PK-2023-00572,2023-11-22,C-0141,Balochistan,Home & Living,Mobile App,Card,1,8330.17,6974.77,1355.39,False
PK-2023-00922,2023-11-22,C-0430,Punjab,Electronics,In-Store,Cash on Delivery,4,58772.73,45124.71,13648.02,True
PK-2023-01999,2023-11-22,C-0726,Balochistan,Fashion,Online,Card,4,35396.25,29181.62,6214.63,False
PK-2023-00942,2023-11-22,C-0283,Punjab,Electronics,Mobile App,Cash on Delivery,2,22290.54,18067.23,4223.31,False
PK-2023-01018,2023-11-22,C-0129,Sindh,Electronics,Online,Cash on Delivery,4,63530.05,48627.76,14902.29,True
PK-2023-01658,2023-11-22,C-0023,KPK,Fashion,In-Store,Cash on Delivery,1,8059.14,6643.85,1415.29,False
PK-2023-00441,2023-11-23,C-0303,Punjab,Others,Mobile App,JazzCash,4,56037.96,44235.86,11802.1,False
PK-2023-00428,2023-11-23,C-0514,Punjab,Groceries,Online,Easypaisa,3,59046.08,52009.33,7036.75,False
PK-2023-00774,2023-11-23,C-0084,Sindh,Electronics,Wholesale,Card,4,45459.32,35345.28,10114.04,False
PK-2023-01959,2023-11-23,C-0176,KPK,Electronics,Online,Card,2,13145.7,10602.57,2543.13,False
PK-2023-00948,2023-11-23,C-0698,KPK,Beauty & Personal Care,In-Store,Card,1,10580.0,9066.78,1513.22,True
PK-2023-01968,2023-11-23,C-0683,Punjab,Electronics,In-Store,Card,4,64238.53,50036.69,14201.84,False
PK-2023-01578,2023-11-23,C-0512,KPK,Electronics,Online,Cash on Delivery,2,21571.91,17425.58,4146.33,False
PK-2023-01855,2023-11-23,C-0493,Punjab,Home & Living,Online,Card,3,36685.17,29222.6,7462.57,False
PK-2023-00280,2023-11-23,C-0352,KPK,Groceries,Online,Easypaisa,2,18182.88,15568.75,2614.13,True
PK-2023-00390,2023-11-23,C-0188,Sindh,Electronics,Online,Cash on Delivery,4,66155.82,53671.58,12484.24,False
PK-2023-00325,2023-11-23,C-0680,Punjab,Electronics,Mobile App,Cash on Delivery,1,15115.04,12016.25,3098.79,False
PK-2023-01903,2023-11-23,C-0284,Punjab,Groceries,Wholesale,JazzCash,1,15797.84,12381.28,3416.57,False
PK-2023-01667,2023-11-23,C-0160,Punjab,Electronics,In-Store,JazzCash,3,45417.09,35386.85,10030.24,False
PK-2023-01666,2023-11-23,C-0104,KPK,Fashion,Online,Card,1,8874.63,6963.26,1911.38,False
PK-2023-00579,2023-11-23,C-0284,Sindh,Electronics,Wholesale,Easypaisa,3,26621.32,21331.61,5289.71,False
PK-2023-01889,2023-11-23,C-0064,Balochistan,Sports,In-Store,Card,4,65429.73,50957.46,14472.27,False
PK-2023-01075,2023-11-24,C-0527,Islamabad,Beauty & Personal Care,In-Store,Cash on Delivery,1,19876.28,16697.66,3178.62,False
PK-2023-00575,2023-11-24,C-0308,Balochistan,Home & Living,Online,Card,2,9952.38,7634.72,2317.66,False
PK-2023-01256,2023-11-24,C-0451,Balochistan,Beauty & Personal Care,Online,Card,4,26759.67,21858.85,4900.82,False
PK-2023-00655,2023-11-24,C-0207,Sindh,Fashion,Mobile App,Easypaisa,1,17010.47,13180.57,3829.91,False
PK-2023-00073,2023-11-24,C-0687,Sindh,Electronics,Online,Card,4,40120.63,31892.48,8228.15,False
PK-2023-00657,2023-11-24,C-0671,Balochistan,Fashion,Mobile App,Cash on Delivery,3,21373.92,18031.16,3342.76,False
PK-2023-01983,2023-11-24,C-0734,Balochistan,Home & Living,Wholesale,Card,4,70779.23,62947.15,7832.08,False
PK-2023-00776,2023-11-24,C-0179,Punjab,Fashion,Online,Card,3,28652.4,24034.5,4617.9,False
PK-2023-00928,2023-11-24,C-0517,Sindh,Home & Living,Wholesale,Easypaisa,4,43717.14,38727.61,4989.53,False
PK-2023-01320,2023-11-24,C-0018,Punjab,Fashion,Online,Cash on Delivery,2,26057.94,23234.36,2823.57,False
PK-2023-00780,2023-11-25,C-0083,KPK,Electronics,In-Store,JazzCash,3,30325.0,25637.95,4687.04,False
PK-2023-01789,2023-11-25,C-0017,Balochistan,Fashion,Mobile App,Easypaisa,1,9182.62,7696.44,1486.17,False
PK-2023-01336,2023-11-25,C-0248,KPK,Fashion,Wholesale,Card,3,19473.08,16002.17,3470.92,False
PK-2023-00521,2023-11-25,C-0018,Punjab,Electronics,Wholesale,JazzCash,3,33632.31,28077.51,5554.8,False
PK-2023-00003,2023-11-25,C-0767,Balochistan,Others,Mobile App,Card,1,16405.88,13475.46,2930.42,False
PK-2023-01497,2023-11-25,C-0257,Islamabad,Groceries,Online,Card,1,25000.11,19834.54,5165.57,False
PK-2023-00646,2023-11-25,C-0178,Islamabad,Sports,Online,Card,1,11920.63,10283.01,1637.62,True
PK-2023-00305,2023-11-25,C-0405,Punjab,Fashion,In-Store,Card,3,25287.51,20228.93,5058.58,False
PK-2023-00116,2023-11-25,C-0360,Punjab,Sports,In-Store,JazzCash,2,26059.17,20585.9,5473.27,False
PK-2023-01166,2023-11-26,C-0081,KPK,Groceries,Online,Card,3,70569.62,54107.64,16461.99,False
PK-2023-01866,2023-11-26,C-0114,Punjab,Fashion,Online,Cash on Delivery,1,17330.44,14051.47,3278.97,False
PK-2023-01632,2023-11-26,C-0313,Punjab,Others,In-Store,Easypaisa,2,19162.24,15985.23,3177.02,False
PK-2023-01241,2023-11-26,C-0014,Punjab,Sports,Mobile App,JazzCash,1,13596.47,11562.91,2033.56,False
PK-2023-01049,2023-11-26,C-0495,Punjab,Sports,Mobile App,JazzCash,2,24881.34,19184.77,5696.57,False
PK-2023-01981,2023-11-26,C-0737,Sindh,Electronics,Online,Cash on Delivery,1,14500.9,12465.01,2035.9,False
PK-2023-00853,2023-11-26,C-0661,Balochistan,Beauty & Personal Care,In-Store,Easypaisa,3,28868.18,22804.57,6063.6,False
PK-2023-00334,2023-11-26,C-0358,Sindh,Electronics,Online,Easypaisa,3,40892.8,32448.76,8444.04,False
PK-2023-01099,2023-11-26,C-0668,Balochistan,Electronics,Online,Card,3,21662.46,17793.44,3869.02,False
PK-2023-01728,2023-11-27,C-0290,Punjab,Electronics,Online,Easypaisa,3,36979.49,30983.02,5996.47,False
PK-2023-00743,2023-11-27,C-0208,KPK,Electronics,Online,JazzCash,2,15576.18,13482.15,2094.03,False
PK-2023-01279,2023-11-27,C-0098,Punjab,Fashion,Mobile App,Easypaisa,1,10804.01,8630.5,2173.5,False
PK-2023-00640,2023-11-27,C-0037,Punjab,Electronics,Online,Easypaisa,2,13877.47,11701.62,2175.86,False
PK-2023-00867,2023-11-27,C-0665,Punjab,Fashion,Mobile App,Card,2,17300.95,14192.78,3108.17,False
PK-2023-01453,2023-11-27,C-0232,KPK,Electronics,Online,Card,4,43212.5,35382.09,7830.41,False
PK-2023-01409,2023-11-28,C-0049,Punjab,Home & Living,Mobile App,Cash on Delivery,2,21096.56,17338.09,3758.47,False
PK-2023-01670,2023-11-28,C-0616,Balochistan,Home & Living,Mobile App,Card,2,33077.31,26046.84,7030.47,False
PK-2023-01735,2023-11-28,C-0171,Punjab,Electronics,In-Store,Card,4,51190.69,41429.53,9761.16,False
PK-2023-00607,2023-11-28,C-0060,Balochistan,Home & Living,In-Store,Cash on Delivery,3,77673.76,64862.53,12811.23,False
PK-2023-00252,2023-11-28,C-0489,Punjab,Beauty & Personal Care,Online,Cash on Delivery,2,39505.8,32781.58,6724.22,False
PK-2023-01560,2023-11-28,C-0685,Punjab,Home & Living,In-Store,Card,1,11380.02,8766.59,2613.43,False
PK-2023-00246,2023-11-28,C-0745,Punjab,Electronics,Online,Card,3,62669.76,54462.87,8206.9,False
PK-2023-01580,2023-11-29,C-0297,KPK,Electronics,Online,Card,4,44839.73,37886.98,6952.75,False
PK-2023-00829,2023-11-29,C-0184,KPK,Beauty & Personal Care,Mobile App,Card,2,15290.77,12289.85,3000.92,True
PK-2023-01195,2023-11-29,C-0715,Balochistan,Groceries,In-Store,Cash on Delivery,4,65008.05,52322.08,12685.97,False
PK-2023-01378,2023-11-29,C-0672,KPK,Sports,Wholesale,Card,1,11542.1,9546.45,1995.65,False
PK-2023-00912,2023-11-30,C-0161,Sindh,Electronics,Mobile App,Cash on Delivery,1,18631.33,16314.34,2316.99,False
PK-2023-00279,2023-11-30,C-0385,Punjab,Beauty & Personal Care,In-Store,Cash on Delivery,2,13621.87,12158.07,1463.8,False
PK-2023-01193,2023-11-30,C-0638,Punjab,Home & Living,Mobile App,Easypaisa,4,30352.33,23508.66,6843.67,False
PK-2023-00704,2023-11-30,C-0440,Punjab,Beauty & Personal Care,Online,Easypaisa,4,52723.17,42242.14,10481.03,False
PK-2023-00949,2023-11-30,C-0375,KPK,Others,In-Store,Easypaisa,1,10265.09,9022.93,1242.16,False
PK-2023-00198,2023-11-30,C-0423,Balochistan,Home & Living,Online,Cash on Delivery,2,9350.14,7655.53,1694.61,False
PK-2023-01071,2023-11-30,C-0355,Punjab,Electronics,Mobile App,Card,3,34216.92,25988.9,8228.02,False
PK-2023-01355,2023-11-30,C-0701,Islamabad,Home & Living,Mobile App,Card,1,14231.19,10956.0,3275.19,False
PK-2023-01709,2023-11-30,C-0003,Punjab,Fashion,Online,JazzCash,2,44828.24,34098.55,10729.69,False
PK-2023-01679,2023-11-30,C-0618,KPK,Electronics,Wholesale,Easypaisa,3,32169.42,27169.01,5000.42,False
PK-2023-00406,2023-12-01,C-0261,Sindh,Electronics,In-Store,JazzCash,2,20267.92,16198.29,4069.63,False
PK-2023-01339,2023-12-01,C-0217,Balochistan,Fashion,Online,Card,1,15524.35,12735.33,2789.02,False
PK-2023-01326,2023-12-01,C-0704,Punjab,Beauty & Personal Care,Online,Card,4,39183.08,31025.09,8157.99,False
PK-2023-01152,2023-12-01,C-0658,Punjab,Home & Living,In-Store,Card,3,24230.61,20286.15,3944.45,False
PK-2023-00817,2023-12-01,C-0201,Punjab,Fashion,Mobile App,JazzCash,4,61052.34,48914.42,12137.92,False
PK-2023-00896,2023-12-01,C-0403,Sindh,Electronics,Online,JazzCash,3,18674.29,14910.95,3763.34,False
PK-2023-00858,2023-12-01,C-0604,Sindh,Fashion,Online,JazzCash,4,61439.09,47692.85,13746.24,False
PK-2023-01774,2023-12-02,C-0367,Sindh,Beauty & Personal Care,Wholesale,Cash on Delivery,1,17403.17,14291.76,3111.41,False
PK-2023-01120,2023-12-02,C-0061,Sindh,Electronics,Mobile App,Easypaisa,4,41118.76,33301.03,7817.73,False
PK-2023-01523,2023-12-02,C-0640,Sindh,Electronics,Online,Cash on Delivery,1,10481.58,9031.06,1450.53,False
PK-2023-01714,2023-12-02,C-0689,KPK,Groceries,Online,Card,4,45612.34,38277.27,7335.07,False
PK-2023-00452,2023-12-02,C-0146,Islamabad,Groceries,Online,Cash on Delivery,1,19642.78,15138.08,4504.7,False
PK-2023-00956,2023-12-03,C-0197,Punjab,Fashion,Online,Card,2,29000.17,24043.72,4956.45,False
PK-2023-01737,2023-12-03,C-0199,Sindh,Electronics,In-Store,JazzCash,2,18520.4,15009.05,3511.34,False
PK-2023-00876,2023-12-03,C-0273,Sindh,Electronics,Mobile App,Easypaisa,4,49510.92,39815.42,9695.5,False
PK-2023-01753,2023-12-03,C-0604,KPK,Fashion,Wholesale,Easypaisa,4,40427.45,33071.07,7356.38,False
PK-2023-00662,2023-12-03,C-0644,Islamabad,Fashion,In-Store,Cash on Delivery,1,11785.13,9293.85,2491.29,False
PK-2023-00502,2023-12-03,C-0566,Sindh,Groceries,Online,JazzCash,2,27645.71,21114.69,6531.03,False
PK-2023-01249,2023-12-03,C-0575,Punjab,Beauty & Personal Care,In-Store,Cash on Delivery,3,26233.07,19612.01,6621.06,False
PK-2023-00181,2023-12-04,C-0333,KPK,Beauty & Personal Care,Online,Cash on Delivery,1,14492.41,11515.69,2976.71,True
PK-2023-00803,2023-12-04,C-0114,Punjab,Electronics,Mobile App,Cash on Delivery,3,38439.99,32183.78,6256.21,False
PK-2023-01226,2023-12-04,C-0335,Sindh,Beauty & Personal Care,Online,Card,3,30632.93,24948.98,5683.95,False
PK-2023-00846,2023-12-04,C-0250,Punjab,Home & Living,Online,Card,3,33045.43,28034.39,5011.05,False
PK-2023-01150,2023-12-04,C-0479,Punjab,Electronics,Mobile App,Card,4,25587.77,22351.72,3236.06,False
PK-2023-00024,2023-12-04,C-0582,Islamabad,Electronics,In-Store,Card,3,50158.03,44865.59,5292.44,False
PK-2023-01581,2023-12-04,C-0691,KPK,Beauty & Personal Care,Online,Cash on Delivery,4,59612.49,45879.18,13733.31,False
PK-2023-00179,2023-12-04,C-0163,KPK,Electronics,Online,JazzCash,1,12832.65,10212.41,2620.24,False
PK-2023-01021,2023-12-04,C-0449,Islamabad,Fashion,Wholesale,Easypaisa,2,20637.6,18744.97,1892.63,False
PK-2023-01563,2023-12-04,C-0462,Punjab,Sports,Online,Cash on Delivery,2,13364.68,10347.92,3016.76,False
PK-2023-01910,2023-12-04,C-0147,Punjab,Beauty & Personal Care,Online,Cash on Delivery,2,49149.46,39607.97,9541.5,False
PK-2023-00939,2023-12-05,C-0114,Sindh,Electronics,Online,Cash on Delivery,4,29211.66,22528.9,6682.76,False
PK-2023-00152,2023-12-05,C-0313,Sindh,Electronics,In-Store,Card,2,21977.46,19747.48,2229.97,False
PK-2023-01223,2023-12-05,C-0675,Punjab,Groceries,Mobile App,Card,1,13945.76,11316.2,2629.56,False
PK-2023-00414,2023-12-05,C-0307,Punjab,Home & Living,Wholesale,Cash on Delivery,2,41609.13,32389.77,9219.36,False
PK-2023-00182,2023-12-05,C-0202,Punjab,Others,Mobile App,Card,2,14851.9,10935.78,3916.12,False
PK-2023-00692,2023-12-05,C-0407,Punjab,Fashion,Online,Cash on Delivery,3,25227.77,19701.73,5526.04,False
PK-2023-00652,2023-12-05,C-0656,Balochistan,Fashion,Wholesale,Card,1,5859.79,4327.69,1532.1,False
PK-2023-01515,2023-12-05,C-0317,Punjab,Sports,In-Store,Card,2,21398.07,17621.99,3776.09,False
PK-2023-01489,2023-12-05,C-0582,Sindh,Electronics,Online,Card,4,16083.29,13910.24,2173.04,False
PK-2023-00370,2023-12-06,C-0237,Sindh,Home & Living,In-Store,Card,2,35633.91,30342.78,5291.13,False
PK-2023-01419,2023-12-06,C-0503,Punjab,Electronics,Online,Cash on Delivery,1,10521.59,8308.48,2213.12,False
PK-2023-00816,2023-12-06,C-0450,Punjab,Home & Living,Online,Card,3,43046.3,33129.21,9917.09,False
PK-2023-01913,2023-12-07,C-0425,Sindh,Beauty & Personal Care,Online,Cash on Delivery,1,9129.21,7447.69,1681.52,False
PK-2023-00603,2023-12-07,C-0280,Islamabad,Fashion,Online,Card,1,7663.5,6111.96,1551.53,False
PK-2023-00714,2023-12-07,C-0749,Balochistan,Electronics,Mobile App,Cash on Delivery,3,59414.41,46944.04,12470.36,False
PK-2023-00110,2023-12-07,C-0575,Sindh,Electronics,Mobile App,Easypaisa,4,32917.75,26062.01,6855.75,False
PK-2023-00913,2023-12-07,C-0678,Punjab,Home & Living,Mobile App,Cash on Delivery,2,26637.84,20786.01,5851.84,False
PK-2023-01759,2023-12-07,C-0143,Punjab,Sports,Online,Easypaisa,2,17072.67,13778.77,3293.9,False
PK-2023-00296,2023-12-07,C-0291,Sindh,Electronics,In-Store,Card,1,12765.73,11093.58,1672.15,False
PK-2023-01389,2023-12-07,C-0603,Sindh,Fashion,Online,Card,1,12665.65,10958.98,1706.67,False
PK-2023-00866,2023-12-07,C-0231,Punjab,Electronics,Online,Cash on Delivery,4,19113.0,15826.96,3286.04,False
PK-2023-01875,2023-12-08,C-0605,Punjab,Others,Mobile App,Easypaisa,4,38833.66,31408.69,7424.97,False
PK-2023-00101,2023-12-08,C-0422,Punjab,Groceries,Mobile App,Card,4,45292.55,36483.15,8809.4,False
PK-2023-01034,2023-12-08,C-0371,Sindh,Electronics,Online,Card,4,47529.6,41156.48,6373.12,False
PK-2023-00554,2023-12-08,C-0714,KPK,Others,Online,Cash on Delivery,2,19732.48,16227.07,3505.4,False
PK-2023-01649,2023-12-08,C-0231,Sindh,Electronics,Online,Card,4,32588.65,26037.93,6550.72,False
PK-2023-01564,2023-12-08,C-0553,Punjab,Electronics,Online,Easypaisa,1,9127.85,7572.57,1555.28,False
PK-2023-01852,2023-12-08,C-0599,Balochistan,Electronics,In-Store,JazzCash,2,32389.8,25303.25,7086.56,False
PK-2023-01955,2023-12-08,C-0752,Sindh,Electronics,In-Store,Card,1,9990.08,8064.33,1925.75,False
PK-2023-01057,2023-12-09,C-0487,Sindh,Home & Living,In-Store,Cash on Delivery,4,72171.61,56294.38,15877.23,False
PK-2023-00854,2023-12-09,C-0504,Punjab,Fashion,Online,Card,4,50282.41,36109.33,14173.08,False
PK-2023-01082,2023-12-09,C-0578,Sindh,Electronics,In-Store,Easypaisa,1,12257.16,9875.14,2382.02,False
PK-2023-00695,2023-12-09,C-0110,Sindh,Beauty & Personal Care,Online,Card,3,33976.73,28353.21,5623.52,False
PK-2023-01447,2023-12-09,C-0279,Balochistan,Groceries,Mobile App,JazzCash,2,24617.53,20856.41,3761.12,False
PK-2023-00420,2023-12-09,C-0691,Sindh,Sports,In-Store,Cash on Delivery,4,43140.37,36798.9,6341.47,False
PK-2023-01795,2023-12-09,C-0004,KPK,Home & Living,Mobile App,Easypaisa,3,52787.46,44073.09,8714.37,False
PK-2023-00577,2023-12-09,C-0009,Balochistan,Groceries,Online,Card,1,15457.82,12036.47,3421.35,True
PK-2023-01601,2023-12-10,C-0278,Sindh,Fashion,Wholesale,Card,1,14901.85,11242.82,3659.03,False
PK-2023-01398,2023-12-10,C-0749,Punjab,Electronics,Online,Card,1,7186.31,5627.25,1559.06,False
PK-2023-00162,2023-12-10,C-0571,Punjab,Electronics,Mobile App,Cash on Delivery,1,15229.16,12344.38,2884.77,False
PK-2023-01692,2023-12-10,C-0523,Punjab,Home & Living,Online,Cash on Delivery,3,36906.1,28820.66,8085.44,False
PK-2023-00677,2023-12-10,C-0399,Punjab,Home & Living,Online,JazzCash,1,10313.0,7996.98,2316.02,False
PK-2023-00321,2023-12-10,C-0135,Balochistan,Electronics,Online,Card,3,38402.42,32630.22,5772.2,False
PK-2023-00402,2023-12-11,C-0171,KPK,Beauty & Personal Care,Online,Card,1,6359.24,5072.78,1286.45,False
PK-2023-00974,2023-12-11,C-0642,Balochistan,Sports,Wholesale,Card,4,69179.37,54251.42,14927.95,False
PK-2023-00782,2023-12-11,C-0129,Islamabad,Electronics,Online,Cash on Delivery,3,20821.25,17377.85,3443.4,False
PK-2023-00585,2023-12-11,C-0071,KPK,Electronics,Online,JazzCash,1,15463.18,12466.95,2996.23,False
PK-2023-01701,2023-12-11,C-0234,Balochistan,Sports,Online,Cash on Delivery,2,27487.62,24562.9,2924.72,False
PK-2023-01665,2023-12-11,C-0572,Punjab,Electronics,Online,Easypaisa,3,30456.65,23943.75,6512.9,True
PK-2023-00765,2023-12-11,C-0413,Sindh,Electronics,Online,JazzCash,2,19816.79,15775.99,4040.8,False
PK-2023-01007,2023-12-12,C-0049,KPK,Home & Living,In-Store,Card,4,54238.59,46839.83,7398.76,False
PK-2023-00986,2023-12-12,C-0126,Punjab,Electronics,Mobile App,Cash on Delivery,2,23568.84,18360.12,5208.72,False
PK-2023-00995,2023-12-12,C-0086,Sindh,Home & Living,In-Store,Cash on Delivery,1,22146.58,17776.65,4369.93,False
PK-2023-01083,2023-12-12,C-0066,Sindh,Groceries,In-Store,Easypaisa,3,48305.54,42343.6,5961.94,False
PK-2023-01638,2023-12-12,C-0418,KPK,Electronics,Wholesale,Easypaisa,4,46314.06,38462.94,7851.11,False
PK-2023-01760,2023-12-12,C-0352,Punjab,Electronics,Mobile App,Cash on Delivery,2,13557.77,10834.52,2723.25,False
PK-2023-00265,2023-12-12,C-0132,KPK,Home & Living,Online,Card,1,13213.9,11421.12,1792.78,False
PK-2023-01829,2023-12-12,C-0008,Sindh,Sports,In-Store,Card,4,88304.71,72906.13,15398.58,False
PK-2023-01312,2023-12-12,C-0152,Punjab,Sports,Online,Card,1,8582.2,7016.15,1566.06,False
PK-2023-00503,2023-12-12,C-0145,Sindh,Others,Mobile App,Cash on Delivery,1,6799.36,5282.22,1517.15,False
PK-2023-00293,2023-12-13,C-0391,Punjab,Home & Living,Wholesale,Card,4,39263.69,31568.33,7695.36,False
PK-2023-00012,2023-12-13,C-0577,Punjab,Fashion,In-Store,Easypaisa,3,41336.81,33044.18,8292.62,False
PK-2023-01946,2023-12-13,C-0055,Punjab,Sports,Online,Easypaisa,4,34928.04,26690.19,8237.85,False
PK-2023-00631,2023-12-13,C-0239,Punjab,Electronics,Mobile App,Card,3,24062.52,20170.63,3891.89,False
PK-2023-01821,2023-12-13,C-0071,KPK,Beauty & Personal Care,Mobile App,JazzCash,4,45968.39,37801.5,8166.89,False
PK-2023-00431,2023-12-13,C-0479,Punjab,Beauty & Personal Care,Online,Cash on Delivery,1,10935.0,8830.04,2104.96,False
PK-2023-01986,2023-12-13,C-0508,Punjab,Electronics,Online,Cash on Delivery,1,15487.0,13073.3,2413.7,False
PK-2023-00132,2023-12-13,C-0239,Sindh,Groceries,Mobile App,Cash on Delivery,1,15647.88,12963.95,2683.93,False
PK-2023-01306,2023-12-13,C-0297,Sindh,Electronics,Online,Card,4,47356.68,41085.42,6271.26,False
PK-2023-00591,2023-12-13,C-0230,Punjab,Beauty & Personal Care,Online,JazzCash,4,69310.23,54674.65,14635.58,False
PK-2023-00226,2023-12-13,C-0166,Balochistan,Electronics,Online,Easypaisa,4,39168.29,31847.37,7320.92,False
PK-2023-01950,2023-12-13,C-0508,KPK,Fashion,Wholesale,Easypaisa,2,13670.23,11019.08,2651.15,False
PK-2023-00219,2023-12-13,C-0222,Islamabad,Sports,Online,Card,2,12694.58,10020.31,2674.27,False
PK-2023-01285,2023-12-13,C-0414,Punjab,Electronics,Wholesale,Easypaisa,1,7285.72,6166.09,1119.63,False
PK-2023-00361,2023-12-14,C-0503,Punjab,Beauty & Personal Care,Online,Easypaisa,4,52463.94,41290.01,11173.93,False
PK-2023-01948,2023-12-14,C-0003,KPK,Electronics,Online,Card,1,6654.74,5278.96,1375.77,False
PK-2023-01431,2023-12-14,C-0003,Punjab,Home & Living,In-Store,Cash on Delivery,3,65981.64,54227.6,11754.04,False
PK-2023-01250,2023-12-14,C-0303,Balochistan,Home & Living,Mobile App,Easypaisa,2,21146.79,17506.23,3640.56,False
PK-2023-01557,2023-12-14,C-0257,Punjab,Home & Living,Online,Cash on Delivery,2,15524.45,12798.59,2725.86,False
PK-2023-00758,2023-12-14,C-0613,Islamabad,Groceries,In-Store,Cash on Delivery,2,17062.38,14411.59,2650.79,False
PK-2023-01867,2023-12-15,C-0311,Balochistan,Home & Living,Online,Cash on Delivery,3,38107.7,32108.25,5999.46,False
PK-2023-00235,2023-12-15,C-0146,Punjab,Groceries,Online,Easypaisa,4,74926.34,63601.69,11324.66,False
PK-2023-00883,2023-12-15,C-0467,Sindh,Home & Living,Online,Cash on Delivery,3,34333.25,30292.06,4041.19,False
PK-2023-00377,2023-12-15,C-0128,KPK,Beauty & Personal Care,Online,JazzCash,2,18817.56,14520.24,4297.33,False
PK-2023-00382,2023-12-15,C-0676,Punjab,Electronics,In-Store,JazzCash,3,30962.04,24738.2,6223.84,False
PK-2023-01286,2023-12-15,C-0075,Punjab,Groceries,Wholesale,Easypaisa,1,4940.01,4439.17,500.84,False
PK-2023-01114,2023-12-15,C-0285,Islamabad,Groceries,Mobile App,Cash on Delivery,3,52489.26,43567.39,8921.88,False
PK-2023-01391,2023-12-15,C-0371,Sindh,Electronics,Online,Easypaisa,3,28839.16,21662.61,7176.55,False
PK-2023-01229,2023-12-15,C-0686,Punjab,Groceries,Online,Card,3,24402.04,19935.88,4466.16,False
PK-2023-00340,2023-12-15,C-0743,Balochistan,Electronics,In-Store,Card,2,29061.19,23020.91,6040.28,False
PK-2023-01074,2023-12-15,C-0375,Sindh,Groceries,Mobile App,Cash on Delivery,1,15102.38,12839.11,2263.27,False
PK-2023-00174,2023-12-15,C-0329,Punjab,Electronics,Online,Card,4,25331.19,22185.94,3145.24,False
PK-2023-01471,2023-12-16,C-0745,Sindh,Fashion,Online,Cash on Delivery,1,6580.37,5511.43,1068.94,False
PK-2023-00191,2023-12-16,C-0432,Punjab,Electronics,In-Store,Card,1,12811.18,10769.49,2041.7,False
PK-2023-00143,2023-12-16,C-0143,Punjab,Beauty & Personal Care,Online,JazzCash,1,8861.23,7013.13,1848.11,False
PK-2023-01676,2023-12-16,C-0219,Islamabad,Beauty & Personal Care,Mobile App,Card,3,52763.04,43033.33,9729.71,False
PK-2023-00955,2023-12-16,C-0022,Punjab,Home & Living,In-Store,Card,2,10980.26,8290.51,2689.75,False
PK-2023-01586,2023-12-16,C-0488,Islamabad,Beauty & Personal Care,Online,Cash on Delivery,2,40502.43,34452.27,6050.16,False
PK-2023-01439,2023-12-16,C-0350,Islamabad,Electronics,Online,JazzCash,4,31276.59,24588.05,6688.54,False
PK-2023-01414,2023-12-17,C-0454,Punjab,Electronics,Mobile App,Card,1,4530.31,3424.75,1105.56,False
PK-2023-01844,2023-12-17,C-0033,Sindh,Home & Living,Mobile App,Easypaisa,3,103366.17,92313.89,11052.28,True
PK-2023-00468,2023-12-17,C-0567,KPK,Home & Living,In-Store,Card,3,44157.1,35666.97,8490.13,False
PK-2023-00937,2023-12-17,C-0198,Punjab,Fashion,Wholesale,JazzCash,3,29270.81,23644.97,5625.84,False
PK-2023-01978,2023-12-17,C-0388,Punjab,Electronics,Wholesale,Cash on Delivery,1,15197.87,13601.76,1596.11,False
PK-2023-01655,2023-12-17,C-0424,Punjab,Fashion,Online,Easypaisa,3,23646.91,18260.54,5386.36,False
PK-2023-01310,2023-12-18,C-0246,Punjab,Electronics,Online,Easypaisa,2,18072.44,14307.26,3765.18,False
PK-2023-00463,2023-12-18,C-0567,Punjab,Electronics,In-Store,Cash on Delivery,3,40838.12,34201.11,6637.01,False
PK-2023-01459,2023-12-18,C-0319,Punjab,Electronics,Online,JazzCash,4,27031.72,21542.77,5488.95,False
PK-2023-01731,2023-12-18,C-0745,Punjab,Sports,Mobile App,Cash on Delivery,3,38390.28,29287.62,9102.66,False
PK-2023-00347,2023-12-18,C-0252,KPK,Beauty & Personal Care,Wholesale,JazzCash,1,11067.86,8528.37,2539.49,False
PK-2023-01372,2023-12-18,C-0034,Islamabad,Electronics,In-Store,Cash on Delivery,1,10663.24,8781.7,1881.55,False
PK-2023-01027,2023-12-18,C-0113,Sindh,Electronics,Mobile App,Easypaisa,2,27892.89,21875.72,6017.18,False
PK-2023-01014,2023-12-19,C-0525,KPK,Groceries,In-Store,Card,3,18843.62,15234.46,3609.16,False
PK-2023-01593,2023-12-19,C-0325,Sindh,Beauty & Personal Care,In-Store,Card,2,52170.54,43026.64,9143.9,False
PK-2023-01951,2023-12-19,C-0480,Punjab,Fashion,Mobile App,Cash on Delivery,4,37708.67,28808.68,8899.99,False
PK-2023-01264,2023-12-19,C-0135,Balochistan,Home & Living,Online,Card,3,31315.46,27448.76,3866.7,False
PK-2023-00320,2023-12-19,C-0393,Sindh,Sports,Mobile App,Cash on Delivery,2,24138.35,20832.14,3306.22,False
PK-2023-00388,2023-12-19,C-0241,Punjab,Electronics,Online,Cash on Delivery,4,67996.6,57180.54,10816.05,False
PK-2023-01454,2023-12-19,C-0602,Punjab,Electronics,Mobile App,Easypaisa,4,42415.08,33459.81,8955.27,False
PK-2023-00892,2023-12-20,C-0159,Punjab,Others,Online,Cash on Delivery,1,11895.55,9722.02,2173.53,False
PK-2023-01920,2023-12-20,C-0322,Punjab,Fashion,Online,Easypaisa,3,30696.01,24404.03,6291.98,False
PK-2023-00224,2023-12-20,C-0129,Punjab,Electronics,Online,Card,2,28036.9,22390.86,5646.04,False
PK-2023-00965,2023-12-20,C-0363,Punjab,Electronics,Online,Card,3,21337.9,18144.49,3193.41,False
PK-2023-00967,2023-12-20,C-0666,Punjab,Fashion,Mobile App,Card,4,30629.57,25554.49,5075.08,False
PK-2023-00916,2023-12-20,C-0483,Balochistan,Electronics,In-Store,Easypaisa,4,45313.23,34598.05,10715.18,False
PK-2023-00720,2023-12-20,C-0334,Punjab,Home & Living,Online,Easypaisa,1,16424.52,13868.83,2555.69,False
PK-2023-00170,2023-12-20,C-0730,Sindh,Home & Living,In-Store,Cash on Delivery,1,7072.18,5808.26,1263.92,True
PK-2023-01061,2023-12-20,C-0020,Punjab,Home & Living,Online,Cash on Delivery,3,37508.44,32290.09,5218.35,False
PK-2023-00527,2023-12-21,C-0426,KPK,Sports,Online,Card,2,20888.85,15254.79,5634.05,False
PK-2023-00137,2023-12-21,C-0349,Sindh,Fashion,Wholesale,JazzCash,4,42923.86,35660.63,7263.23,False
PK-2023-00342,2023-12-21,C-0638,Punjab,Electronics,Wholesale,Cash on Delivery,4,32564.08,24912.1,7651.98,False
PK-2023-01385,2023-12-21,C-0339,Punjab,Electronics,Online,Cash on Delivery,1,16342.8,12779.61,3563.19,False
PK-2023-01744,2023-12-21,C-0520,Balochistan,Home & Living,Wholesale,JazzCash,4,19230.32,15809.46,3420.85,False
PK-2023-01518,2023-12-21,C-0573,Punjab,Electronics,Mobile App,Card,2,18506.74,15274.05,3232.69,False
PK-2023-00724,2023-12-21,C-0362,Sindh,Fashion,Online,Cash on Delivery,4,39213.03,32368.97,6844.06,False
PK-2023-00905,2023-12-21,C-0289,KPK,Fashion,Online,JazzCash,4,34542.46,27399.52,7142.93,False
PK-2023-00688,2023-12-21,C-0143,Sindh,Groceries,In-Store,Easypaisa,2,21923.31,18167.53,3755.77,False
PK-2023-01335,2023-12-22,C-0382,Punjab,Fashion,Online,Card,2,11619.99,9403.25,2216.74,False
PK-2023-00850,2023-12-22,C-0594,KPK,Fashion,Wholesale,Cash on Delivery,2,25445.18,20966.4,4478.78,False
PK-2023-01699,2023-12-22,C-0680,Balochistan,Electronics,Online,Cash on Delivery,1,17322.23,13534.41,3787.82,False
PK-2023-00605,2023-12-22,C-0271,KPK,Electronics,In-Store,Easypaisa,4,32399.25,26786.35,5612.9,False
PK-2023-00100,2023-12-22,C-0760,Islamabad,Electronics,Online,JazzCash,3,34327.74,29780.23,4547.51,False
PK-2023-01832,2023-12-22,C-0326,Punjab,Groceries,In-Store,Cash on Delivery,2,23179.92,18346.21,4833.71,False
PK-2023-01502,2023-12-22,C-0637,Sindh,Home & Living,In-Store,Cash on Delivery,3,45277.02,38329.7,6947.32,False
PK-2023-00233,2023-12-23,C-0277,KPK,Electronics,In-Store,Easypaisa,1,23802.26,18763.01,5039.25,False
PK-2023-01407,2023-12-23,C-0005,Punjab,Home & Living,Wholesale,Cash on Delivery,3,44612.73,37391.65,7221.08,False
PK-2023-00032,2023-12-23,C-0659,Punjab,Home & Living,Online,Card,1,12827.87,11401.68,1426.19,False
PK-2023-01607,2023-12-23,C-0437,Punjab,Electronics,In-Store,Card,4,51212.39,39240.02,11972.37,False
PK-2023-01334,2023-12-23,C-0212,Punjab,Electronics,Mobile App,Card,2,28814.05,24129.07,4684.98,False
PK-2023-01420,2023-12-24,C-0101,Punjab,Beauty & Personal Care,Online,Cash on Delivery,2,23895.43,18786.08,5109.35,False
PK-2023-01403,2023-12-24,C-0167,Punjab,Home & Living,Online,Easypaisa,1,9505.19,7508.67,1996.52,False
PK-2023-00202,2023-12-24,C-0062,Balochistan,Sports,Mobile App,Easypaisa,1,4329.0,3811.71,517.29,False
PK-2023-01954,2023-12-24,C-0456,Punjab,Groceries,Online,Card,1,15714.07,12368.69,3345.38,False
PK-2023-01956,2023-12-24,C-0660,Sindh,Home & Living,Mobile App,Card,4,45311.93,35665.84,9646.09,False
PK-2023-00023,2023-12-24,C-0321,Punjab,Electronics,Online,Card,3,38668.43,31468.52,7199.91,False
PK-2023-00104,2023-12-24,C-0686,Punjab,Sports,In-Store,JazzCash,4,62887.33,56382.89,6504.44,False
PK-2023-01271,2023-12-24,C-0031,Islamabad,Others,In-Store,Easypaisa,1,17345.23,14538.79,2806.44,False
PK-2023-01972,2023-12-24,C-0642,Punjab,Electronics,Online,Card,3,34628.11,27466.84,7161.27,False
PK-2023-00613,2023-12-24,C-0745,KPK,Home & Living,Mobile App,Card,2,18074.33,14727.71,3346.61,False
PK-2023-01436,2023-12-25,C-0085,Punjab,Home & Living,Online,Easypaisa,1,12895.98,9633.39,3262.59,False
PK-2023-01375,2023-12-25,C-0260,KPK,Home & Living,Mobile App,Easypaisa,4,59027.57,46052.67,12974.9,False
PK-2023-01758,2023-12-25,C-0255,Sindh,Electronics,Online,JazzCash,1,14968.34,11667.36,3300.98,True
PK-2023-01194,2023-12-25,C-0251,KPK,Groceries,Mobile App,Easypaisa,3,36887.96,30335.69,6552.27,False
PK-2023-00006,2023-12-25,C-0245,Punjab,Sports,Mobile App,Easypaisa,2,39827.91,30888.85,8939.06,False
PK-2023-00873,2023-12-26,C-0744,KPK,Electronics,Online,JazzCash,2,20426.67,16444.0,3982.67,True
PK-2023-01135,2023-12-26,C-0615,Balochistan,Groceries,Online,Easypaisa,4,64367.15,52332.46,12034.69,False
PK-2023-01085,2023-12-26,C-0421,Islamabad,Beauty & Personal Care,Mobile App,Card,2,42347.02,35972.68,6374.34,False
PK-2023-01412,2023-12-26,C-0376,KPK,Electronics,In-Store,Easypaisa,2,32098.08,26332.65,5765.43,False
PK-2023-01268,2023-12-26,C-0297,Balochistan,Beauty & Personal Care,Mobile App,Card,3,22489.34,18271.82,4217.52,False
PK-2023-01440,2023-12-26,C-0563,Punjab,Home & Living,Wholesale,Cash on Delivery,1,11948.08,9468.89,2479.19,False
PK-2023-00297,2023-12-26,C-0684,Sindh,Groceries,In-Store,Cash on Delivery,1,10242.38,8154.54,2087.83,False
PK-2023-01066,2023-12-26,C-0414,Sindh,Fashion,In-Store,Cash on Delivery,1,9424.28,7719.93,1704.35,False
PK-2023-00625,2023-12-26,C-0567,Punjab,Home & Living,Online,Card,2,45968.45,35797.55,10170.9,False
PK-2023-00838,2023-12-27,C-0320,Punjab,Electronics,Mobile App,Card,2,23132.45,18759.67,4372.78,False
PK-2023-00457,2023-12-27,C-0105,Punjab,Home & Living,Online,Card,1,10142.24,8547.64,1594.61,False
PK-2023-01713,2023-12-27,C-0080,Islamabad,Others,Online,JazzCash,2,24836.32,21286.26,3550.06,False
PK-2023-00599,2023-12-27,C-0596,Punjab,Sports,Online,Easypaisa,1,14267.16,12170.43,2096.73,False
PK-2023-01487,2023-12-27,C-0511,Balochistan,Groceries,Online,Card,3,67049.63,53522.38,13527.24,False
PK-2023-01345,2023-12-27,C-0161,Punjab,Home & Living,Online,Cash on Delivery,3,17029.66,13857.99,3171.68,False
PK-2023-00447,2023-12-27,C-0065,Punjab,Electronics,In-Store,Card,1,14554.84,11637.26,2917.58,False
PK-2023-00915,2023-12-27,C-0648,Punjab,Fashion,In-Store,JazzCash,2,24972.93,20907.86,4065.06,False
PK-2023-01115,2023-12-27,C-0595,Punjab,Fashion,In-Store,Card,4,39675.53,32353.74,7321.79,True
PK-2023-01635,2023-12-27,C-0470,Punjab,Home & Living,Online,JazzCash,3,22156.35,18282.58,3873.76,False
PK-2023-01989,2023-12-28,C-0665,Islamabad,Others,Mobile App,Cash on Delivery,1,18221.33,15352.17,2869.16,False
PK-2023-00785,2023-12-28,C-0346,Islamabad,Electronics,Mobile App,Card,2,38780.99,31370.27,7410.71,False
PK-2023-00914,2023-12-28,C-0508,Islamabad,Groceries,In-Store,Cash on Delivery,4,61021.03,51434.8,9586.23,False
PK-2023-01873,2023-12-28,C-0121,Punjab,Electronics,Online,Card,4,62484.02,50562.45,11921.57,False
PK-2023-01874,2023-12-28,C-0494,Punjab,Electronics,Online,Easypaisa,1,4590.96,4007.7,583.26,False
PK-2023-01702,2023-12-28,C-0741,Punjab,Electronics,Mobile App,JazzCash,2,21956.04,17461.4,4494.64,False
PK-2023-00386,2023-12-28,C-0512,Islamabad,Beauty & Personal Care,In-Store,Card,1,17189.03,13624.58,3564.45,False
PK-2023-00623,2023-12-28,C-0576,Sindh,Electronics,Online,Card,2,18636.1,14895.08,3741.02,False
PK-2023-00614,2023-12-28,C-0305,Sindh,Beauty & Personal Care,Online,JazzCash,3,49998.08,40369.82,9628.26,False
PK-2023-01706,2023-12-28,C-0168,Sindh,Electronics,Mobile App,JazzCash,1,9380.46,7734.18,1646.27,False
PK-2023-01188,2023-12-29,C-0468,Sindh,Beauty & Personal Care,Online,JazzCash,2,20686.54,17485.59,3200.95,False
PK-2023-01863,2023-12-29,C-0542,KPK,Groceries,Online,Card,4,44049.14,35624.56,8424.58,False
PK-2023-01023,2023-12-29,C-0018,Balochistan,Home & Living,Online,Cash on Delivery,2,11386.43,9452.87,1933.57,False
PK-2023-00810,2023-12-29,C-0669,Sindh,Electronics,In-Store,JazzCash,4,24397.59,19928.99,4468.6,False
PK-2023-00541,2023-12-29,C-0255,Punjab,Home & Living,In-Store,Card,4,35474.74,29948.84,5525.9,False
PK-2023-00544,2023-12-29,C-0721,Sindh,Electronics,Mobile App,Cash on Delivery,1,9475.22,7771.87,1703.35,False
PK-2023-01767,2023-12-29,C-0554,Punjab,Home & Living,In-Store,Card,1,15044.78,12120.54,2924.24,False
PK-2023-00981,2023-12-29,C-0130,Islamabad,Home & Living,Wholesale,Cash on Delivery,2,41555.45,33706.81,7848.64,False
PK-2023-01619,2023-12-30,C-0735,Sindh,Fashion,In-Store,JazzCash,4,61858.07,49153.21,12704.86,False
PK-2023-01384,2023-12-30,C-0613,Punjab,Home & Living,Online,Cash on Delivery,2,16696.82,13116.05,3580.77,False
PK-2023-00178,2023-12-30,C-0748,Islamabad,Beauty & Personal Care,Online,Card,2,28998.39,22721.3,6277.09,False
PK-2023-00711,2023-12-30,C-0196,KPK,Others,Online,Card,3,18139.21,14901.47,3237.74,False
PK-2023-01862,2023-12-30,C-0180,Punjab,Electronics,Online,Card,3,44806.45,34901.14,9905.31,False
PK-2023-00528,2023-12-30,C-0034,KPK,Sports,Online,Easypaisa,4,41177.39,31455.93,9721.46,False
PK-2023-00999,2023-12-30,C-0470,Punjab,Others,In-Store,Cash on Delivery,2,34564.58,28926.96,5637.63,False
PK-2023-01579,2023-12-30,C-0256,Balochistan,Groceries,Online,Easypaisa,4,83465.84,65154.32,18311.52,False
PK-2023-01130,2023-12-30,C-0126,Islamabad,Sports,Online,Card,2,61257.4,50184.09,11073.32,False
PK-2023-01478,2023-12-30,C-0582,Sindh,Sports,Online,JazzCash,4,60525.67,47642.96,12882.71,False
PK-2023-00813,2023-12-30,C-0384,Sindh,Groceries,Online,Cash on Delivery,2,34763.4,27095.04,7668.36,False
PK-2023-00405,2023-12-31,C-0070,Sindh,Beauty & Personal Care,Online,Card,4,26934.04,21638.95,5295.09,False
PK-2023-00673,2023-12-31,C-0240,Punjab,Fashion,Mobile App,Cash on Delivery,2,21405.94,17540.93,3865.01,False
PK-2023-00668,2023-12-31,C-0268,Punjab,Electronics,Online,Easypaisa,3,41193.23,35771.26,5421.97,False
PK-2023-01260,2023-12-31,C-0392,Punjab,Electronics,Online,JazzCash,4,53409.66,44016.3,9393.36,False
PK-2023-01131,2023-12-31,C-0485,Punjab,Fashion,Online,Card,2,41310.28,33911.16,7399.12,False
PK-2023-01856,2023-12-31,C-0627,Balochistan,Electronics,In-Store,Easypaisa,4,67844.94,54781.77,13063.17,False
PK-2023-00410,2023-12-31,C-0569,Punjab,Sports,Online,Card,2,16968.44,13952.41,3016.03,False
PK-2023-01109,2023-12-31,C-0347,Sindh,Electronics,Online,Easypaisa,1,19943.98,17102.43,2841.55,False
PK-2023-01561,2023-12-31,C-0568,Islamabad,Groceries,Wholesale,Easypaisa,2,23345.86,18146.92,5198.93,False
PK-2024-00214,2024-01-01,C-0867,KPK,Home & Living,Mobile App,Card,3,20598.0,16250.05,4347.95,False
PK-2024-01489,2024-01-01,C-0676,Punjab,Fashion,Mobile App,Cash on Delivery,2,16355.02,14148.96,2206.06,False
PK-2024-02088,2024-01-02,C-0457,Sindh,Electronics,Online,Easypaisa,2,24045.75,18196.64,5849.11,False
PK-2024-01159,2024-01-02,C-0712,Sindh,Fashion,In-Store,JazzCash,2,27375.63,19734.72,7640.91,False
PK-2024-00511,2024-01-02,C-0555,Sindh,Electronics,In-Store,Card,1,10899.91,8871.35,2028.57,False
PK-2024-00949,2024-01-03,C-0581,KPK,Home & Living,Online,Cash on Delivery,2,23220.35,19432.88,3787.46,False
PK-2024-00093,2024-01-03,C-0685,Islamabad,Beauty & Personal Care,Online,Card,4,20902.95,15093.02,5809.93,False
PK-2024-01414,2024-01-03,C-0885,Punjab,Fashion,Online,Cash on Delivery,3,16291.54,12108.35,4183.19,False
PK-2024-00854,2024-01-03,C-0611,Sindh,Beauty & Personal Care,Online,Cash on Delivery,3,13859.41,10549.08,3310.33,False
PK-2024-00536,2024-01-03,C-0002,Punjab,Beauty & Personal Care,Mobile App,Card,2,26400.52,19795.93,6604.59,False
PK-2024-00584,2024-01-04,C-0739,KPK,Electronics,Online,Easypaisa,3,42060.21,33954.39,8105.82,False
PK-2024-01808,2024-01-04,C-0615,Sindh,Sports,Online,Cash on Delivery,4,55700.01,43973.8,11726.21,False
PK-2024-01797,2024-01-04,C-0490,Islamabad,Fashion,Online,Easypaisa,1,10691.22,8708.96,1982.25,False
PK-2024-00142,2024-01-04,C-0130,Punjab,Home & Living,Wholesale,Easypaisa,2,27098.93,21541.96,5556.97,False
PK-2024-01028,2024-01-05,C-0168,Sindh,Electronics,Mobile App,Easypaisa,2,22371.67,16793.1,5578.57,False
PK-2024-01023,2024-01-05,C-0456,Sindh,Home & Living,Online,Card,4,31802.23,23323.91,8478.33,False
PK-2024-02179,2024-01-05,C-0053,Punjab,Fashion,Online,Cash on Delivery,4,37743.28,29705.16,8038.12,False
PK-2024-00212,2024-01-05,C-0463,Sindh,Groceries,In-Store,Card,1,16530.38,13091.35,3439.03,False
PK-2024-00598,2024-01-05,C-0124,Balochistan,Electronics,In-Store,Card,2,14600.66,11950.59,2650.07,False
PK-2024-00449,2024-01-05,C-0331,Balochistan,Fashion,Online,Easypaisa,4,67383.85,53014.98,14368.87,False
PK-2024-00403,2024-01-06,C-0169,Sindh,Fashion,In-Store,JazzCash,1,13821.64,11025.48,2796.16,False
PK-2024-00162,2024-01-06,C-0888,Sindh,Sports,Online,Card,3,31220.57,24932.3,6288.27,False
PK-2024-01141,2024-01-06,C-0839,Punjab,Others,Mobile App,Card,3,23410.72,18618.47,4792.25,False
PK-2024-02036,2024-01-07,C-0806,Punjab,Electronics,In-Store,Card,4,50384.25,38718.66,11665.59,False
PK-2024-01283,2024-01-07,C-0397,Punjab,Electronics,Wholesale,Easypaisa,4,48260.27,37477.72,10782.55,False
PK-2024-00242,2024-01-07,C-0010,Islamabad,Home & Living,Wholesale,JazzCash,3,45622.81,33658.21,11964.6,False
PK-2024-00656,2024-01-08,C-0579,Punjab,Groceries,Online,Cash on Delivery,3,29809.15,22591.56,7217.59,False
PK-2024-00661,2024-01-08,C-0342,Punjab,Groceries,In-Store,Cash on Delivery,4,28872.61,22875.89,5996.72,False
PK-2024-01398,2024-01-08,C-0707,Sindh,Electronics,Online,Cash on Delivery,3,33178.26,28964.89,4213.37,False
PK-2024-00996,2024-01-08,C-0030,Punjab,Home & Living,Mobile App,Cash on Delivery,2,22219.57,16552.19,5667.38,False
PK-2024-01606,2024-01-08,C-0709,Punjab,Electronics,Online,Cash on Delivery,3,32952.17,26287.51,6664.66,False
PK-2024-01560,2024-01-08,C-0018,Balochistan,Beauty & Personal Care,Mobile App,Cash on Delivery,1,6468.01,4657.58,1810.43,False
PK-2024-02007,2024-01-09,C-0623,Punjab,Sports,Mobile App,Card,1,9427.74,7616.8,1810.94,False
PK-2024-01953,2024-01-10,C-0084,Sindh,Electronics,Online,Card,4,59139.25,48662.16,10477.09,False
PK-2024-00443,2024-01-10,C-0863,Islamabad,Home & Living,Mobile App,JazzCash,1,11358.87,9469.81,1889.06,False
PK-2024-01754,2024-01-10,C-0364,KPK,Others,Mobile App,Cash on Delivery,1,5513.45,4605.02,908.43,False
PK-2024-01297,2024-01-10,C-0745,KPK,Home & Living,Online,JazzCash,1,11128.18,9130.15,1998.03,False
PK-2024-01786,2024-01-11,C-0529,KPK,Groceries,Mobile App,JazzCash,1,15610.7,12293.7,3317.0,False
PK-2024-01558,2024-01-11,C-0567,Balochistan,Sports,Online,Card,1,12000.39,9885.62,2114.77,False
PK-2024-00980,2024-01-11,C-0596,Punjab,Fashion,Online,JazzCash,2,12296.54,10019.81,2276.73,False
PK-2024-00010,2024-01-11,C-0701,Punjab,Fashion,Online,Cash on Delivery,1,7475.72,6154.99,1320.73,False
PK-2024-02291,2024-01-12,C-0211,Sindh,Beauty & Personal Care,Online,Card,1,18332.6,15787.82,2544.79,False
PK-2024-00910,2024-01-12,C-0230,Sindh,Groceries,In-Store,Easypaisa,1,14705.01,11404.21,3300.79,False
PK-2024-02068,2024-01-13,C-0791,Punjab,Groceries,Online,Cash on Delivery,3,33136.37,23720.22,9416.15,False
PK-2024-02065,2024-01-13,C-0646,Sindh,Home & Living,In-Store,Cash on Delivery,1,15884.89,12923.22,2961.67,False
PK-2024-01247,2024-01-14,C-0464,KPK,Electronics,Online,Cash on Delivery,3,40286.82,29833.49,10453.33,False
PK-2024-00950,2024-01-15,C-0623,Punjab,Electronics,In-Store,Easypaisa,1,20388.04,16699.49,3688.55,False
PK-2024-02429,2024-01-15,C-0089,Sindh,Home & Living,Mobile App,Card,3,26691.06,19580.44,7110.62,False
PK-2024-00133,2024-01-15,C-0199,Sindh,Beauty & Personal Care,Mobile App,JazzCash,2,33795.68,25950.23,7845.46,False
PK-2024-00901,2024-01-15,C-0368,Sindh,Others,In-Store,Cash on Delivery,4,66301.03,52691.43,13609.61,False
PK-2024-01326,2024-01-16,C-0192,Sindh,Electronics,Online,Card,2,26544.52,20527.97,6016.55,False
PK-2024-01536,2024-01-16,C-0393,Sindh,Fashion,Online,Card,3,40829.99,33236.61,7593.39,True
PK-2024-00163,2024-01-16,C-0230,Sindh,Sports,In-Store,Easypaisa,4,61927.85,52766.79,9161.06,False
PK-2024-02329,2024-01-17,C-0638,Sindh,Home & Living,Online,Cash on Delivery,4,56893.2,46008.54,10884.66,False
PK-2024-00615,2024-01-17,C-0844,Balochistan,Electronics,Mobile App,JazzCash,2,28315.25,22839.0,5476.25,False
PK-2024-01610,2024-01-18,C-0168,Sindh,Home & Living,Wholesale,Card,1,16931.08,13561.56,3369.52,False
PK-2024-01099,2024-01-18,C-0831,Sindh,Groceries,Mobile App,Card,4,55936.55,43312.05,12624.5,False
PK-2024-01512,2024-01-18,C-0067,Islamabad,Home & Living,In-Store,Cash on Delivery,4,41438.25,30690.62,10747.64,False
PK-2024-02479,2024-01-19,C-0094,Islamabad,Electronics,In-Store,Cash on Delivery,2,22613.06,17247.78,5365.28,False
PK-2024-01426,2024-01-19,C-0656,KPK,Electronics,Wholesale,Cash on Delivery,1,12227.38,9094.6,3132.79,True
PK-2024-01462,2024-01-19,C-0450,Punjab,Home & Living,In-Store,Easypaisa,3,45868.83,34934.51,10934.33,False
PK-2024-00409,2024-01-19,C-0291,Punjab,Fashion,Online,JazzCash,4,25460.64,20680.78,4779.86,False
PK-2024-02242,2024-01-19,C-0196,KPK,Home & Living,Online,Card,3,27652.13,21281.5,6370.63,False
PK-2024-00327,2024-01-20,C-0533,Islamabad,Electronics,Online,Easypaisa,2,22423.87,17338.05,5085.83,False
PK-2024-00108,2024-01-20,C-0309,Sindh,Beauty & Personal Care,Online,Easypaisa,2,23531.82,19401.5,4130.32,False
PK-2024-01992,2024-01-20,C-0797,Punjab,Home & Living,In-Store,Cash on Delivery,2,24638.33,19332.36,5305.98,False
PK-2024-01770,2024-01-20,C-0784,Punjab,Sports,In-Store,Cash on Delivery,3,37422.84,30051.69,7371.15,False
PK-2024-00156,2024-01-20,C-0492,KPK,Home & Living,In-Store,Easypaisa,4,44198.59,32663.33,11535.27,False
PK-2024-01274,2024-01-21,C-0463,Islamabad,Groceries,Online,Card,2,21358.89,15588.7,5770.19,False
PK-2024-02100,2024-01-21,C-0177,KPK,Electronics,Online,Easypaisa,3,29571.06,22267.21,7303.85,True
PK-2024-00769,2024-01-21,C-0583,Sindh,Electronics,In-Store,Card,4,41257.19,33517.25,7739.94,False
PK-2024-00446,2024-01-21,C-0058,Balochistan,Sports,Wholesale,Card,1,21829.39,17840.26,3989.14,False
PK-2024-00845,2024-01-21,C-0283,Punjab,Electronics,Mobile App,Easypaisa,2,23839.72,19391.36,4448.36,False
PK-2024-00637,2024-01-22,C-0073,Balochistan,Groceries,Online,JazzCash,1,6354.1,5045.71,1308.39,False
PK-2024-01476,2024-01-22,C-0664,Sindh,Groceries,In-Store,Card,4,44154.65,35947.56,8207.08,False
PK-2024-02115,2024-01-22,C-0833,Punjab,Beauty & Personal Care,Online,Card,3,17240.01,13202.96,4037.05,False
PK-2024-01197,2024-01-22,C-0434,Islamabad,Home & Living,In-Store,JazzCash,2,25667.86,19112.83,6555.03,False
PK-2024-00122,2024-01-23,C-0821,KPK,Home & Living,Online,Easypaisa,2,31072.24,23330.66,7741.58,False
PK-2024-00427,2024-01-23,C-0209,KPK,Electronics,Online,JazzCash,4,32298.82,24784.97,7513.85,False
PK-2024-00531,2024-01-24,C-0292,Punjab,Home & Living,Online,Card,4,22863.32,16673.67,6189.65,False
PK-2024-01053,2024-01-24,C-0379,Punjab,Beauty & Personal Care,Online,Card,4,42396.77,31036.54,11360.23,False
PK-2024-00803,2024-01-24,C-0310,Punjab,Groceries,In-Store,Card,3,29235.2,22939.82,6295.38,False
PK-2024-00811,2024-01-24,C-0236,Balochistan,Fashion,Online,Cash on Delivery,4,18540.46,16574.54,1965.92,False
PK-2024-00942,2024-01-25,C-0883,Sindh,Fashion,Online,Cash on Delivery,3,25439.82,21703.48,3736.34,False
PK-2024-01316,2024-01-25,C-0811,Balochistan,Fashion,Online,JazzCash,2,21425.72,18606.85,2818.87,False
PK-2024-00238,2024-01-25,C-0118,Islamabad,Sports,In-Store,Easypaisa,1,9044.61,7017.59,2027.01,False
PK-2024-01289,2024-01-25,C-0475,Punjab,Fashion,Mobile App,JazzCash,3,18045.32,14218.12,3827.21,False
PK-2024-00320,2024-01-25,C-0590,Islamabad,Sports,Mobile App,Card,4,39480.69,31196.54,8284.15,False
PK-2024-00177,2024-01-25,C-0744,Sindh,Others,Online,Cash on Delivery,4,36772.25,29209.28,7562.97,False
PK-2024-00267,2024-01-25,C-0805,Islamabad,Groceries,Online,JazzCash,1,13136.58,11225.28,1911.3,False
PK-2024-02241,2024-01-25,C-0711,Sindh,Home & Living,Mobile App,Card,3,44397.95,33078.75,11319.2,False
PK-2024-02016,2024-01-25,C-0407,Sindh,Beauty & Personal Care,In-Store,Card,4,54844.38,45043.8,9800.58,False
PK-2024-00477,2024-01-26,C-0719,Punjab,Fashion,In-Store,Cash on Delivery,4,71533.54,54577.68,16955.86,False
PK-2024-02327,2024-01-26,C-0775,KPK,Electronics,Online,JazzCash,3,27810.57,22265.51,5545.05,False
PK-2024-02200,2024-01-26,C-0392,Islamabad,Electronics,Mobile App,Card,2,18754.09,15208.83,3545.27,False
PK-2024-01804,2024-01-26,C-0021,Punjab,Groceries,Online,Cash on Delivery,1,7795.08,5779.71,2015.37,False
PK-2024-01107,2024-01-26,C-0829,Sindh,Fashion,In-Store,Card,3,12639.79,9548.45,3091.34,False
PK-2024-01639,2024-01-26,C-0800,Sindh,Others,In-Store,Cash on Delivery,2,14870.9,11075.52,3795.39,False
PK-2024-01743,2024-01-26,C-0134,Sindh,Beauty & Personal Care,Online,Cash on Delivery,3,26348.41,20962.35,5386.06,False
PK-2024-00271,2024-01-27,C-0113,Punjab,Groceries,Mobile App,Cash on Delivery,3,42597.75,32296.61,10301.14,False
PK-2024-01015,2024-01-27,C-0223,Punjab,Home & Living,Online,JazzCash,4,45808.38,37503.25,8305.12,False
PK-2024-02426,2024-01-27,C-0214,Sindh,Electronics,Online,JazzCash,3,28204.27,22107.72,6096.55,False
PK-2024-00889,2024-01-27,C-0098,KPK,Groceries,Online,Card,1,10509.91,8170.46,2339.45,False
PK-2024-00956,2024-01-28,C-0191,Punjab,Home & Living,Online,Cash on Delivery,4,27487.66,23363.19,4124.47,False
PK-2024-00805,2024-01-28,C-0352,Islamabad,Home & Living,Online,Cash on Delivery,4,24009.52,18521.24,5488.27,False
PK-2024-00556,2024-01-28,C-0383,Punjab,Groceries,Online,Card,2,22887.56,18609.4,4278.17,False
PK-2024-01695,2024-01-28,C-0235,Islamabad,Electronics,Wholesale,Cash on Delivery,3,39438.47,29650.9,9787.57,False
PK-2024-00244,2024-01-28,C-0010,Punjab,Beauty & Personal Care,Online,Easypaisa,1,8049.38,6525.02,1524.37,False
PK-2024-00965,2024-01-28,C-0555,Punjab,Fashion,Wholesale,JazzCash,4,48249.4,36779.47,11469.93,False
PK-2024-01779,2024-01-29,C-0755,KPK,Fashion,Wholesale,Card,3,34826.76,26276.16,8550.59,False
PK-2024-00948,2024-01-29,C-0585,Sindh,Beauty & Personal Care,Online,JazzCash,1,16264.38,12571.44,3692.94,False
PK-2024-01443,2024-01-29,C-0290,Balochistan,Others,Online,Card,2,28240.97,22442.04,5798.94,False
PK-2024-01475,2024-01-29,C-0187,Punjab,Electronics,Mobile App,JazzCash,4,64459.54,45245.71,19213.83,False
PK-2024-00180,2024-01-30,C-0256,Sindh,Electronics,In-Store,JazzCash,3,33873.5,27201.73,6671.77,False
PK-2024-00157,2024-01-31,C-0478,Punjab,Sports,Online,JazzCash,2,35102.87,28593.79,6509.08,False
PK-2024-02292,2024-01-31,C-0207,Punjab,Fashion,Wholesale,Easypaisa,3,48844.93,35843.41,13001.53,False
PK-2024-02061,2024-02-01,C-0891,Sindh,Groceries,Wholesale,JazzCash,2,39902.75,30812.71,9090.05,False
PK-2024-02432,2024-02-01,C-0865,Balochistan,Fashion,Mobile App,Easypaisa,4,49985.63,39055.9,10929.72,False
PK-2024-00797,2024-02-01,C-0402,Punjab,Electronics,Mobile App,JazzCash,2,23843.04,18229.05,5613.99,False
PK-2024-00831,2024-02-01,C-0401,Punjab,Beauty & Personal Care,In-Store,Card,3,14149.99,11498.68,2651.32,False
PK-2024-00113,2024-02-01,C-0460,Islamabad,Groceries,Online,Card,4,44930.74,37211.24,7719.5,False
PK-2024-01035,2024-02-01,C-0074,Sindh,Fashion,Mobile App,Card,4,25305.73,20642.4,4663.34,False
PK-2024-00878,2024-02-02,C-0762,Balochistan,Fashion,Mobile App,Card,3,35554.65,28496.13,7058.52,False
PK-2024-00512,2024-02-02,C-0429,Islamabad,Beauty & Personal Care,Online,Card,2,17154.24,13441.16,3713.08,False
PK-2024-00982,2024-02-02,C-0521,Islamabad,Groceries,Online,Card,3,28376.81,22099.04,6277.77,False
PK-2024-00025,2024-02-03,C-0577,KPK,Groceries,In-Store,Card,4,58437.77,44519.56,13918.2,False
PK-2024-01356,2024-02-03,C-0555,Punjab,Beauty & Personal Care,Online,Easypaisa,3,27343.91,20639.32,6704.59,False
PK-2024-01048,2024-02-04,C-0444,Balochistan,Fashion,In-Store,Easypaisa,1,5430.8,4504.14,926.67,False
PK-2024-00338,2024-02-04,C-0732,Punjab,Home & Living,Online,JazzCash,3,73459.36,57422.6,16036.76,False
PK-2024-01132,2024-02-04,C-0562,Punjab,Home & Living,In-Store,JazzCash,1,5386.8,4466.14,920.65,False
PK-2024-01427,2024-02-04,C-0439,Islamabad,Beauty & Personal Care,Online,JazzCash,4,35011.65,26751.16,8260.49,False
PK-2024-01254,2024-02-04,C-0007,Sindh,Groceries,Online,Cash on Delivery,2,22398.53,17299.5,5099.03,False
PK-2024-01024,2024-02-04,C-0887,Sindh,Fashion,Online,Easypaisa,3,33113.9,23404.53,9709.37,False
PK-2024-01836,2024-02-04,C-0322,Islamabad,Electronics,Online,Card,2,31437.18,25621.75,5815.43,False
PK-2024-00425,2024-02-04,C-0828,Sindh,Beauty & Personal Care,Mobile App,Cash on Delivery,1,10271.35,7590.92,2680.42,False
PK-2024-00234,2024-02-04,C-0775,Balochistan,Electronics,Online,Card,4,33967.25,25730.32,8236.93,False
PK-2024-02143,2024-02-05,C-0087,Sindh,Sports,Online,Easypaisa,4,44830.91,36802.26,8028.65,False
PK-2024-00747,2024-02-05,C-0788,KPK,Electronics,Online,Card,4,46907.36,34331.19,12576.17,False
PK-2024-01240,2024-02-05,C-0125,Punjab,Home & Living,Mobile App,Card,3,63057.27,48720.22,14337.05,False
PK-2024-01792,2024-02-05,C-0817,Islamabad,Electronics,Online,Easypaisa,4,25448.93,20767.02,4681.9,False
PK-2024-00834,2024-02-06,C-0328,Sindh,Sports,Online,Card,1,15887.62,12438.14,3449.47,False
PK-2024-01941,2024-02-06,C-0747,Sindh,Sports,Online,Easypaisa,1,14866.83,11131.0,3735.83,True
PK-2024-01170,2024-02-06,C-0165,Punjab,Home & Living,Online,Cash on Delivery,1,7426.88,5727.62,1699.26,False
PK-2024-02425,2024-02-06,C-0013,KPK,Electronics,Online,Card,1,14439.67,11750.75,2688.92,False
PK-2024-00447,2024-02-06,C-0131,Punjab,Fashion,Mobile App,Cash on Delivery,1,9927.32,8270.48,1656.83,False
PK-2024-02286,2024-02-06,C-0067,Balochistan,Others,In-Store,JazzCash,2,36606.49,27749.59,8856.9,False
PK-2024-02180,2024-02-06,C-0687,Sindh,Electronics,Online,JazzCash,3,20870.2,17922.46,2947.74,False
PK-2024-00709,2024-02-08,C-0528,Sindh,Electronics,Mobile App,Cash on Delivery,2,15509.83,12628.95,2880.88,False
PK-2024-00785,2024-02-08,C-0352,Sindh,Fashion,Mobile App,Cash on Delivery,1,11125.01,8974.51,2150.5,True
PK-2024-00383,2024-02-08,C-0288,Balochistan,Electronics,Mobile App,Cash on Delivery,3,30657.84,22729.1,7928.74,False
PK-2024-00438,2024-02-08,C-0228,KPK,Fashion,Online,Cash on Delivery,2,17093.87,11336.28,5757.59,False
PK-2024-00465,2024-02-08,C-0599,Punjab,Groceries,In-Store,Card,4,51198.42,40473.85,10724.57,False
PK-2024-01167,2024-02-09,C-0671,Balochistan,Groceries,In-Store,Card,1,17017.04,12361.4,4655.64,False
PK-2024-01840,2024-02-09,C-0162,KPK,Home & Living,Online,Easypaisa,1,10950.21,8554.75,2395.45,False
PK-2024-01226,2024-02-09,C-0260,Sindh,Home & Living,In-Store,Card,2,20765.36,16807.27,3958.08,False
PK-2024-01135,2024-02-09,C-0180,Islamabad,Electronics,Wholesale,Card,2,14946.36,12410.98,2535.39,False
PK-2024-01241,2024-02-10,C-0042,Sindh,Others,Online,Card,1,16050.59,12777.77,3272.81,False
PK-2024-00590,2024-02-10,C-0221,Punjab,Electronics,Online,Cash on Delivery,1,9368.48,7351.6,2016.88,False
PK-2024-01746,2024-02-10,C-0750,Sindh,Beauty & Personal Care,Online,Cash on Delivery,1,9217.56,6933.19,2284.37,False
PK-2024-01004,2024-02-10,C-0581,Punjab,Sports,Online,JazzCash,3,32762.02,24601.5,8160.52,False
PK-2024-01958,2024-02-10,C-0172,Punjab,Sports,Online,Card,3,27886.48,22608.76,5277.72,False
PK-2024-01532,2024-02-10,C-0612,Sindh,Electronics,Mobile App,Card,4,41313.27,33956.96,7356.31,False
PK-2024-01856,2024-02-11,C-0295,KPK,Home & Living,In-Store,Cash on Delivery,1,13347.27,11119.79,2227.48,False
PK-2024-02096,2024-02-11,C-0593,KPK,Home & Living,Online,Card,1,12193.97,9279.98,2913.99,False
PK-2024-01687,2024-02-11,C-0579,Sindh,Home & Living,Online,Card,3,44579.6,36389.91,8189.69,False
PK-2024-01495,2024-02-11,C-0704,Punjab,Beauty & Personal Care,Online,Cash on Delivery,3,39151.2,29141.86,10009.34,False
PK-2024-00966,2024-02-12,C-0724,Punjab,Others,In-Store,Easypaisa,4,76745.06,58071.89,18673.16,False
PK-2024-01919,2024-02-12,C-0793,Sindh,Fashion,Wholesale,Card,2,42801.14,34677.15,8123.99,False
PK-2024-00572,2024-02-12,C-0333,Islamabad,Fashion,Online,Card,2,12948.65,9882.19,3066.46,False
PK-2024-02127,2024-02-12,C-0486,Balochistan,Home & Living,In-Store,Easypaisa,2,13751.46,10235.29,3516.17,False
PK-2024-00491,2024-02-12,C-0436,KPK,Fashion,In-Store,Card,2,16516.55,12569.09,3947.46,True
PK-2024-01181,2024-02-12,C-0186,Punjab,Home & Living,Wholesale,JazzCash,3,35397.36,28460.77,6936.59,False
PK-2024-00691,2024-02-13,C-0245,Punjab,Fashion,Online,JazzCash,4,44368.22,34746.8,9621.41,False
PK-2024-02107,2024-02-13,C-0642,Sindh,Fashion,In-Store,Card,1,7519.82,5888.25,1631.57,False
PK-2024-01084,2024-02-13,C-0451,Punjab,Fashion,Online,Card,4,40195.88,33532.83,6663.05,False
PK-2024-01571,2024-02-13,C-0508,Sindh,Fashion,Online,Easypaisa,1,14321.01,11655.68,2665.33,False
PK-2024-01031,2024-02-13,C-0360,Punjab,Electronics,Wholesale,Card,1,13217.74,10087.4,3130.34,False
PK-2024-01236,2024-02-13,C-0780,Islamabad,Electronics,Mobile App,Easypaisa,1,7775.21,5729.59,2045.62,False
PK-2024-00002,2024-02-14,C-0234,Sindh,Fashion,Mobile App,Cash on Delivery,1,9772.6,7974.5,1798.1,False
PK-2024-00896,2024-02-14,C-0597,Punjab,Beauty & Personal Care,In-Store,Easypaisa,3,23184.11,19380.15,3803.96,False
PK-2024-01339,2024-02-14,C-0588,Balochistan,Groceries,Mobile App,JazzCash,2,15304.74,11414.78,3889.96,False
PK-2024-00843,2024-02-14,C-0831,KPK,Fashion,In-Store,Cash on Delivery,2,21413.46,15551.77,5861.69,False
PK-2024-01351,2024-02-14,C-0825,Punjab,Groceries,Online,Cash on Delivery,2,14139.38,11080.67,3058.71,False
PK-2024-00585,2024-02-15,C-0861,Punjab,Electronics,Online,Card,2,38709.77,30553.23,8156.54,False
PK-2024-00658,2024-02-15,C-0873,Balochistan,Beauty & Personal Care,Online,Easypaisa,2,16168.87,12788.18,3380.7,True
PK-2024-00350,2024-02-15,C-0262,KPK,Home & Living,Online,JazzCash,1,13353.2,10908.34,2444.86,False
PK-2024-02474,2024-02-15,C-0307,KPK,Electronics,Online,Card,4,31010.56,25505.97,5504.59,False
PK-2024-00388,2024-02-15,C-0640,Punjab,Fashion,Online,Card,4,28746.07,23853.91,4892.17,False
PK-2024-00360,2024-02-16,C-0842,Punjab,Electronics,Online,Easypaisa,3,65743.28,48212.75,17530.54,False
PK-2024-02246,2024-02-16,C-0606,Punjab,Electronics,Wholesale,Card,1,12931.52,10487.98,2443.55,False
PK-2024-02187,2024-02-16,C-0260,Sindh,Groceries,Mobile App,Cash on Delivery,2,10747.32,8570.13,2177.19,False
PK-2024-00807,2024-02-16,C-0632,Punjab,Fashion,In-Store,Cash on Delivery,2,16152.63,12323.06,3829.58,False
PK-2024-01153,2024-02-17,C-0226,Punjab,Fashion,In-Store,Card,1,10077.18,8272.41,1804.78,False
PK-2024-01155,2024-02-17,C-0403,Balochistan,Fashion,Online,Card,2,13420.07,9960.4,3459.67,False
PK-2024-00940,2024-02-17,C-0476,Punjab,Electronics,Online,Easypaisa,1,10304.58,8641.23,1663.34,True
PK-2024-00158,2024-02-17,C-0328,Sindh,Home & Living,In-Store,Card,1,11449.86,9407.67,2042.19,False
PK-2024-01513,2024-02-17,C-0131,Punjab,Electronics,Online,JazzCash,2,16151.46,13142.87,3008.59,False
PK-2024-01961,2024-02-17,C-0273,Punjab,Groceries,Online,Card,1,25050.2,18661.05,6389.15,False
PK-2024-01388,2024-02-17,C-0346,KPK,Groceries,Online,Easypaisa,4,53491.94,39933.73,13558.22,False
PK-2024-02347,2024-02-18,C-0187,Punjab,Home & Living,In-Store,Cash on Delivery,3,31734.6,27045.86,4688.74,False
PK-2024-01458,2024-02-18,C-0520,Punjab,Others,Mobile App,Card,2,19551.54,15914.41,3637.13,False
PK-2024-02112,2024-02-18,C-0480,Punjab,Beauty & Personal Care,Mobile App,Card,3,36708.82,26657.38,10051.44,False
PK-2024-01657,2024-02-18,C-0826,Punjab,Fashion,Online,JazzCash,3,24700.2,19735.86,4964.34,False
PK-2024-01602,2024-02-18,C-0837,Sindh,Electronics,In-Store,JazzCash,2,17915.59,13211.46,4704.12,False
PK-2024-00987,2024-02-18,C-0320,Balochistan,Electronics,In-Store,Easypaisa,4,37287.68,27920.03,9367.65,False
PK-2024-00680,2024-02-18,C-0068,KPK,Electronics,Mobile App,Card,3,26243.21,22019.18,4224.03,False
PK-2024-02283,2024-02-19,C-0570,KPK,Beauty & Personal Care,In-Store,JazzCash,2,15935.68,12285.01,3650.67,False
PK-2024-00671,2024-02-19,C-0220,Punjab,Groceries,Online,JazzCash,3,28274.27,23985.48,4288.79,False
PK-2024-01721,2024-02-19,C-0489,Islamabad,Beauty & Personal Care,In-Store,Cash on Delivery,3,38569.5,29823.48,8746.02,False
PK-2024-01369,2024-02-20,C-0059,Sindh,Fashion,In-Store,Cash on Delivery,2,17612.01,13113.69,4498.32,False
PK-2024-01180,2024-02-20,C-0017,Sindh,Electronics,Online,JazzCash,1,21988.66,17118.04,4870.62,False
PK-2024-00368,2024-02-20,C-0335,Punjab,Sports,Mobile App,Easypaisa,1,13093.4,10235.69,2857.7,True
PK-2024-02430,2024-02-20,C-0193,Punjab,Fashion,Mobile App,Cash on Delivery,4,90213.56,69091.14,21122.42,False
PK-2024-01681,2024-02-20,C-0151,KPK,Home & Living,In-Store,Card,1,11633.22,8867.43,2765.79,False
PK-2024-02033,2024-02-21,C-0590,Punjab,Electronics,In-Store,Easypaisa,4,42378.07,30329.35,12048.72,False
PK-2024-00436,2024-02-21,C-0570,Sindh,Home & Living,Mobile App,Card,2,41701.04,33470.33,8230.71,False
PK-2024-02471,2024-02-22,C-0464,Punjab,Groceries,Online,JazzCash,3,37018.69,27699.9,9318.79,False
PK-2024-02466,2024-02-22,C-0540,Punjab,Sports,Online,Easypaisa,2,57321.48,46285.48,11036.0,False
PK-2024-01997,2024-02-22,C-0589,Balochistan,Groceries,Online,JazzCash,3,41844.69,34658.8,7185.89,False
PK-2024-02163,2024-02-23,C-0362,Punjab,Home & Living,Online,Card,2,13571.43,11149.34,2422.1,False
PK-2024-02313,2024-02-23,C-0510,KPK,Groceries,Wholesale,JazzCash,4,54659.64,43992.49,10667.15,False
PK-2024-01655,2024-02-23,C-0524,KPK,Fashion,Wholesale,Cash on Delivery,1,15745.1,12576.92,3168.18,False
PK-2024-01465,2024-02-23,C-0396,Sindh,Electronics,Online,Easypaisa,3,26637.72,18857.68,7780.04,False
PK-2024-02050,2024-02-24,C-0023,Sindh,Electronics,Online,JazzCash,2,25037.86,20049.81,4988.05,False
PK-2024-01728,2024-02-24,C-0122,KPK,Electronics,Online,Cash on Delivery,1,12769.27,9957.77,2811.51,False
PK-2024-01646,2024-02-24,C-0534,KPK,Groceries,Mobile App,Easypaisa,3,30897.5,25456.12,5441.38,False
PK-2024-00197,2024-02-24,C-0726,Islamabad,Home & Living,In-Store,Cash on Delivery,3,34834.39,29366.28,5468.11,False
PK-2024-00700,2024-02-24,C-0385,Punjab,Fashion,Wholesale,Card,4,64667.31,50474.96,14192.35,False
PK-2024-01843,2024-02-24,C-0852,Sindh,Electronics,Online,Card,4,75331.48,55793.69,19537.79,False
PK-2024-00284,2024-02-24,C-0813,Sindh,Electronics,In-Store,Card,1,9501.12,7763.78,1737.34,False
PK-2024-02237,2024-02-25,C-0005,Punjab,Electronics,In-Store,Easypaisa,1,6681.76,5204.66,1477.11,False
PK-2024-01217,2024-02-25,C-0412,Sindh,Sports,Mobile App,Card,2,47260.96,35839.11,11421.85,False
PK-2024-01922,2024-02-25,C-0093,Punjab,Electronics,Mobile App,Card,3,49009.37,37385.93,11623.43,False
PK-2024-02032,2024-02-25,C-0719,Balochistan,Sports,Online,JazzCash,3,30022.33,23789.47,6232.86,False
PK-2024-01242,2024-02-25,C-0062,Sindh,Fashion,In-Store,Cash on Delivery,2,48314.06,40628.35,7685.71,False
PK-2024-00251,2024-02-26,C-0096,Punjab,Groceries,Online,Card,4,16821.32,12395.3,4426.01,False
PK-2024-01982,2024-02-26,C-0756,Punjab,Beauty & Personal Care,Online,Card,1,9034.72,7511.01,1523.71,False
PK-2024-02346,2024-02-26,C-0122,Punjab,Fashion,Mobile App,Card,4,17667.37,13901.73,3765.63,False
PK-2024-02366,2024-02-26,C-0764,Punjab,Electronics,Mobile App,Easypaisa,1,9370.93,7259.76,2111.17,False
PK-2024-00819,2024-02-26,C-0066,KPK,Beauty & Personal Care,Mobile App,Card,3,35564.94,26572.45,8992.49,False
PK-2024-00347,2024-02-27,C-0619,Balochistan,Home & Living,Online,Cash on Delivery,4,17234.46,13242.75,3991.71,False
PK-2024-02218,2024-02-27,C-0351,Punjab,Beauty & Personal Care,Wholesale,Easypaisa,2,16069.2,13037.71,3031.49,False
PK-2024-01946,2024-02-27,C-0030,Punjab,Groceries,Mobile App,Card,4,57474.13,45663.0,11811.13,False
PK-2024-01545,2024-02-27,C-0671,KPK,Electronics,In-Store,Card,2,25436.41,20202.58,5233.83,False
PK-2024-02316,2024-02-27,C-0412,Islamabad,Beauty & Personal Care,Online,Card,4,41426.26,30889.25,10537.01,False
PK-2024-00312,2024-02-28,C-0542,Punjab,Home & Living,In-Store,Cash on Delivery,4,32868.59,26667.95,6200.64,False
PK-2024-01437,2024-02-28,C-0738,Balochistan,Others,Mobile App,JazzCash,1,13356.67,9567.83,3788.84,False
PK-2024-01789,2024-02-28,C-0299,Sindh,Fashion,Online,Easypaisa,4,106363.6,79135.61,27227.99,True
PK-2024-01863,2024-02-28,C-0329,Sindh,Fashion,In-Store,Cash on Delivery,2,17740.53,14147.76,3592.77,False
PK-2024-00824,2024-02-29,C-0663,Islamabad,Electronics,Mobile App,Cash on Delivery,4,31613.89,22672.51,8941.38,False
PK-2024-00772,2024-02-29,C-0489,Sindh,Fashion,Mobile App,Easypaisa,4,31448.17,24105.08,7343.08,False
PK-2024-02149,2024-02-29,C-0701,Sindh,Home & Living,Online,Easypaisa,4,49723.65,37817.11,11906.55,False
PK-2024-00665,2024-02-29,C-0104,Sindh,Electronics,In-Store,Cash on Delivery,1,11847.61,9702.01,2145.6,False
PK-2024-00001,2024-02-29,C-0413,Punjab,Home & Living,Online,Cash on Delivery,4,17791.29,12797.6,4993.68,False
PK-2024-02356,2024-03-01,C-0704,Sindh,Home & Living,Online,Card,2,28437.96,22377.59,6060.37,False
PK-2024-00151,2024-03-01,C-0506,KPK,Home & Living,In-Store,Cash on Delivery,1,7029.31,5372.01,1657.3,False
PK-2024-02338,2024-03-01,C-0143,Punjab,Home & Living,Mobile App,Cash on Delivery,3,35336.58,28853.54,6483.03,True
PK-2024-01129,2024-03-02,C-0747,KPK,Electronics,In-Store,Card,4,27158.93,21392.4,5766.53,False
PK-2024-00510,2024-03-02,C-0830,KPK,Groceries,Wholesale,Easypaisa,3,37656.54,29387.44,8269.1,False
PK-2024-00928,2024-03-02,C-0798,Islamabad,Others,In-Store,JazzCash,1,11924.45,8784.39,3140.05,False
PK-2024-02070,2024-03-02,C-0161,Sindh,Fashion,Online,Card,1,7916.55,5937.07,1979.48,False
PK-2024-01016,2024-03-02,C-0038,Punjab,Electronics,Online,Card,4,57855.83,44118.65,13737.18,False
PK-2024-00761,2024-03-02,C-0713,Punjab,Beauty & Personal Care,Wholesale,Card,1,28274.04,22265.06,6008.99,False
PK-2024-00351,2024-03-03,C-0212,Punjab,Electronics,Online,Card,3,36680.03,29247.8,7432.22,False
PK-2024-00116,2024-03-03,C-0716,Punjab,Beauty & Personal Care,Online,Card,1,18339.69,15087.08,3252.6,False
PK-2024-01835,2024-03-04,C-0830,Punjab,Fashion,In-Store,Cash on Delivery,3,19609.75,15305.68,4304.07,False
PK-2024-02392,2024-03-04,C-0807,Balochistan,Fashion,Online,Card,4,40230.22,30949.6,9280.62,False
PK-2024-01987,2024-03-04,C-0389,Sindh,Electronics,Online,Card,3,21983.22,16474.83,5508.39,False
PK-2024-02449,2024-03-04,C-0401,KPK,Groceries,Online,JazzCash,1,8743.98,7279.28,1464.7,False
PK-2024-01524,2024-03-04,C-0853,Balochistan,Electronics,Online,Cash on Delivery,4,50527.86,37775.88,12751.98,False
PK-2024-01718,2024-03-05,C-0709,KPK,Groceries,Mobile App,JazzCash,3,27751.54,22724.37,5027.17,False
PK-2024-00930,2024-03-05,C-0863,Sindh,Electronics,Online,JazzCash,2,40760.28,32845.27,7915.01,False
PK-2024-00050,2024-03-05,C-0131,Islamabad,Fashion,Online,Card,4,41602.72,34364.38,7238.34,False
PK-2024-01647,2024-03-05,C-0543,Punjab,Sports,Mobile App,Easypaisa,4,29666.84,25253.91,4412.93,False
PK-2024-01298,2024-03-05,C-0553,Punjab,Electronics,In-Store,Easypaisa,1,18874.76,16226.07,2648.69,False
PK-2024-00451,2024-03-05,C-0639,KPK,Beauty & Personal Care,Online,Easypaisa,4,29635.46,22939.18,6696.28,False
PK-2024-01073,2024-03-06,C-0287,Punjab,Home & Living,Online,JazzCash,3,42456.59,33048.35,9408.24,False
PK-2024-01470,2024-03-06,C-0067,Punjab,Beauty & Personal Care,Online,Cash on Delivery,3,23822.21,19174.19,4648.02,False
PK-2024-01221,2024-03-06,C-0514,KPK,Sports,Online,Card,3,33253.88,27273.67,5980.21,False
PK-2024-02319,2024-03-06,C-0149,Islamabad,Groceries,In-Store,Cash on Delivery,4,44933.01,36369.63,8563.38,False
PK-2024-00136,2024-03-06,C-0758,Punjab,Fashion,In-Store,JazzCash,2,24723.81,19056.06,5667.75,False
PK-2024-02087,2024-03-07,C-0192,Punjab,Sports,In-Store,Easypaisa,1,17697.49,14014.8,3682.68,False
PK-2024-01750,2024-03-07,C-0170,Balochistan,Groceries,Online,Easypaisa,2,24619.85,19184.26,5435.59,False
PK-2024-01165,2024-03-07,C-0369,Sindh,Home & Living,Online,Cash on Delivery,3,46795.15,36843.82,9951.33,False
PK-2024-00462,2024-03-07,C-0690,Punjab,Electronics,Online,Cash on Delivery,4,42367.28,36473.08,5894.2,False
PK-2024-01431,2024-03-07,C-0829,Sindh,Fashion,Mobile App,Cash on Delivery,4,44142.56,35432.88,8709.69,False
PK-2024-02245,2024-03-08,C-0756,Punjab,Home & Living,Online,Easypaisa,3,42780.65,33321.59,9459.06,False
PK-2024-01850,2024-03-08,C-0035,Islamabad,Electronics,Online,Card,3,25909.99,19927.41,5982.58,False
PK-2024-02437,2024-03-08,C-0159,KPK,Home & Living,Online,Card,2,40699.44,30090.77,10608.67,False
PK-2024-02025,2024-03-08,C-0314,Sindh,Home & Living,Mobile App,Cash on Delivery,4,53526.6,42992.34,10534.26,False
PK-2024-00546,2024-03-08,C-0045,Punjab,Fashion,Online,Easypaisa,4,45913.6,36382.67,9530.93,False
PK-2024-01876,2024-03-08,C-0445,Punjab,Home & Living,Online,Easypaisa,1,11770.59,9079.33,2691.26,False
PK-2024-01213,2024-03-08,C-0204,KPK,Sports,Online,Easypaisa,2,22623.59,17898.95,4724.64,False
PK-2024-01148,2024-03-09,C-0794,Sindh,Home & Living,Online,Easypaisa,1,14769.85,12378.47,2391.38,False
PK-2024-01749,2024-03-09,C-0269,Sindh,Groceries,Online,Cash on Delivery,1,18908.95,15649.45,3259.5,False
PK-2024-01594,2024-03-09,C-0737,KPK,Beauty & Personal Care,Mobile App,JazzCash,4,33854.02,25610.85,8243.17,False
PK-2024-01117,2024-03-09,C-0144,Punjab,Home & Living,Online,Card,2,16491.82,13454.06,3037.76,False
PK-2024-01964,2024-03-09,C-0624,Punjab,Fashion,In-Store,Card,1,9068.74,7125.25,1943.48,False
PK-2024-02170,2024-03-10,C-0393,KPK,Electronics,Wholesale,Card,1,9785.16,7815.27,1969.9,False
PK-2024-00045,2024-03-10,C-0335,Punjab,Sports,Wholesale,Card,2,19497.37,13913.75,5583.62,False
PK-2024-00767,2024-03-10,C-0104,Sindh,Home & Living,In-Store,Card,4,133954.78,98696.8,35257.98,False
PK-2024-01389,2024-03-10,C-0466,Punjab,Beauty & Personal Care,Online,Card,2,25434.34,20423.12,5011.22,False
PK-2024-01071,2024-03-10,C-0303,Sindh,Electronics,Online,Card,4,26805.5,20324.97,6480.52,False
PK-2024-00132,2024-03-10,C-0349,Islamabad,Electronics,Online,Cash on Delivery,2,15699.97,12367.57,3332.4,False
PK-2024-01654,2024-03-10,C-0488,Sindh,Beauty & Personal Care,Wholesale,Card,3,16654.95,13012.66,3642.3,False
PK-2024-02351,2024-03-11,C-0788,Sindh,Home & Living,Mobile App,JazzCash,3,41413.86,34640.18,6773.67,False
PK-2024-01816,2024-03-11,C-0804,Balochistan,Sports,Online,Card,4,30967.6,24122.49,6845.12,False
PK-2024-00985,2024-03-11,C-0306,Punjab,Electronics,Online,Cash on Delivery,3,16376.39,12782.43,3593.95,False
PK-2024-02142,2024-03-11,C-0784,Punjab,Groceries,Mobile App,JazzCash,3,43787.63,32175.5,11612.13,False
PK-2024-00829,2024-03-11,C-0820,Punjab,Electronics,Mobile App,Cash on Delivery,4,58925.77,49257.92,9667.84,False
PK-2024-01253,2024-03-12,C-0446,Punjab,Groceries,In-Store,Cash on Delivery,4,55398.94,43591.19,11807.75,False
PK-2024-00643,2024-03-12,C-0740,Balochistan,Groceries,Online,JazzCash,2,34008.66,25946.47,8062.19,False
PK-2024-01651,2024-03-12,C-0567,KPK,Electronics,Online,Easypaisa,3,20442.54,15933.9,4508.64,False
PK-2024-01142,2024-03-12,C-0811,Punjab,Home & Living,Wholesale,Card,3,48595.52,37658.9,10936.62,False
PK-2024-00629,2024-03-12,C-0532,Punjab,Electronics,In-Store,JazzCash,2,33632.58,25960.5,7672.08,False
PK-2024-01285,2024-03-13,C-0373,Sindh,Others,Online,Cash on Delivery,3,42938.03,34181.14,8756.89,False
PK-2024-01751,2024-03-14,C-0704,Punjab,Electronics,Mobile App,Cash on Delivery,1,8100.87,6330.23,1770.64,False
PK-2024-00298,2024-03-14,C-0357,Punjab,Beauty & Personal Care,Online,Easypaisa,3,28077.01,21643.2,6433.81,False
PK-2024-01043,2024-03-14,C-0051,Punjab,Fashion,Online,Cash on Delivery,4,55982.55,46830.55,9152.01,False
PK-2024-00695,2024-03-14,C-0812,Sindh,Electronics,Online,Easypaisa,3,37992.37,30889.83,7102.54,False
PK-2024-01708,2024-03-14,C-0824,Punjab,Others,Wholesale,Card,1,12133.92,8749.78,3384.14,False
PK-2024-00601,2024-03-14,C-0139,Punjab,Electronics,Online,Card,3,36320.2,28776.09,7544.11,False
PK-2024-00011,2024-03-15,C-0786,Punjab,Fashion,Mobile App,Easypaisa,1,10775.16,8920.42,1854.74,False
PK-2024-02444,2024-03-15,C-0338,Punjab,Beauty & Personal Care,In-Store,Cash on Delivery,2,25657.35,18440.98,7216.38,False
PK-2024-01258,2024-03-15,C-0536,Sindh,Home & Living,Online,Card,2,34045.3,28554.21,5491.09,False
PK-2024-02172,2024-03-15,C-0277,Punjab,Beauty & Personal Care,Mobile App,Cash on Delivery,2,20897.67,16440.12,4457.54,False
PK-2024-01162,2024-03-15,C-0498,KPK,Home & Living,In-Store,Easypaisa,2,17653.28,13910.89,3742.39,False
PK-2024-00557,2024-03-16,C-0741,KPK,Beauty & Personal Care,In-Store,Card,1,9111.87,6672.81,2439.06,False
PK-2024-02117,2024-03-16,C-0339,Sindh,Beauty & Personal Care,Online,Card,3,33733.75,28030.2,5703.56,False
PK-2024-02364,2024-03-16,C-0476,Sindh,Home & Living,Online,Card,4,42691.99,32382.86,10309.12,False
PK-2024-00331,2024-03-17,C-0055,Punjab,Home & Living,Online,Card,3,38235.41,30938.9,7296.51,False
PK-2024-02440,2024-03-17,C-0006,Sindh,Home & Living,Mobile App,Easypaisa,2,23836.27,19251.58,4584.69,False
PK-2024-02337,2024-03-17,C-0613,Punjab,Beauty & Personal Care,Mobile App,Card,2,16990.0,13054.53,3935.46,False
PK-2024-00278,2024-03-17,C-0345,Sindh,Sports,Mobile App,Card,2,53088.87,37441.12,15647.75,False
PK-2024-01909,2024-03-17,C-0856,Balochistan,Electronics,Online,Card,2,22960.43,18320.18,4640.26,False
PK-2024-00575,2024-03-18,C-0260,Sindh,Others,In-Store,Cash on Delivery,4,61148.47,46483.63,14664.84,False
PK-2024-01467,2024-03-18,C-0689,Punjab,Fashion,In-Store,Cash on Delivery,2,16033.46,12623.18,3410.28,True
PK-2024-00039,2024-03-18,C-0758,Balochistan,Beauty & Personal Care,In-Store,Card,1,9471.44,7087.61,2383.83,False
PK-2024-01269,2024-03-19,C-0752,Punjab,Beauty & Personal Care,In-Store,Easypaisa,3,42765.66,32711.51,10054.15,False
PK-2024-00820,2024-03-19,C-0650,Balochistan,Beauty & Personal Care,In-Store,Cash on Delivery,3,33623.3,26166.06,7457.24,False
PK-2024-00473,2024-03-19,C-0380,Punjab,Sports,In-Store,Card,4,52759.72,40759.22,12000.5,False
PK-2024-00677,2024-03-19,C-0606,Punjab,Electronics,Online,Easypaisa,2,20913.35,16246.87,4666.48,False
PK-2024-02324,2024-03-20,C-0512,KPK,Fashion,Online,Cash on Delivery,4,36097.34,25966.89,10130.45,False
PK-2024-00083,2024-03-20,C-0249,KPK,Beauty & Personal Care,In-Store,Card,4,33907.3,25746.05,8161.25,False
PK-2024-00176,2024-03-20,C-0839,Punjab,Home & Living,Online,Cash on Delivery,4,29404.9,23513.0,5891.9,False
PK-2024-02063,2024-03-21,C-0416,Punjab,Groceries,Online,Card,3,35049.21,27200.29,7848.92,False
PK-2024-00013,2024-03-21,C-0854,Punjab,Home & Living,Online,Easypaisa,2,8366.64,6401.81,1964.82,False
PK-2024-01067,2024-03-21,C-0706,Sindh,Groceries,Online,JazzCash,3,55633.43,45218.63,10414.81,False
PK-2024-01452,2024-03-21,C-0623,Punjab,Sports,In-Store,JazzCash,3,37353.27,29031.13,8322.15,False
PK-2024-00375,2024-03-22,C-0636,Balochistan,Fashion,Wholesale,Card,1,13710.54,11248.64,2461.9,False
PK-2024-01088,2024-03-22,C-0383,KPK,Fashion,In-Store,Easypaisa,1,6332.53,5047.93,1284.6,False
PK-2024-01279,2024-03-22,C-0465,KPK,Sports,In-Store,Easypaisa,4,37109.22,28715.14,8394.08,False
PK-2024-01745,2024-03-22,C-0178,Punjab,Beauty & Personal Care,Wholesale,Easypaisa,1,9185.49,7060.06,2125.43,False
PK-2024-00935,2024-03-22,C-0880,KPK,Electronics,Online,Card,4,48189.61,36794.27,11395.34,False
PK-2024-00886,2024-03-22,C-0223,Punjab,Home & Living,Online,Cash on Delivery,3,52674.19,39027.88,13646.32,False
PK-2024-01469,2024-03-23,C-0076,Punjab,Beauty & Personal Care,Online,Cash on Delivery,4,63145.53,45004.49,18141.04,False
PK-2024-00776,2024-03-23,C-0587,Punjab,Sports,Mobile App,Cash on Delivery,1,6672.98,5332.24,1340.74,False
PK-2024-00765,2024-03-23,C-0598,Sindh,Groceries,In-Store,Easypaisa,3,31334.89,24879.88,6455.0,False
PK-2024-01631,2024-03-23,C-0814,Punjab,Electronics,Online,Card,1,8555.17,6523.88,2031.28,False
PK-2024-01962,2024-03-23,C-0412,Punjab,Others,Mobile App,Easypaisa,2,31039.62,24532.54,6507.08,False
PK-2024-01879,2024-03-24,C-0446,KPK,Others,Mobile App,Cash on Delivery,1,14323.9,11436.6,2887.31,False
PK-2024-00934,2024-03-24,C-0819,Balochistan,Home & Living,Mobile App,JazzCash,1,10696.64,8700.85,1995.79,False
PK-2024-00064,2024-03-24,C-0561,KPK,Fashion,Wholesale,Cash on Delivery,2,18950.46,14037.14,4913.32,False
PK-2024-01186,2024-03-24,C-0330,Punjab,Groceries,In-Store,JazzCash,4,32780.45,25011.13,7769.32,False
PK-2024-02362,2024-03-24,C-0486,Punjab,Fashion,Online,Easypaisa,3,17361.06,13293.11,4067.95,False
PK-2024-02280,2024-03-25,C-0544,Balochistan,Electronics,Online,Card,2,27234.04,20796.18,6437.86,False
PK-2024-00925,2024-03-25,C-0195,Punjab,Electronics,Online,Card,1,10538.92,8340.8,2198.12,False
PK-2024-01006,2024-03-26,C-0844,Sindh,Groceries,Online,Card,1,12608.53,10099.7,2508.83,False
PK-2024-02051,2024-03-26,C-0294,KPK,Home & Living,Online,Cash on Delivery,1,29890.91,22933.26,6957.65,False
PK-2024-01630,2024-03-26,C-0338,Punjab,Beauty & Personal Care,Wholesale,Easypaisa,2,26441.73,21199.84,5241.89,False
PK-2024-02023,2024-03-26,C-0390,Balochistan,Electronics,Mobile App,Cash on Delivery,1,7840.79,6267.73,1573.06,False
PK-2024-01403,2024-03-27,C-0015,Punjab,Electronics,Online,Card,1,9759.99,7559.49,2200.49,False
PK-2024-02443,2024-03-28,C-0407,Balochistan,Electronics,Online,Card,1,5369.58,4219.79,1149.79,False
PK-2024-00497,2024-03-28,C-0229,Sindh,Groceries,Mobile App,Card,2,12684.0,9097.6,3586.4,False
PK-2024-02441,2024-03-28,C-0132,Islamabad,Home & Living,Online,Cash on Delivery,3,40116.35,30545.69,9570.66,True
PK-2024-00202,2024-03-28,C-0085,KPK,Electronics,In-Store,Easypaisa,1,8579.1,6046.11,2532.99,False
PK-2024-01935,2024-03-28,C-0325,Sindh,Groceries,Mobile App,Card,2,18434.34,14583.83,3850.51,False
PK-2024-00961,2024-03-28,C-0064,Punjab,Electronics,Online,Cash on Delivery,3,30417.65,23122.7,7294.95,False
PK-2024-00544,2024-03-28,C-0875,Sindh,Electronics,Mobile App,Easypaisa,2,14861.51,11807.7,3053.82,False
PK-2024-00222,2024-03-29,C-0840,Sindh,Beauty & Personal Care,Online,Card,3,28711.53,21660.19,7051.34,False
PK-2024-01525,2024-03-29,C-0656,KPK,Fashion,In-Store,JazzCash,4,36780.72,28784.54,7996.17,False
PK-2024-00404,2024-03-29,C-0574,KPK,Home & Living,Mobile App,JazzCash,3,23173.48,16522.19,6651.29,False
PK-2024-00530,2024-03-29,C-0842,Sindh,Electronics,Online,Card,3,84150.88,64802.57,19348.31,False
PK-2024-01473,2024-03-29,C-0355,Sindh,Home & Living,Mobile App,Cash on Delivery,2,39575.04,31359.02,8216.02,False
PK-2024-02264,2024-03-29,C-0757,Sindh,Home & Living,Mobile App,Card,3,34860.47,27383.82,7476.65,False
PK-2024-01224,2024-03-29,C-0325,Punjab,Home & Living,Online,Easypaisa,2,14440.1,11233.16,3206.94,False
PK-2024-00328,2024-03-29,C-0401,Punjab,Electronics,Online,Card,4,50861.5,37252.95,13608.55,False
PK-2024-00693,2024-03-29,C-0695,Punjab,Groceries,Online,JazzCash,2,20191.6,15400.15,4791.44,False
PK-2024-01735,2024-03-30,C-0524,Sindh,Electronics,Mobile App,Card,3,24758.91,19654.74,5104.17,False
PK-2024-02333,2024-03-30,C-0801,Sindh,Beauty & Personal Care,Online,Card,1,17832.68,13922.85,3909.84,True
PK-2024-00036,2024-03-30,C-0800,Punjab,Electronics,In-Store,Easypaisa,1,5880.58,4501.18,1379.4,False
PK-2024-01472,2024-03-31,C-0219,KPK,Home & Living,Mobile App,Cash on Delivery,1,8991.59,7010.53,1981.06,False
PK-2024-01633,2024-03-31,C-0586,Punjab,Electronics,Mobile App,Card,2,27266.89,21392.54,5874.35,False
PK-2024-01341,2024-03-31,C-0527,Balochistan,Home & Living,Mobile App,Easypaisa,3,31220.54,25730.73,5489.81,False
PK-2024-00181,2024-03-31,C-0517,Sindh,Fashion,In-Store,Card,1,7560.5,6047.11,1513.39,False
PK-2024-00204,2024-03-31,C-0155,KPK,Groceries,Wholesale,JazzCash,3,34743.1,27749.53,6993.57,False
PK-2024-00914,2024-03-31,C-0469,KPK,Beauty & Personal Care,Online,Card,1,5897.48,4316.29,1581.19,False
PK-2024-02247,2024-04-01,C-0726,Islamabad,Beauty & Personal Care,Online,Easypaisa,1,9604.78,7787.31,1817.46,False
PK-2024-00662,2024-04-01,C-0548,Sindh,Beauty & Personal Care,Online,Cash on Delivery,1,12363.24,9580.98,2782.25,False
PK-2024-01408,2024-04-01,C-0749,Punjab,Electronics,Wholesale,Easypaisa,2,15770.09,12241.53,3528.56,False
PK-2024-01393,2024-04-01,C-0481,Islamabad,Electronics,In-Store,Easypaisa,2,23074.63,19608.99,3465.64,False
PK-2024-01684,2024-04-01,C-0415,Islamabad,Groceries,Wholesale,JazzCash,3,69435.86,55543.26,13892.6,False
PK-2024-01206,2024-04-01,C-0536,KPK,Fashion,In-Store,Cash on Delivery,3,14235.77,11713.41,2522.36,False
PK-2024-01333,2024-04-02,C-0315,Balochistan,Electronics,Mobile App,Card,1,18590.47,14253.52,4336.95,False
PK-2024-01954,2024-04-02,C-0131,Punjab,Groceries,Mobile App,JazzCash,3,22905.75,16541.47,6364.28,False
PK-2024-02279,2024-04-02,C-0877,Punjab,Others,Online,Easypaisa,3,27073.38,21183.22,5890.16,False
PK-2024-00567,2024-04-02,C-0056,Punjab,Electronics,Online,Easypaisa,3,32326.21,25400.56,6925.65,False
PK-2024-01578,2024-04-02,C-0131,KPK,Home & Living,Online,JazzCash,4,37919.47,31023.99,6895.48,False
PK-2024-00194,2024-04-03,C-0867,Sindh,Fashion,In-Store,JazzCash,2,12655.26,8863.0,3792.26,False
PK-2024-00861,2024-04-03,C-0515,Islamabad,Electronics,Wholesale,Card,1,13091.71,9540.82,3550.89,False
PK-2024-00520,2024-04-03,C-0336,Balochistan,Fashion,In-Store,Card,2,32911.78,23956.36,8955.42,False
PK-2024-02059,2024-04-03,C-0351,Balochistan,Beauty & Personal Care,Online,Card,4,25334.1,18194.62,7139.48,False
PK-2024-02109,2024-04-03,C-0770,KPK,Home & Living,Mobile App,Card,3,20764.61,16765.48,3999.13,False
PK-2024-01128,2024-04-03,C-0344,Balochistan,Groceries,Online,Card,4,33710.63,25122.33,8588.31,False
PK-2024-00974,2024-04-03,C-0279,Punjab,Electronics,In-Store,Card,1,26736.75,22275.04,4461.71,False
PK-2024-01719,2024-04-04,C-0044,Sindh,Electronics,Online,Cash on Delivery,3,43583.64,34524.51,9059.13,False
PK-2024-01441,2024-04-04,C-0670,Punjab,Home & Living,In-Store,Easypaisa,4,30784.77,23358.44,7426.33,False
PK-2024-02377,2024-04-04,C-0582,Sindh,Sports,Online,Card,4,34533.02,27594.06,6938.96,False
PK-2024-00431,2024-04-04,C-0527,Punjab,Groceries,In-Store,Card,4,74105.12,59232.82,14872.29,False
PK-2024-00562,2024-04-04,C-0699,Punjab,Electronics,Online,Card,1,8738.37,6042.18,2696.19,False
PK-2024-02381,2024-04-04,C-0518,Sindh,Beauty & Personal Care,Wholesale,JazzCash,3,42395.48,33603.12,8792.36,False
PK-2024-01140,2024-04-05,C-0409,Punjab,Fashion,Wholesale,JazzCash,1,8221.45,6697.24,1524.21,False
PK-2024-01930,2024-04-05,C-0788,KPK,Home & Living,Online,Easypaisa,2,17853.53,13574.07,4279.46,False
PK-2024-00440,2024-04-05,C-0112,KPK,Fashion,In-Store,Card,2,24157.61,18193.5,5964.11,False
PK-2024-01823,2024-04-05,C-0150,Punjab,Electronics,Mobile App,Card,3,29789.55,23437.55,6352.01,False
PK-2024-01990,2024-04-05,C-0383,Punjab,Home & Living,Wholesale,JazzCash,4,60791.52,47576.95,13214.57,False
PK-2024-02276,2024-04-06,C-0816,Punjab,Home & Living,Online,Cash on Delivery,1,9555.13,7668.21,1886.92,False
PK-2024-00454,2024-04-06,C-0709,Sindh,Electronics,Mobile App,JazzCash,2,12844.0,9601.07,3242.93,False
PK-2024-00708,2024-04-06,C-0790,Punjab,Electronics,Online,JazzCash,3,48346.35,37959.58,10386.77,False
PK-2024-02042,2024-04-06,C-0538,Punjab,Beauty & Personal Care,Mobile App,Cash on Delivery,3,61937.64,46404.09,15533.55,False
PK-2024-00657,2024-04-06,C-0192,Balochistan,Home & Living,Online,Easypaisa,3,52204.81,44485.85,7718.96,False
PK-2024-01696,2024-04-07,C-0542,Punjab,Electronics,Online,Cash on Delivery,1,11572.0,9030.15,2541.86,False
PK-2024-02375,2024-04-07,C-0582,Sindh,Groceries,Online,Card,3,36175.34,29226.59,6948.75,False
PK-2024-00666,2024-04-07,C-0326,Punjab,Electronics,Mobile App,Easypaisa,3,55208.03,40923.59,14284.44,False
PK-2024-00981,2024-04-08,C-0756,Punjab,Beauty & Personal Care,Mobile App,Easypaisa,2,24331.88,19943.94,4387.94,False
PK-2024-00917,2024-04-08,C-0782,Islamabad,Fashion,Online,Cash on Delivery,1,10287.96,8218.76,2069.19,False
PK-2024-01377,2024-04-08,C-0400,Punjab,Electronics,Mobile App,Easypaisa,4,61377.03,48630.99,12746.03,False
PK-2024-01523,2024-04-08,C-0696,KPK,Beauty & Personal Care,Mobile App,Card,2,15556.63,12845.79,2710.84,False
PK-2024-01699,2024-04-08,C-0553,Punjab,Beauty & Personal Care,Online,Easypaisa,1,6086.33,4919.67,1166.65,False
PK-2024-01629,2024-04-09,C-0076,KPK,Electronics,Online,Easypaisa,2,32413.39,25305.77,7107.62,False
PK-2024-00294,2024-04-09,C-0373,KPK,Groceries,Wholesale,Easypaisa,2,33341.82,25226.93,8114.89,False
PK-2024-00848,2024-04-09,C-0431,Punjab,Sports,Online,Card,3,46599.59,34009.09,12590.5,False
PK-2024-00340,2024-04-09,C-0480,Sindh,Electronics,In-Store,Easypaisa,3,45069.47,35760.19,9309.28,False
PK-2024-02260,2024-04-09,C-0138,Islamabad,Fashion,Online,Easypaisa,2,14941.69,11800.14,3141.55,False
PK-2024-00867,2024-04-09,C-0870,Balochistan,Groceries,Online,JazzCash,3,35673.54,29389.54,6284.01,False
PK-2024-02145,2024-04-09,C-0251,Islamabad,Electronics,Online,Card,2,16246.88,13045.34,3201.54,False
PK-2024-01054,2024-04-09,C-0616,Sindh,Electronics,Online,Easypaisa,1,12694.74,9836.41,2858.33,False
PK-2024-00682,2024-04-10,C-0089,Punjab,Sports,In-Store,Cash on Delivery,2,24591.05,18122.91,6468.14,False
PK-2024-01250,2024-04-12,C-0235,Punjab,Groceries,Mobile App,JazzCash,3,37690.79,29095.73,8595.06,False
PK-2024-00684,2024-04-12,C-0572,Punjab,Beauty & Personal Care,Online,Cash on Delivery,4,39014.03,32811.78,6202.25,False
PK-2024-00161,2024-04-12,C-0435,Punjab,Groceries,Mobile App,JazzCash,1,15287.86,12022.16,3265.7,False
PK-2024-01243,2024-04-12,C-0383,Punjab,Sports,In-Store,JazzCash,4,33838.4,25203.55,8634.85,False
PK-2024-01164,2024-04-12,C-0056,Punjab,Beauty & Personal Care,In-Store,Card,4,21158.57,17115.16,4043.42,False
PK-2024-00741,2024-04-12,C-0164,KPK,Home & Living,Mobile App,JazzCash,4,34237.55,26727.09,7510.45,False
PK-2024-02210,2024-04-13,C-0395,KPK,Home & Living,In-Store,Card,4,51445.86,35467.68,15978.18,False
PK-2024-00714,2024-04-13,C-0424,Punjab,Others,Online,Easypaisa,1,16303.94,13659.24,2644.7,False
PK-2024-02282,2024-04-13,C-0329,Punjab,Beauty & Personal Care,Online,Card,3,21763.52,18366.91,3396.62,False
PK-2024-02270,2024-04-13,C-0691,Sindh,Groceries,Wholesale,Card,4,52032.29,44522.11,7510.17,False
PK-2024-01805,2024-04-13,C-0119,Sindh,Fashion,Mobile App,Cash on Delivery,3,21058.09,17660.71,3397.38,False
PK-2024-00413,2024-04-14,C-0781,Balochistan,Groceries,Online,Card,2,24456.07,19389.54,5066.53,False
PK-2024-01955,2024-04-14,C-0539,Punjab,Home & Living,Wholesale,JazzCash,3,28993.65,22571.43,6422.22,False
PK-2024-00496,2024-04-15,C-0827,KPK,Beauty & Personal Care,Online,Card,1,10848.77,8723.14,2125.62,False
PK-2024-01634,2024-04-15,C-0431,Punjab,Fashion,Online,Card,2,36379.75,27493.72,8886.03,False
PK-2024-01397,2024-04-16,C-0202,Balochistan,Home & Living,Online,Card,2,13476.66,10552.48,2924.18,False
PK-2024-00587,2024-04-16,C-0450,Punjab,Others,In-Store,JazzCash,4,32514.93,25264.74,7250.19,False
PK-2024-00702,2024-04-16,C-0032,Punjab,Home & Living,In-Store,Card,2,32242.27,27000.03,5242.24,False
PK-2024-02129,2024-04-16,C-0491,Sindh,Fashion,Online,Easypaisa,2,22828.78,16939.77,5889.0,False
PK-2024-01989,2024-04-17,C-0303,Sindh,Fashion,Wholesale,Cash on Delivery,3,44121.11,36891.49,7229.62,False
PK-2024-00407,2024-04-17,C-0588,Islamabad,Home & Living,Mobile App,JazzCash,1,9974.0,8164.63,1809.37,True
PK-2024-01936,2024-04-17,C-0688,KPK,Home & Living,In-Store,Card,3,30143.66,21905.63,8238.04,False
PK-2024-02431,2024-04-17,C-0699,Sindh,Fashion,Mobile App,Card,2,27091.78,20161.29,6930.49,False
PK-2024-02150,2024-04-18,C-0181,Punjab,Electronics,Mobile App,Card,1,8425.65,6961.83,1463.82,False
PK-2024-00469,2024-04-18,C-0631,Sindh,Fashion,Wholesale,JazzCash,4,38110.98,29849.03,8261.96,False
PK-2024-01925,2024-04-18,C-0742,Sindh,Fashion,In-Store,Card,3,39271.47,32094.27,7177.2,True
PK-2024-02352,2024-04-19,C-0004,Sindh,Electronics,In-Store,Card,2,30051.73,25607.0,4444.73,False
PK-2024-00742,2024-04-19,C-0255,Punjab,Fashion,Mobile App,Card,4,64353.8,53355.34,10998.47,False
PK-2024-00240,2024-04-19,C-0648,Sindh,Electronics,Online,Card,2,15702.18,11460.81,4241.38,False
PK-2024-01145,2024-04-19,C-0565,Punjab,Electronics,In-Store,Card,3,20722.03,16085.68,4636.35,False
PK-2024-02228,2024-04-20,C-0461,Punjab,Fashion,Online,Card,3,33564.46,26313.65,7250.81,False
PK-2024-01537,2024-04-20,C-0150,KPK,Beauty & Personal Care,In-Store,Cash on Delivery,1,9643.83,7102.28,2541.56,False
PK-2024-01691,2024-04-20,C-0361,KPK,Electronics,Online,Card,3,15746.91,11988.92,3757.99,False
PK-2024-01744,2024-04-20,C-0600,KPK,Electronics,Mobile App,Card,4,32896.12,25383.15,7512.96,False
PK-2024-00141,2024-04-20,C-0448,Sindh,Beauty & Personal Care,In-Store,Cash on Delivery,3,30394.97,25870.48,4524.49,False
PK-2024-01133,2024-04-20,C-0557,Punjab,Electronics,In-Store,Easypaisa,3,37413.47,28803.9,8609.57,False
PK-2024-01753,2024-04-20,C-0756,Punjab,Electronics,Wholesale,Card,3,21034.1,16742.94,4291.16,False
PK-2024-01160,2024-04-20,C-0688,Sindh,Fashion,In-Store,Card,3,66798.18,50460.88,16337.29,False
PK-2024-01410,2024-04-21,C-0270,Punjab,Electronics,Online,Card,3,50587.45,38069.35,12518.11,False
PK-2024-00069,2024-04-21,C-0670,Balochistan,Home & Living,In-Store,Easypaisa,4,63805.39,49539.7,14265.69,False
PK-2024-01331,2024-04-21,C-0202,Sindh,Home & Living,In-Store,Cash on Delivery,3,24054.64,17368.85,6685.79,False
PK-2024-00880,2024-04-21,C-0408,KPK,Electronics,In-Store,Easypaisa,4,22283.4,17892.66,4390.74,False
PK-2024-00395,2024-04-21,C-0481,Sindh,Home & Living,Online,Card,3,40614.62,31373.68,9240.94,False
PK-2024-01374,2024-04-22,C-0317,Sindh,Home & Living,Online,JazzCash,3,24857.2,19555.37,5301.82,False
PK-2024-00630,2024-04-22,C-0216,Balochistan,Electronics,Wholesale,Card,2,49498.51,39640.66,9857.86,True
PK-2024-00790,2024-04-23,C-0326,KPK,Groceries,Wholesale,Card,4,72240.81,58680.08,13560.73,False
PK-2024-00551,2024-04-23,C-0376,Punjab,Sports,Online,Cash on Delivery,2,22667.37,17877.89,4789.47,False
PK-2024-02192,2024-04-23,C-0798,Islamabad,Groceries,Online,Easypaisa,2,18038.76,14551.51,3487.24,False
PK-2024-00794,2024-04-23,C-0205,Punjab,Groceries,Mobile App,Card,3,36223.28,28033.84,8189.45,False
PK-2024-00441,2024-04-23,C-0372,Balochistan,Fashion,Online,Card,4,61250.73,47184.5,14066.23,False
PK-2024-00193,2024-04-23,C-0403,Sindh,Electronics,Online,Card,1,25165.69,20157.49,5008.2,True
PK-2024-01193,2024-04-23,C-0510,Islamabad,Fashion,Online,Cash on Delivery,4,33389.21,26505.68,6883.53,False
PK-2024-01334,2024-04-24,C-0822,Islamabad,Groceries,Online,Cash on Delivery,1,17030.09,13177.05,3853.05,False
PK-2024-01758,2024-04-24,C-0183,KPK,Electronics,In-Store,Cash on Delivery,3,25308.36,20900.98,4407.38,False
PK-2024-00008,2024-04-24,C-0514,Balochistan,Fashion,Online,JazzCash,3,34297.84,26234.52,8063.32,False
PK-2024-00639,2024-04-24,C-0411,Sindh,Beauty & Personal Care,In-Store,Card,3,43217.27,33534.12,9683.15,False
PK-2024-00754,2024-04-25,C-0560,Punjab,Sports,Online,JazzCash,1,12841.56,9615.2,3226.37,False
PK-2024-02098,2024-04-25,C-0823,KPK,Groceries,In-Store,Cash on Delivery,3,30948.16,23591.57,7356.59,False
PK-2024-00570,2024-04-25,C-0842,Sindh,Groceries,Online,Card,3,32594.53,24163.48,8431.05,False
PK-2024-02047,2024-04-25,C-0276,Balochistan,Electronics,Online,Card,4,38774.92,28872.8,9902.12,False
PK-2024-00844,2024-04-25,C-0243,Punjab,Electronics,Online,Card,2,30287.69,23626.99,6660.7,False
PK-2024-00495,2024-04-26,C-0163,Punjab,Electronics,Wholesale,Cash on Delivery,1,9715.71,8237.99,1477.71,False
PK-2024-00326,2024-04-26,C-0539,KPK,Others,Online,Cash on Delivery,2,9249.5,6775.55,2473.95,False
PK-2024-00467,2024-04-26,C-0809,Punjab,Fashion,Online,JazzCash,2,36078.15,26649.51,9428.63,False
PK-2024-02093,2024-04-26,C-0158,Islamabad,Others,Mobile App,Cash on Delivery,1,11410.15,8736.35,2673.81,False
PK-2024-01385,2024-04-26,C-0571,Sindh,Electronics,Online,Card,3,43206.69,32920.86,10285.82,False
PK-2024-01877,2024-04-26,C-0065,Sindh,Electronics,Online,Easypaisa,3,30748.71,24517.43,6231.28,False
PK-2024-01196,2024-04-26,C-0810,Sindh,Home & Living,Wholesale,Cash on Delivery,3,28119.7,22109.6,6010.1,False
PK-2024-01766,2024-04-26,C-0303,Punjab,Fashion,Online,Easypaisa,3,32642.88,25336.15,7306.74,False
PK-2024-02447,2024-04-27,C-0208,KPK,Fashion,In-Store,Card,4,17327.51,13330.93,3996.58,False
PK-2024-00215,2024-04-27,C-0745,Balochistan,Home & Living,Online,JazzCash,4,77925.0,59908.64,18016.36,False
PK-2024-02002,2024-04-27,C-0890,Punjab,Electronics,Online,Easypaisa,1,9999.35,7067.39,2931.97,False
PK-2024-00325,2024-04-28,C-0819,KPK,Electronics,Online,Card,4,59289.78,46070.96,13218.81,False
PK-2024-00560,2024-04-28,C-0062,Balochistan,Beauty & Personal Care,In-Store,Cash on Delivery,4,59971.65,48868.03,11103.61,False
PK-2024-00618,2024-04-28,C-0844,Punjab,Beauty & Personal Care,Online,Easypaisa,1,7998.27,6364.02,1634.25,False
PK-2024-00801,2024-04-28,C-0818,Islamabad,Groceries,In-Store,Card,2,17258.24,12365.58,4892.66,False
PK-2024-01259,2024-04-28,C-0853,Islamabad,Fashion,Mobile App,Card,1,15458.63,11811.74,3646.9,False
PK-2024-02236,2024-04-28,C-0868,KPK,Electronics,Online,Easypaisa,2,16249.37,12319.06,3930.32,False
PK-2024-02118,2024-04-29,C-0618,Balochistan,Fashion,Online,Cash on Delivery,1,9264.24,6805.67,2458.57,False
PK-2024-00066,2024-04-29,C-0209,Balochistan,Beauty & Personal Care,Mobile App,JazzCash,2,18852.18,15948.47,2903.7,False
PK-2024-01609,2024-04-29,C-0793,Sindh,Electronics,Wholesale,Card,3,26219.33,20229.55,5989.78,False
PK-2024-00856,2024-04-29,C-0104,Punjab,Groceries,Wholesale,Cash on Delivery,2,29860.44,22396.64,7463.79,False
PK-2024-02137,2024-04-29,C-0845,KPK,Fashion,Mobile App,Easypaisa,3,22871.91,18925.54,3946.37,False
PK-2024-02309,2024-04-29,C-0097,Punjab,Electronics,Online,Cash on Delivery,2,21185.73,15658.93,5526.8,False
PK-2024-00902,2024-04-30,C-0280,Islamabad,Beauty & Personal Care,In-Store,Cash on Delivery,1,7215.64,5662.32,1553.32,False
PK-2024-00851,2024-04-30,C-0493,Balochistan,Fashion,Online,Cash on Delivery,2,20596.99,17136.83,3460.15,False
PK-2024-01218,2024-04-30,C-0041,Islamabad,Groceries,Online,Card,2,34534.42,27424.98,7109.43,False
PK-2024-01022,2024-04-30,C-0833,KPK,Groceries,In-Store,Easypaisa,3,26464.98,21270.64,5194.34,False
PK-2024-01354,2024-04-30,C-0754,Punjab,Home & Living,Online,Card,4,57394.36,44035.08,13359.28,False
PK-2024-01938,2024-04-30,C-0692,Punjab,Sports,Online,Cash on Delivery,1,22414.75,17172.14,5242.61,False
PK-2024-01874,2024-05-01,C-0246,Sindh,Beauty & Personal Care,Wholesale,Card,3,54609.02,44262.19,10346.84,False
PK-2024-00385,2024-05-01,C-0864,Balochistan,Electronics,Mobile App,Card,4,76604.24,56390.1,20214.14,False
PK-2024-00957,2024-05-01,C-0043,Balochistan,Groceries,Wholesale,Cash on Delivery,2,16337.71,12798.47,3539.24,False
PK-2024-00160,2024-05-01,C-0034,KPK,Electronics,In-Store,Cash on Delivery,3,39190.52,30633.79,8556.72,False
PK-2024-00146,2024-05-01,C-0876,Sindh,Sports,In-Store,JazzCash,4,73455.31,54559.68,18895.63,False
PK-2024-00631,2024-05-02,C-0748,Balochistan,Fashion,Online,Card,2,23034.8,17604.55,5430.25,False
PK-2024-00237,2024-05-02,C-0767,KPK,Electronics,Mobile App,Easypaisa,3,31194.88,23586.23,7608.64,False
PK-2024-02081,2024-05-02,C-0243,Sindh,Home & Living,In-Store,Card,1,7031.86,5250.34,1781.52,False
PK-2024-00243,2024-05-02,C-0838,KPK,Home & Living,Online,Card,3,30581.27,23211.47,7369.8,False
PK-2024-00361,2024-05-02,C-0006,Punjab,Electronics,Wholesale,Cash on Delivery,2,29711.09,23347.45,6363.64,False
PK-2024-01760,2024-05-02,C-0461,Punjab,Electronics,In-Store,Easypaisa,4,61573.97,44985.86,16588.11,False
PK-2024-00107,2024-05-03,C-0457,Islamabad,Electronics,Online,JazzCash,3,51800.8,41785.43,10015.37,False
PK-2024-00250,2024-05-03,C-0276,Punjab,Groceries,In-Store,JazzCash,4,27268.06,21337.89,5930.17,False
PK-2024-01502,2024-05-03,C-0856,Punjab,Beauty & Personal Care,Online,Easypaisa,2,13809.96,11049.75,2760.21,False
PK-2024-02040,2024-05-03,C-0167,KPK,Electronics,In-Store,Cash on Delivery,3,44789.49,37068.5,7720.99,False
PK-2024-01729,2024-05-03,C-0739,Balochistan,Electronics,Online,JazzCash,4,40482.98,32770.83,7712.15,False
PK-2024-00062,2024-05-03,C-0516,Sindh,Electronics,Online,Cash on Delivery,2,20032.74,14621.55,5411.19,False
PK-2024-01892,2024-05-03,C-0472,Balochistan,Home & Living,In-Store,Card,4,60230.07,47120.85,13109.22,False
PK-2024-00963,2024-05-03,C-0170,Sindh,Groceries,Online,Card,1,12915.5,9510.37,3405.13,False
PK-2024-02103,2024-05-03,C-0151,Balochistan,Home & Living,In-Store,Easypaisa,2,15654.53,13108.84,2545.69,False
PK-2024-00970,2024-05-03,C-0386,Punjab,Electronics,Online,Card,3,16412.77,13191.12,3221.65,False
PK-2024-00442,2024-05-04,C-0594,Punjab,Home & Living,Wholesale,Card,2,12571.47,10521.45,2050.02,False
PK-2024-01791,2024-05-05,C-0114,Punjab,Sports,Online,Card,3,39418.2,32824.54,6593.66,False
PK-2024-02053,2024-05-05,C-0429,Sindh,Electronics,Mobile App,Easypaisa,2,23360.85,18769.91,4590.94,False
PK-2024-00124,2024-05-05,C-0520,Balochistan,Fashion,In-Store,Cash on Delivery,4,32442.31,26023.68,6418.64,False
PK-2024-00686,2024-05-06,C-0548,KPK,Others,Online,Cash on Delivery,1,20355.1,17216.5,3138.6,False
PK-2024-02382,2024-05-06,C-0471,Punjab,Electronics,Mobile App,Card,1,8407.5,6351.37,2056.13,False
PK-2024-02360,2024-05-06,C-0689,Balochistan,Others,Online,Card,1,14602.13,11483.1,3119.02,False
PK-2024-00171,2024-05-06,C-0105,Sindh,Beauty & Personal Care,Online,Card,4,86997.85,68125.62,18872.22,False
PK-2024-01310,2024-05-06,C-0736,Punjab,Beauty & Personal Care,Mobile App,Card,4,59574.17,44707.51,14866.66,False
PK-2024-00611,2024-05-06,C-0566,Sindh,Electronics,Online,JazzCash,1,22877.77,16643.91,6233.87,False
PK-2024-01013,2024-05-06,C-0285,Punjab,Electronics,Mobile App,Card,2,28508.77,24000.32,4508.45,False
PK-2024-00401,2024-05-06,C-0509,KPK,Others,Online,Easypaisa,1,11768.04,9556.69,2211.36,False
PK-2024-01290,2024-05-06,C-0740,Sindh,Electronics,Wholesale,Card,1,10027.26,8013.63,2013.63,False
PK-2024-00600,2024-05-07,C-0620,Islamabad,Electronics,Online,Card,1,7650.71,6165.33,1485.37,False
PK-2024-00909,2024-05-07,C-0630,Sindh,Electronics,Online,Card,4,59839.24,48146.72,11692.52,False
PK-2024-00799,2024-05-07,C-0189,KPK,Home & Living,Online,Card,4,46219.22,34782.29,11436.93,False
PK-2024-00474,2024-05-07,C-0079,Punjab,Beauty & Personal Care,Online,Card,4,57660.56,47435.5,10225.06,True
PK-2024-02005,2024-05-07,C-0001,Sindh,Beauty & Personal Care,In-Store,Card,4,37621.81,30435.28,7186.53,False
PK-2024-00098,2024-05-07,C-0840,Punjab,Home & Living,Online,Cash on Delivery,1,11456.77,9024.27,2432.5,False
PK-2024-00760,2024-05-07,C-0523,Punjab,Sports,Wholesale,Card,1,21871.95,16278.94,5593.02,False
PK-2024-01795,2024-05-07,C-0087,Sindh,Fashion,Online,JazzCash,3,40070.0,29515.33,10554.67,False
PK-2024-00353,2024-05-08,C-0603,Punjab,Others,In-Store,Card,3,26262.03,19833.31,6428.72,False
PK-2024-01778,2024-05-08,C-0463,Punjab,Home & Living,Online,Card,2,17925.22,14635.53,3289.7,False
PK-2024-01095,2024-05-08,C-0658,Punjab,Electronics,Wholesale,Cash on Delivery,1,11167.96,7876.39,3291.57,False
PK-2024-01550,2024-05-08,C-0379,Punjab,Home & Living,Online,Easypaisa,4,95679.07,72940.56,22738.51,False
PK-2024-00529,2024-05-08,C-0288,Sindh,Beauty & Personal Care,Online,JazzCash,2,22458.16,18401.06,4057.1,False
PK-2024-02046,2024-05-08,C-0405,Sindh,Beauty & Personal Care,Online,Cash on Delivery,2,30439.96,24370.79,6069.18,False
PK-2024-00505,2024-05-08,C-0175,Punjab,Sports,In-Store,Card,3,29193.96,22704.51,6489.45,True
PK-2024-02184,2024-05-08,C-0847,Punjab,Groceries,Mobile App,Easypaisa,1,17853.84,13153.32,4700.52,False
PK-2024-02083,2024-05-09,C-0890,Sindh,Groceries,Wholesale,Easypaisa,2,25043.16,21358.67,3684.49,False
PK-2024-01645,2024-05-09,C-0096,Punjab,Sports,Wholesale,Card,4,79786.82,62398.06,17388.77,False
PK-2024-00890,2024-05-09,C-0716,Sindh,Beauty & Personal Care,Wholesale,Cash on Delivery,3,33666.76,27318.52,6348.24,False
PK-2024-01121,2024-05-09,C-0644,Balochistan,Groceries,Online,JazzCash,4,44295.62,35533.12,8762.5,False
PK-2024-00253,2024-05-09,C-0345,Punjab,Electronics,Online,Cash on Delivery,4,22600.64,17274.03,5326.61,False
PK-2024-01194,2024-05-09,C-0688,KPK,Fashion,Online,Card,1,8205.23,6682.25,1522.98,False
PK-2024-01235,2024-05-09,C-0337,KPK,Home & Living,Online,Cash on Delivery,3,25668.17,20096.66,5571.51,False
PK-2024-00365,2024-05-09,C-0814,KPK,Electronics,In-Store,JazzCash,4,39292.61,32611.56,6681.05,False
PK-2024-01230,2024-05-09,C-0449,Punjab,Others,Mobile App,JazzCash,3,28736.57,20621.52,8115.05,False
PK-2024-01287,2024-05-09,C-0252,KPK,Home & Living,In-Store,Easypaisa,3,34577.35,28188.32,6389.03,False
PK-2024-02320,2024-05-10,C-0140,Sindh,Fashion,Online,Card,2,42906.44,33753.51,9152.92,False
PK-2024-00484,2024-05-10,C-0872,Punjab,Home & Living,Online,Card,3,25208.95,20075.02,5133.93,False
PK-2024-00207,2024-05-10,C-0364,Punjab,Home & Living,Mobile App,Card,2,15612.0,11890.4,3721.6,False
PK-2024-01301,2024-05-10,C-0435,Punjab,Fashion,Mobile App,Easypaisa,1,17019.33,12847.32,4172.01,False
PK-2024-00021,2024-05-11,C-0331,Punjab,Fashion,Online,Cash on Delivery,2,27076.35,21616.84,5459.51,False
PK-2024-02418,2024-05-11,C-0426,Sindh,Fashion,Wholesale,Easypaisa,1,12419.57,10187.33,2232.23,False
PK-2024-01649,2024-05-11,C-0290,KPK,Groceries,Mobile App,Card,2,12619.34,10119.29,2500.04,False
PK-2024-00402,2024-05-11,C-0032,Sindh,Fashion,Mobile App,Card,2,18678.93,14946.44,3732.48,False
PK-2024-01182,2024-05-11,C-0706,Punjab,Fashion,In-Store,Card,3,34702.02,28478.17,6223.85,False
PK-2024-01220,2024-05-12,C-0504,Sindh,Groceries,Online,Card,2,49923.48,39432.29,10491.19,False
PK-2024-00138,2024-05-13,C-0454,Balochistan,Beauty & Personal Care,Online,Card,2,14582.78,11464.44,3118.34,False
PK-2024-00334,2024-05-13,C-0257,Punjab,Electronics,In-Store,JazzCash,2,22511.84,18331.48,4180.36,False
PK-2024-02272,2024-05-13,C-0465,Balochistan,Groceries,Mobile App,Card,4,33330.78,25206.42,8124.36,False
PK-2024-01381,2024-05-13,C-0714,Punjab,Sports,In-Store,Easypaisa,2,29808.22,21677.64,8130.58,False
PK-2024-02370,2024-05-13,C-0266,Punjab,Beauty & Personal Care,Online,Card,4,59784.5,46746.8,13037.7,False
PK-2024-02099,2024-05-13,C-0089,Islamabad,Home & Living,Online,Card,4,22958.46,19426.04,3532.42,False
PK-2024-00644,2024-05-13,C-0632,Sindh,Electronics,Mobile App,Cash on Delivery,2,50146.4,39462.6,10683.79,False
PK-2024-02135,2024-05-14,C-0803,Sindh,Electronics,Online,Easypaisa,3,36064.49,29636.51,6427.98,False
PK-2024-01020,2024-05-14,C-0430,Punjab,Beauty & Personal Care,Mobile App,Easypaisa,4,41327.26,31721.85,9605.42,False
PK-2024-02369,2024-05-14,C-0292,Balochistan,Groceries,Online,Card,1,11015.09,8164.5,2850.59,False
PK-2024-02269,2024-05-14,C-0208,Punjab,Beauty & Personal Care,Wholesale,Easypaisa,1,12128.6,9345.14,2783.46,False
PK-2024-02325,2024-05-14,C-0751,KPK,Electronics,In-Store,Cash on Delivery,4,54330.0,44008.67,10321.33,False
PK-2024-00602,2024-05-14,C-0552,Punjab,Sports,In-Store,Card,4,47552.39,36497.28,11055.11,False
PK-2024-00301,2024-05-14,C-0164,Balochistan,Others,Online,Easypaisa,3,33402.67,26073.34,7329.33,False
PK-2024-01494,2024-05-15,C-0203,Punjab,Groceries,Online,Cash on Delivery,4,65953.43,50545.19,15408.23,False
PK-2024-01974,2024-05-15,C-0483,Balochistan,Home & Living,Mobile App,Easypaisa,3,20913.53,16670.33,4243.2,False
PK-2024-01673,2024-05-15,C-0575,Balochistan,Home & Living,Wholesale,Easypaisa,4,38284.53,27559.14,10725.38,False
PK-2024-02460,2024-05-15,C-0041,Sindh,Electronics,In-Store,Card,4,29802.16,23066.26,6735.9,False
PK-2024-01386,2024-05-15,C-0391,Islamabad,Electronics,Online,Easypaisa,1,13820.22,11035.06,2785.16,False
PK-2024-02400,2024-05-16,C-0878,Punjab,Home & Living,Online,Card,4,99563.89,69792.72,29771.16,False
PK-2024-01886,2024-05-16,C-0365,Punjab,Beauty & Personal Care,Online,Easypaisa,1,14115.27,11230.27,2885.0,False
PK-2024-01826,2024-05-16,C-0085,Sindh,Groceries,Online,JazzCash,1,18479.48,14757.78,3721.71,False
PK-2024-01900,2024-05-16,C-0492,Sindh,Others,Online,Card,2,24661.82,19657.87,5003.95,False
PK-2024-00333,2024-05-16,C-0321,Punjab,Fashion,Online,Easypaisa,4,53808.53,42151.44,11657.1,False
PK-2024-01658,2024-05-16,C-0707,KPK,Others,Online,JazzCash,1,14183.65,10246.47,3937.18,False
PK-2024-02043,2024-05-16,C-0654,KPK,Electronics,Online,Cash on Delivery,3,24231.22,18096.69,6134.52,False
PK-2024-00015,2024-05-16,C-0291,Punjab,Home & Living,Online,Card,4,52298.03,40314.78,11983.26,False
PK-2024-00183,2024-05-16,C-0850,Punjab,Electronics,Mobile App,Easypaisa,2,12394.23,10162.1,2232.13,False
PK-2024-01607,2024-05-17,C-0245,Punjab,Fashion,Online,Easypaisa,3,19823.66,16256.04,3567.62,False
PK-2024-00029,2024-05-17,C-0029,Sindh,Electronics,Online,Cash on Delivery,3,28439.94,22537.7,5902.23,False
PK-2024-02175,2024-05-17,C-0170,Punjab,Fashion,In-Store,Card,4,21216.93,16777.1,4439.83,False
PK-2024-00670,2024-05-17,C-0251,Sindh,Beauty & Personal Care,Mobile App,Card,3,52809.66,40507.61,12302.05,False
PK-2024-00527,2024-05-17,C-0603,Punjab,Home & Living,Online,Card,3,28700.17,22991.25,5708.92,False
PK-2024-01621,2024-05-18,C-0779,Punjab,Fashion,Online,Easypaisa,4,30598.45,25832.28,4766.17,False
PK-2024-02114,2024-05-18,C-0003,Punjab,Electronics,Mobile App,Easypaisa,1,8789.8,6725.05,2064.75,False
PK-2024-00059,2024-05-18,C-0157,Balochistan,Electronics,Online,Easypaisa,1,11490.28,9881.49,1608.79,False
PK-2024-01198,2024-05-18,C-0664,Punjab,Sports,Online,Easypaisa,4,86688.05,65716.0,20972.06,False
PK-2024-02387,2024-05-18,C-0191,Sindh,Electronics,Online,JazzCash,2,10796.02,8702.07,2093.95,False
PK-2024-00417,2024-05-18,C-0854,Sindh,Fashion,In-Store,Easypaisa,4,57819.27,42603.47,15215.8,False
PK-2024-01752,2024-05-19,C-0131,Punjab,Sports,Mobile App,Cash on Delivery,4,55517.37,43118.8,12398.57,False
PK-2024-00920,2024-05-19,C-0179,Punjab,Beauty & Personal Care,Online,JazzCash,4,33489.52,23313.07,10176.45,False
PK-2024-02008,2024-05-19,C-0365,KPK,Groceries,Mobile App,JazzCash,4,81302.02,66708.83,14593.19,False
PK-2024-01149,2024-05-19,C-0253,Punjab,Sports,Mobile App,JazzCash,1,12796.76,9707.39,3089.38,True
PK-2024-01027,2024-05-19,C-0377,Sindh,Home & Living,Wholesale,Easypaisa,3,57072.06,48119.54,8952.52,False
PK-2024-01841,2024-05-19,C-0067,Punjab,Groceries,In-Store,Easypaisa,4,39425.25,31519.39,7905.86,False
PK-2024-00727,2024-05-19,C-0162,Punjab,Beauty & Personal Care,Online,Card,4,51522.28,38058.33,13463.95,False
PK-2024-01207,2024-05-20,C-0591,Sindh,Electronics,Online,JazzCash,2,21100.2,16357.52,4742.68,False
PK-2024-00470,2024-05-21,C-0786,Sindh,Electronics,In-Store,Cash on Delivery,1,17703.71,12884.06,4819.65,False
PK-2024-01712,2024-05-21,C-0234,Sindh,Beauty & Personal Care,Mobile App,JazzCash,3,30830.61,22642.52,8188.09,False
PK-2024-00175,2024-05-21,C-0544,Sindh,Others,Wholesale,Easypaisa,1,7522.47,5934.77,1587.7,False
PK-2024-00746,2024-05-21,C-0609,Islamabad,Fashion,In-Store,JazzCash,4,20631.26,15767.68,4863.58,False
PK-2024-00502,2024-05-21,C-0199,Punjab,Home & Living,Online,Card,4,49181.22,41897.39,7283.83,False
PK-2024-01755,2024-05-22,C-0318,Balochistan,Electronics,Online,JazzCash,1,13517.59,10091.54,3426.05,False
PK-2024-01944,2024-05-22,C-0877,Punjab,Electronics,In-Store,Easypaisa,3,46531.69,36319.06,10212.62,True
PK-2024-00635,2024-05-22,C-0459,Sindh,Electronics,Online,Easypaisa,2,25064.08,19322.13,5741.95,False
PK-2024-01500,2024-05-23,C-0712,Balochistan,Fashion,In-Store,Easypaisa,3,20167.31,15413.4,4753.91,False
PK-2024-02108,2024-05-23,C-0276,Punjab,Electronics,In-Store,Card,2,9303.59,7005.56,2298.03,False
PK-2024-00582,2024-05-23,C-0677,Sindh,Electronics,Wholesale,Cash on Delivery,2,15871.2,11772.82,4098.38,False
PK-2024-02462,2024-05-23,C-0692,Punjab,Electronics,Online,Easypaisa,4,34709.56,24615.72,10093.84,False
PK-2024-00916,2024-05-23,C-0612,Punjab,Beauty & Personal Care,Mobile App,Cash on Delivery,3,45361.25,36598.72,8762.53,False
PK-2024-00182,2024-05-23,C-0502,Sindh,Electronics,In-Store,Card,3,35556.65,25669.12,9887.53,False
PK-2024-01245,2024-05-24,C-0296,Islamabad,Electronics,Mobile App,Easypaisa,3,33211.99,24751.65,8460.34,False
PK-2024-00538,2024-05-24,C-0093,KPK,Fashion,Mobile App,Card,3,38030.6,31155.89,6874.71,False
PK-2024-00014,2024-05-24,C-0226,KPK,Sports,Wholesale,Card,1,18518.28,14741.22,3777.05,False
PK-2024-02156,2024-05-24,C-0549,Balochistan,Groceries,Mobile App,Card,2,27386.14,22004.51,5381.62,False
PK-2024-00049,2024-05-24,C-0099,Punjab,Home & Living,Wholesale,Card,1,14731.95,11623.58,3108.37,False
PK-2024-00626,2024-05-24,C-0007,KPK,Fashion,Online,Cash on Delivery,1,7631.96,5752.45,1879.51,False
PK-2024-02405,2024-05-25,C-0498,KPK,Fashion,Online,Cash on Delivery,1,9309.02,6958.35,2350.67,False
PK-2024-01402,2024-05-25,C-0692,Punjab,Fashion,In-Store,Easypaisa,2,27159.69,21153.01,6006.69,False
PK-2024-01251,2024-05-25,C-0225,Balochistan,Groceries,Mobile App,Easypaisa,2,11189.86,8941.04,2248.82,False
PK-2024-02226,2024-05-25,C-0287,Punjab,Beauty & Personal Care,In-Store,Card,1,9049.97,7538.2,1511.77,False
PK-2024-01736,2024-05-26,C-0740,Sindh,Beauty & Personal Care,Wholesale,Card,1,11032.69,9009.96,2022.73,False
PK-2024-01618,2024-05-26,C-0132,Punjab,Home & Living,Online,Cash on Delivery,4,36310.25,28165.12,8145.13,False
PK-2024-00480,2024-05-26,C-0537,Punjab,Groceries,Wholesale,Cash on Delivery,4,54415.2,42083.59,12331.61,False
PK-2024-00566,2024-05-26,C-0652,Punjab,Groceries,In-Store,Card,4,72493.01,59148.19,13344.81,False
PK-2024-01521,2024-05-26,C-0824,Punjab,Electronics,Mobile App,Cash on Delivery,3,36669.56,27526.29,9143.27,False
PK-2024-00703,2024-05-26,C-0243,Punjab,Beauty & Personal Care,Online,Card,2,21122.44,18643.23,2479.21,False
PK-2024-00984,2024-05-27,C-0211,Balochistan,Beauty & Personal Care,Mobile App,Cash on Delivery,1,10444.99,8554.28,1890.71,False
PK-2024-01893,2024-05-27,C-0345,Balochistan,Electronics,Online,Easypaisa,1,18412.61,13862.51,4550.1,False
PK-2024-00711,2024-05-27,C-0392,Sindh,Beauty & Personal Care,Mobile App,Card,3,17971.77,14198.07,3773.7,False
PK-2024-00170,2024-05-27,C-0290,Punjab,Electronics,Online,Card,3,28540.29,22874.03,5666.26,False
PK-2024-00775,2024-05-27,C-0229,Islamabad,Home & Living,Mobile App,Cash on Delivery,1,9608.15,7099.24,2508.91,False
PK-2024-00424,2024-05-27,C-0678,Punjab,Electronics,Mobile App,Cash on Delivery,4,36083.0,28784.31,7298.69,False
PK-2024-00786,2024-05-27,C-0452,Punjab,Home & Living,Online,Cash on Delivery,4,37452.58,27635.72,9816.86,False
PK-2024-01499,2024-05-28,C-0821,Punjab,Electronics,Online,Easypaisa,4,50887.32,37978.97,12908.35,False
PK-2024-01906,2024-05-28,C-0214,Islamabad,Groceries,Online,Cash on Delivery,3,49087.6,37427.87,11659.73,False
PK-2024-01848,2024-05-28,C-0582,Sindh,Electronics,Online,Cash on Delivery,1,7973.37,6223.38,1749.99,False
PK-2024-00937,2024-05-28,C-0158,Punjab,Beauty & Personal Care,In-Store,Easypaisa,3,35253.09,28127.07,7126.02,False
PK-2024-02194,2024-05-28,C-0447,Sindh,Others,Online,JazzCash,2,19249.32,14719.34,4529.98,False
PK-2024-00466,2024-05-28,C-0746,KPK,Beauty & Personal Care,Mobile App,Card,4,47780.98,37693.49,10087.5,False
PK-2024-01400,2024-05-29,C-0827,Punjab,Electronics,In-Store,Easypaisa,4,67161.73,46654.21,20507.52,False
PK-2024-01262,2024-05-29,C-0713,KPK,Fashion,Online,Cash on Delivery,4,21542.6,17678.46,3864.15,False
PK-2024-01855,2024-05-29,C-0440,Punjab,Groceries,Wholesale,Card,2,24485.57,18462.75,6022.82,False
PK-2024-01305,2024-05-29,C-0203,Sindh,Electronics,Online,Card,1,11008.02,7974.61,3033.4,False
PK-2024-01969,2024-05-29,C-0077,Balochistan,Fashion,Online,Cash on Delivery,1,7514.75,5945.41,1569.35,False
PK-2024-00664,2024-05-29,C-0077,Punjab,Electronics,In-Store,Card,4,43287.24,34408.6,8878.64,False
PK-2024-02164,2024-05-29,C-0605,Sindh,Electronics,Mobile App,Cash on Delivery,2,14924.46,11209.68,3714.78,False
PK-2024-00006,2024-05-29,C-0004,Sindh,Sports,In-Store,Easypaisa,4,48558.55,40363.47,8195.08,False
PK-2024-01115,2024-05-30,C-0759,Islamabad,Electronics,Mobile App,Card,4,56721.82,45627.5,11094.32,False
PK-2024-00471,2024-05-30,C-0891,Sindh,Groceries,In-Store,Card,4,45008.29,34713.75,10294.54,False
PK-2024-00669,2024-05-30,C-0605,Balochistan,Groceries,Mobile App,JazzCash,1,7374.52,5661.23,1713.28,False
PK-2024-00004,2024-05-30,C-0058,Punjab,Fashion,In-Store,Card,4,66528.56,52017.72,14510.84,False
PK-2024-01317,2024-05-30,C-0113,KPK,Home & Living,Online,Easypaisa,2,24283.27,18576.95,5706.32,False
PK-2024-01418,2024-05-30,C-0386,KPK,Electronics,Mobile App,JazzCash,4,39536.41,27918.61,11617.8,False
PK-2024-00304,2024-05-30,C-0218,KPK,Sports,Online,Cash on Delivery,1,5546.85,4253.96,1292.9,False
PK-2024-00379,2024-05-31,C-0884,Punjab,Fashion,In-Store,Easypaisa,1,16356.82,12837.54,3519.28,False
PK-2024-01566,2024-05-31,C-0397,Sindh,Electronics,Mobile App,JazzCash,1,11655.78,8730.78,2925.0,False
PK-2024-01183,2024-05-31,C-0822,Punjab,Groceries,Mobile App,Cash on Delivery,2,37334.96,27245.79,10089.17,False
PK-2024-01579,2024-05-31,C-0164,Punjab,Beauty & Personal Care,In-Store,Card,4,61285.3,48431.71,12853.59,False
PK-2024-01902,2024-05-31,C-0187,Sindh,Electronics,Online,Card,2,17956.16,13611.71,4344.44,False
PK-2024-01996,2024-05-31,C-0162,Balochistan,Fashion,Wholesale,JazzCash,2,23133.71,18378.74,4754.96,False
PK-2024-00479,2024-05-31,C-0395,Islamabad,Groceries,Mobile App,Easypaisa,1,17174.79,13727.83,3446.96,False
PK-2024-01087,2024-05-31,C-0526,Islamabad,Groceries,Mobile App,Card,4,32141.54,25644.49,6497.05,False
PK-2024-00663,2024-06-01,C-0425,KPK,Groceries,In-Store,Card,3,39008.5,29277.54,9730.97,False
PK-2024-00606,2024-06-01,C-0478,Islamabad,Beauty & Personal Care,Online,Cash on Delivery,4,38662.65,30162.4,8500.25,False
PK-2024-01291,2024-06-01,C-0756,Sindh,Electronics,Online,Card,3,38500.24,29705.22,8795.02,False
PK-2024-01065,2024-06-01,C-0659,KPK,Home & Living,Online,Easypaisa,4,43955.05,33587.67,10367.38,False
PK-2024-00346,2024-06-01,C-0145,Balochistan,Home & Living,In-Store,Cash on Delivery,1,13325.85,11125.95,2199.9,False
PK-2024-00089,2024-06-01,C-0399,Punjab,Home & Living,Online,JazzCash,4,63921.37,54673.51,9247.86,False
PK-2024-00356,2024-06-01,C-0477,Balochistan,Beauty & Personal Care,In-Store,Cash on Delivery,3,34491.34,26804.97,7686.37,False
PK-2024-01463,2024-06-02,C-0766,Sindh,Fashion,Mobile App,Card,3,20744.49,16200.38,4544.11,False
PK-2024-00111,2024-06-02,C-0494,Punjab,Electronics,Online,Cash on Delivery,3,21728.72,17234.26,4494.45,False
PK-2024-00554,2024-06-02,C-0374,Sindh,Electronics,Online,Card,4,63205.1,49027.03,14178.07,False
PK-2024-02186,2024-06-02,C-0464,Sindh,Fashion,Online,Card,3,27737.45,23817.5,3919.95,False
PK-2024-00720,2024-06-02,C-0384,Balochistan,Beauty & Personal Care,Online,Card,4,41560.53,32240.99,9319.54,False
PK-2024-01768,2024-06-02,C-0297,KPK,Others,Online,Easypaisa,2,22061.14,16536.92,5524.23,False
PK-2024-00275,2024-06-02,C-0649,Punjab,Fashion,Online,Easypaisa,3,32590.32,25404.0,7186.32,False
PK-2024-00277,2024-06-02,C-0279,KPK,Beauty & Personal Care,Mobile App,Card,1,4107.39,3381.26,726.13,False
PK-2024-00768,2024-06-02,C-0808,Punjab,Beauty & Personal Care,Mobile App,Card,1,7817.38,5930.99,1886.4,False
PK-2024-01626,2024-06-03,C-0830,KPK,Fashion,In-Store,JazzCash,2,13630.97,10525.09,3105.89,False
PK-2024-00095,2024-06-03,C-0078,Punjab,Sports,Mobile App,Card,3,40049.26,27108.49,12940.77,False
PK-2024-00206,2024-06-04,C-0032,Punjab,Fashion,Online,Card,3,27968.69,21088.26,6880.43,False
PK-2024-00773,2024-06-04,C-0515,KPK,Fashion,Online,JazzCash,4,53119.95,40832.65,12287.3,True
PK-2024-02004,2024-06-04,C-0250,Punjab,Fashion,Mobile App,Card,4,34690.61,27202.17,7488.45,False
PK-2024-02277,2024-06-04,C-0058,Punjab,Home & Living,Wholesale,Card,4,80279.99,63961.08,16318.91,True
PK-2024-01359,2024-06-04,C-0715,Punjab,Beauty & Personal Care,In-Store,JazzCash,4,33224.16,24928.66,8295.49,False
PK-2024-00380,2024-06-04,C-0288,Punjab,Electronics,Online,Card,3,40179.89,28879.71,11300.18,False
PK-2024-00552,2024-06-04,C-0278,Punjab,Electronics,Online,JazzCash,3,36808.78,29956.18,6852.6,False
PK-2024-00060,2024-06-04,C-0704,Punjab,Beauty & Personal Care,Online,Cash on Delivery,4,20534.68,15688.43,4846.26,False
PK-2024-02428,2024-06-05,C-0010,Sindh,Electronics,In-Store,Easypaisa,3,16557.72,12927.39,3630.33,False
PK-2024-00192,2024-06-05,C-0783,Punjab,Beauty & Personal Care,Online,Cash on Delivery,1,9334.55,7974.98,1359.57,False
PK-2024-00276,2024-06-05,C-0443,Punjab,Home & Living,Mobile App,Easypaisa,4,27973.86,21681.06,6292.8,False
PK-2024-02154,2024-06-05,C-0221,Punjab,Electronics,Online,Card,3,57468.75,42679.5,14789.26,False
PK-2024-02284,2024-06-05,C-0599,Punjab,Beauty & Personal Care,Online,Card,1,7664.93,5908.97,1755.95,False
PK-2024-00558,2024-06-05,C-0117,Balochistan,Beauty & Personal Care,In-Store,JazzCash,2,22160.94,17598.52,4562.42,False
PK-2024-00534,2024-06-06,C-0316,Punjab,Fashion,Online,Cash on Delivery,2,16971.78,13802.12,3169.66,False
PK-2024-00989,2024-06-06,C-0854,Punjab,Sports,Mobile App,Easypaisa,2,24683.58,19810.64,4872.94,False
PK-2024-00007,2024-06-06,C-0626,Sindh,Fashion,Wholesale,JazzCash,4,41159.36,29904.74,11254.62,False
PK-2024-01555,2024-06-06,C-0383,Punjab,Groceries,Mobile App,Cash on Delivery,3,28379.99,21976.37,6403.63,False
PK-2024-00619,2024-06-06,C-0707,Punjab,Electronics,In-Store,Cash on Delivery,2,17330.65,12500.64,4830.0,False
PK-2024-01700,2024-06-07,C-0062,Punjab,Fashion,Online,JazzCash,4,33079.86,26720.18,6359.69,False
PK-2024-00475,2024-06-07,C-0049,KPK,Electronics,Mobile App,Card,4,74503.98,55520.16,18983.82,False
PK-2024-01139,2024-06-07,C-0746,Sindh,Electronics,Online,Cash on Delivery,1,21075.02,16939.06,4135.96,False
PK-2024-01686,2024-06-07,C-0747,Islamabad,Electronics,Mobile App,JazzCash,2,17577.29,13976.56,3600.73,False
PK-2024-00371,2024-06-07,C-0083,KPK,Home & Living,Online,Card,4,29172.29,22327.17,6845.11,False
PK-2024-02160,2024-06-07,C-0002,Islamabad,Fashion,Mobile App,Card,3,41507.6,32785.79,8721.81,False
PK-2024-00609,2024-06-07,C-0617,Sindh,Electronics,Online,Cash on Delivery,2,21560.73,16258.44,5302.29,False
PK-2024-01747,2024-06-08,C-0471,KPK,Groceries,Mobile App,Card,4,52412.8,41222.7,11190.1,False
PK-2024-00787,2024-06-08,C-0225,KPK,Fashion,In-Store,Easypaisa,3,38051.94,29388.81,8663.13,False
PK-2024-00614,2024-06-08,C-0251,Punjab,Groceries,In-Store,JazzCash,2,16571.12,14661.18,1909.94,False
PK-2024-02019,2024-06-09,C-0315,Balochistan,Sports,Online,JazzCash,1,12431.65,9870.41,2561.24,False
PK-2024-00864,2024-06-09,C-0205,KPK,Electronics,Online,JazzCash,2,22115.25,16960.94,5154.31,False
PK-2024-01420,2024-06-09,C-0305,Punjab,Groceries,Online,JazzCash,4,71324.47,57047.0,14277.48,True
PK-2024-00143,2024-06-09,C-0294,Punjab,Electronics,Online,JazzCash,4,39977.98,30927.09,9050.88,False
PK-2024-02420,2024-06-09,C-0439,KPK,Electronics,Online,Cash on Delivery,2,27098.53,20077.57,7020.96,False
PK-2024-01519,2024-06-09,C-0588,Sindh,Groceries,Online,Cash on Delivery,2,26530.61,19574.69,6955.92,False
PK-2024-02116,2024-06-09,C-0784,Balochistan,Groceries,Online,Easypaisa,1,12999.4,9708.83,3290.57,False
PK-2024-01642,2024-06-09,C-0683,Punjab,Electronics,Online,JazzCash,4,34147.86,28371.29,5776.57,False
PK-2024-02254,2024-06-09,C-0128,Sindh,Electronics,In-Store,Cash on Delivery,3,31954.08,25510.02,6444.06,False
PK-2024-01772,2024-06-09,C-0443,Punjab,Beauty & Personal Care,Online,Cash on Delivery,4,33549.3,26763.9,6785.4,False
PK-2024-02079,2024-06-09,C-0727,Punjab,Groceries,Online,Easypaisa,1,4999.39,3950.59,1048.8,False
PK-2024-00771,2024-06-09,C-0436,KPK,Groceries,Wholesale,Card,2,29480.87,22998.75,6482.12,False
PK-2024-01774,2024-06-09,C-0502,Balochistan,Fashion,In-Store,Easypaisa,2,18667.91,15016.6,3651.31,False
PK-2024-01248,2024-06-09,C-0368,Islamabad,Beauty & Personal Care,Mobile App,Card,3,49962.3,40179.12,9783.18,False
PK-2024-02311,2024-06-09,C-0633,Sindh,Sports,In-Store,Card,3,50395.79,38881.99,11513.8,False
PK-2024-00726,2024-06-10,C-0229,Punjab,Groceries,Mobile App,Cash on Delivery,1,12812.24,9063.86,3748.38,False
PK-2024-01905,2024-06-10,C-0355,Islamabad,Fashion,Wholesale,Easypaisa,1,12145.13,10255.7,1889.42,False
PK-2024-01368,2024-06-10,C-0555,Punjab,Electronics,In-Store,JazzCash,1,5475.44,4166.91,1308.53,False
PK-2024-02196,2024-06-10,C-0881,Punjab,Electronics,Online,Easypaisa,1,19451.6,15170.05,4281.55,False
PK-2024-01548,2024-06-10,C-0412,KPK,Home & Living,In-Store,JazzCash,3,27711.34,21173.83,6537.51,False
PK-2024-00960,2024-06-10,C-0826,Sindh,Beauty & Personal Care,Mobile App,Easypaisa,1,26889.76,20603.06,6286.69,False
PK-2024-00501,2024-06-10,C-0524,Punjab,Beauty & Personal Care,Online,Card,3,32655.9,24738.13,7917.77,False
PK-2024-01544,2024-06-10,C-0673,Islamabad,Electronics,Online,Cash on Delivery,3,24988.79,20418.09,4570.7,False
PK-2024-01574,2024-06-10,C-0546,Punjab,Groceries,Online,JazzCash,2,26417.42,20693.33,5724.09,False
PK-2024-01163,2024-06-11,C-0888,KPK,Fashion,Wholesale,JazzCash,4,42629.25,32257.74,10371.51,False
PK-2024-01045,2024-06-11,C-0708,Punjab,Fashion,Online,Card,2,14030.39,10647.86,3382.53,False
PK-2024-02119,2024-06-11,C-0052,Sindh,Home & Living,Online,Card,1,18312.84,13565.94,4746.89,False
PK-2024-01674,2024-06-12,C-0859,Islamabad,Home & Living,Online,Cash on Delivery,3,79598.63,57672.5,21926.13,False
PK-2024-01547,2024-06-12,C-0618,Punjab,Groceries,Mobile App,Easypaisa,1,11305.25,9678.88,1626.37,False
PK-2024-00106,2024-06-12,C-0201,KPK,Fashion,In-Store,Cash on Delivery,1,13932.6,12244.84,1687.76,False
PK-2024-01446,2024-06-12,C-0452,Punjab,Fashion,Online,Card,3,45963.6,35908.78,10054.82,False
PK-2024-00912,2024-06-12,C-0145,Sindh,Groceries,Mobile App,Card,3,30803.04,22652.32,8150.72,False
PK-2024-00150,2024-06-12,C-0747,Balochistan,Beauty & Personal Care,Online,Cash on Delivery,4,29971.39,22823.42,7147.97,False
PK-2024-00515,2024-06-12,C-0848,Punjab,Beauty & Personal Care,Mobile App,Card,2,15481.03,12873.39,2607.64,False
PK-2024-00654,2024-06-12,C-0657,Balochistan,Fashion,Online,Card,3,22806.51,17201.25,5605.25,False
PK-2024-01396,2024-06-12,C-0086,KPK,Fashion,Online,Easypaisa,4,51273.21,39945.95,11327.27,False
PK-2024-00595,2024-06-12,C-0524,Sindh,Electronics,Wholesale,Card,2,36453.49,27726.82,8726.67,True
PK-2024-00397,2024-06-13,C-0371,Punjab,Electronics,Wholesale,Card,3,25181.33,20383.59,4797.74,False
PK-2024-02450,2024-06-13,C-0038,KPK,Electronics,Online,Card,3,34866.35,27567.99,7298.35,False
PK-2024-00926,2024-06-13,C-0761,Sindh,Fashion,Online,JazzCash,3,32355.89,25388.72,6967.17,False
PK-2024-02157,2024-06-13,C-0867,Punjab,Others,Online,Card,4,53188.78,41816.48,11372.31,False
PK-2024-02072,2024-06-13,C-0748,Sindh,Home & Living,Online,Card,3,26763.08,21076.93,5686.16,False
PK-2024-02253,2024-06-13,C-0517,Punjab,Fashion,Online,Card,4,47389.0,36645.2,10743.79,False
PK-2024-01172,2024-06-14,C-0614,Balochistan,Groceries,Mobile App,Cash on Delivery,2,17666.11,13595.68,4070.43,False
PK-2024-02203,2024-06-14,C-0307,Sindh,Home & Living,In-Store,Cash on Delivery,3,22426.18,19456.93,2969.25,False
PK-2024-00796,2024-06-14,C-0473,Punjab,Beauty & Personal Care,Wholesale,Easypaisa,3,34535.23,28008.15,6527.08,False
PK-2024-02146,2024-06-14,C-0521,Islamabad,Electronics,Online,Card,1,12362.42,8710.09,3652.33,False
PK-2024-00835,2024-06-14,C-0306,Punjab,Home & Living,Wholesale,Card,4,79800.76,66892.44,12908.32,False
PK-2024-01501,2024-06-14,C-0124,Punjab,Electronics,In-Store,Card,1,10556.46,8619.29,1937.17,True
PK-2024-00866,2024-06-14,C-0585,Sindh,Others,Online,Easypaisa,3,31222.11,24189.24,7032.87,False
PK-2024-01008,2024-06-14,C-0512,Punjab,Groceries,Online,Easypaisa,1,16915.11,12714.83,4200.29,False
PK-2024-00976,2024-06-14,C-0378,KPK,Fashion,Wholesale,Easypaisa,3,30596.49,23226.08,7370.4,False
PK-2024-01572,2024-06-14,C-0481,Sindh,Electronics,In-Store,JazzCash,1,15504.15,13121.04,2383.11,False
PK-2024-02423,2024-06-14,C-0791,Balochistan,Beauty & Personal Care,In-Store,Card,4,54987.43,41575.15,13412.28,False
PK-2024-00305,2024-06-15,C-0024,Punjab,Sports,Wholesale,Cash on Delivery,1,8064.36,6604.0,1460.36,False
PK-2024-02422,2024-06-15,C-0547,KPK,Others,Mobile App,JazzCash,4,64829.77,53118.03,11711.74,False
PK-2024-00500,2024-06-15,C-0214,Sindh,Fashion,In-Store,Cash on Delivery,4,58214.41,43806.31,14408.1,False
PK-2024-00317,2024-06-15,C-0081,Punjab,Groceries,Online,Card,1,14597.45,10991.57,3605.89,False
PK-2024-00398,2024-06-15,C-0669,Balochistan,Electronics,Online,Easypaisa,2,21084.1,15736.74,5347.36,False
PK-2024-00830,2024-06-15,C-0411,Balochistan,Home & Living,In-Store,JazzCash,1,19571.61,15551.76,4019.85,False
PK-2024-00329,2024-06-15,C-0493,Punjab,Beauty & Personal Care,In-Store,JazzCash,2,14988.78,11820.99,3167.78,False
PK-2024-01757,2024-06-15,C-0351,Islamabad,Groceries,Online,Easypaisa,3,32365.27,23562.24,8803.03,False
PK-2024-01156,2024-06-15,C-0159,Punjab,Electronics,In-Store,Card,1,20222.85,16127.55,4095.3,False
PK-2024-02384,2024-06-15,C-0295,Sindh,Electronics,In-Store,Cash on Delivery,3,38454.35,29828.8,8625.55,False
PK-2024-01077,2024-06-16,C-0479,Punjab,Fashion,Online,Card,2,25732.75,20893.8,4838.95,False
PK-2024-01517,2024-06-16,C-0214,Balochistan,Fashion,Wholesale,Card,1,8841.99,7414.6,1427.39,False
PK-2024-00625,2024-06-16,C-0766,Punjab,Electronics,In-Store,Easypaisa,3,28227.77,21505.96,6721.81,False
PK-2024-01845,2024-06-16,C-0647,Balochistan,Home & Living,Mobile App,Card,3,46469.61,37278.5,9191.11,False
PK-2024-01665,2024-06-17,C-0354,KPK,Beauty & Personal Care,Online,Cash on Delivery,3,25099.76,20469.06,4630.7,False
PK-2024-01972,2024-06-18,C-0469,Sindh,Electronics,In-Store,Card,3,29951.38,23770.38,6181.0,False
PK-2024-01239,2024-06-18,C-0674,Punjab,Electronics,Online,JazzCash,4,48611.47,35560.11,13051.37,False
PK-2024-00959,2024-06-18,C-0737,KPK,Home & Living,Wholesale,Card,2,26761.5,21894.01,4867.49,False
PK-2024-00545,2024-06-18,C-0286,Punjab,Groceries,Wholesale,Card,4,54020.8,41487.72,12533.08,False
PK-2024-01999,2024-06-18,C-0378,Punjab,Electronics,In-Store,JazzCash,3,21691.66,17817.41,3874.25,False
PK-2024-00109,2024-06-18,C-0810,Punjab,Home & Living,Online,Easypaisa,1,12300.51,10091.52,2208.99,False
PK-2024-00913,2024-06-19,C-0091,Sindh,Home & Living,Online,JazzCash,1,12261.19,9416.39,2844.8,False
PK-2024-01507,2024-06-19,C-0665,KPK,Electronics,Online,Easypaisa,4,30215.33,22052.21,8163.12,False
PK-2024-00672,2024-06-19,C-0644,KPK,Sports,Online,Card,4,44885.65,36621.45,8264.19,False
PK-2024-01802,2024-06-20,C-0730,Punjab,Home & Living,Online,Cash on Delivery,2,22251.91,17955.77,4296.14,False
PK-2024-01963,2024-06-20,C-0771,Punjab,Groceries,Wholesale,Cash on Delivery,3,47925.17,35323.84,12601.32,False
PK-2024-00999,2024-06-21,C-0123,Punjab,Electronics,Mobile App,Card,2,24978.6,18622.26,6356.34,False
PK-2024-00597,2024-06-21,C-0741,KPK,Groceries,Online,Cash on Delivery,3,19603.39,15098.58,4504.81,False
PK-2024-00114,2024-06-21,C-0304,KPK,Beauty & Personal Care,In-Store,Card,3,58668.23,43705.44,14962.79,False
PK-2024-00825,2024-06-21,C-0780,Sindh,Electronics,In-Store,Easypaisa,2,26144.78,20587.15,5557.63,False
PK-2024-02393,2024-06-21,C-0885,KPK,Beauty & Personal Care,Online,JazzCash,2,12660.8,10285.39,2375.42,False
PK-2024-00986,2024-06-21,C-0147,Punjab,Beauty & Personal Care,Online,JazzCash,2,28357.43,21847.57,6509.86,False
PK-2024-01682,2024-06-22,C-0607,Balochistan,Electronics,Online,Cash on Delivery,2,50257.97,39438.6,10819.37,False
PK-2024-00732,2024-06-22,C-0221,Islamabad,Others,Mobile App,Card,3,45248.48,34289.4,10959.08,False
PK-2024-02034,2024-06-22,C-0343,Punjab,Electronics,Online,Card,4,52761.23,41996.36,10764.87,False
PK-2024-00924,2024-06-23,C-0632,Sindh,Home & Living,Online,Card,3,22845.14,17968.96,4876.18,False
PK-2024-01942,2024-06-23,C-0442,KPK,Beauty & Personal Care,Online,Card,2,20270.56,16179.86,4090.7,False
PK-2024-00035,2024-06-23,C-0345,KPK,Home & Living,Online,Easypaisa,1,10495.36,7959.1,2536.26,False
PK-2024-01461,2024-06-23,C-0832,Punjab,Fashion,Wholesale,Easypaisa,1,8191.88,6177.09,2014.78,False
PK-2024-01379,2024-06-24,C-0817,Sindh,Groceries,Online,Card,1,10062.27,7378.7,2683.57,False
PK-2024-01340,2024-06-24,C-0868,KPK,Home & Living,In-Store,Easypaisa,4,21701.82,17593.46,4108.36,False
PK-2024-01336,2024-06-24,C-0827,Islamabad,Home & Living,Online,Easypaisa,4,75357.75,56137.46,19220.29,False
PK-2024-00931,2024-06-24,C-0166,Sindh,Beauty & Personal Care,Online,Card,1,3909.26,3068.0,841.25,False
PK-2024-00862,2024-06-24,C-0008,Sindh,Beauty & Personal Care,In-Store,Easypaisa,3,21899.3,15898.76,6000.55,False
PK-2024-00899,2024-06-24,C-0203,Islamabad,Beauty & Personal Care,Online,Card,4,28852.21,23556.99,5295.22,False
PK-2024-02349,2024-06-24,C-0787,Sindh,Electronics,Mobile App,JazzCash,2,27645.22,22952.79,4692.43,False
PK-2024-01887,2024-06-24,C-0333,Punjab,Electronics,In-Store,Card,1,10425.4,8307.49,2117.92,False
PK-2024-00037,2024-06-25,C-0268,Punjab,Electronics,Mobile App,Card,2,19936.68,15890.08,4046.6,True
PK-2024-01951,2024-06-25,C-0245,Punjab,Beauty & Personal Care,Online,JazzCash,2,24367.35,18567.41,5799.95,False
PK-2024-01775,2024-06-25,C-0064,Islamabad,Sports,Wholesale,JazzCash,1,8687.25,6928.32,1758.93,False
PK-2024-01715,2024-06-25,C-0304,KPK,Others,Online,Cash on Delivery,3,60178.96,50682.93,9496.03,False
PK-2024-01478,2024-06-25,C-0782,Punjab,Sports,Online,Card,1,15226.86,12902.57,2324.29,False
PK-2024-02472,2024-06-26,C-0844,Sindh,Groceries,Online,Card,3,25585.33,19941.33,5644.0,False
PK-2024-00210,2024-06-26,C-0459,Punjab,Electronics,Mobile App,Easypaisa,2,20907.82,16948.17,3959.65,False
PK-2024-01017,2024-06-26,C-0390,Sindh,Groceries,In-Store,Easypaisa,2,24739.23,19516.69,5222.53,False
PK-2024-00998,2024-06-26,C-0782,Punjab,Home & Living,Online,Cash on Delivery,3,19247.65,15283.31,3964.34,False
PK-2024-02123,2024-06-27,C-0557,Islamabad,Electronics,Wholesale,Card,2,31392.49,23836.66,7555.83,False
PK-2024-01538,2024-06-27,C-0069,Sindh,Groceries,Mobile App,Easypaisa,1,17047.69,12714.6,4333.09,False
PK-2024-01614,2024-06-27,C-0298,Balochistan,Beauty & Personal Care,Online,Cash on Delivery,3,16718.81,12812.9,3905.91,False
PK-2024-01047,2024-06-27,C-0332,Punjab,Beauty & Personal Care,Online,Cash on Delivery,4,33015.48,27404.6,5610.88,False
PK-2024-01717,2024-06-27,C-0301,Balochistan,Electronics,Mobile App,Cash on Delivery,4,48780.86,38461.79,10319.07,False
PK-2024-02391,2024-06-27,C-0805,KPK,Beauty & Personal Care,Mobile App,Card,2,18766.76,14297.53,4469.23,False
PK-2024-01871,2024-06-28,C-0111,KPK,Fashion,Online,Card,1,11300.22,8524.84,2775.38,False
PK-2024-00086,2024-06-28,C-0594,KPK,Home & Living,Online,Cash on Delivery,2,25229.62,19057.92,6171.7,False
PK-2024-01881,2024-06-28,C-0183,Punjab,Electronics,Online,Cash on Delivery,4,54751.06,41777.82,12973.25,False
PK-2024-00525,2024-06-28,C-0706,Sindh,Beauty & Personal Care,In-Store,Cash on Delivery,1,8197.96,6033.81,2164.15,False
PK-2024-01428,2024-06-28,C-0848,Balochistan,Home & Living,Online,Easypaisa,3,27751.74,22192.68,5559.06,False
PK-2024-00653,2024-06-28,C-0311,Punjab,Electronics,Online,Card,4,45482.83,36611.25,8871.58,False
PK-2024-00634,2024-06-28,C-0045,Sindh,Groceries,Mobile App,Card,4,34306.62,27145.59,7161.02,False
PK-2024-01860,2024-06-29,C-0296,Sindh,Beauty & Personal Care,Mobile App,Card,2,39336.9,31346.72,7990.18,False
PK-2024-02130,2024-06-29,C-0839,Punjab,Home & Living,Online,JazzCash,1,10376.56,8397.77,1978.8,False
PK-2024-00715,2024-06-29,C-0478,Punjab,Sports,Wholesale,Cash on Delivery,3,40416.19,33438.54,6977.65,False
PK-2024-02271,2024-06-29,C-0889,Sindh,Others,Wholesale,Easypaisa,3,90987.04,68872.63,22114.41,False
PK-2024-02148,2024-06-29,C-0477,Punjab,Beauty & Personal Care,In-Store,Card,3,14680.13,11982.46,2697.67,False
PK-2024-01002,2024-06-29,C-0063,Sindh,Electronics,Online,Easypaisa,3,33603.69,26798.53,6805.16,False
PK-2024-01003,2024-06-29,C-0764,Punjab,Electronics,Online,Card,4,40075.23,32955.22,7120.01,False
PK-2024-01466,2024-06-29,C-0381,Balochistan,Beauty & Personal Care,Mobile App,Easypaisa,3,32578.14,22574.94,10003.2,False
PK-2024-02424,2024-06-30,C-0132,Islamabad,Electronics,Online,Easypaisa,3,27711.5,22096.48,5615.03,False
PK-2024-00704,2024-06-30,C-0499,Islamabad,Beauty & Personal Care,Online,Easypaisa,2,33887.03,27293.57,6593.45,False
PK-2024-01179,2024-06-30,C-0484,Balochistan,Electronics,Online,Easypaisa,4,59585.92,45725.48,13860.45,False
PK-2024-01737,2024-06-30,C-0803,Punjab,Electronics,Online,Card,3,60133.78,46974.76,13159.02,False
PK-2024-01810,2024-06-30,C-0278,Balochistan,Sports,Online,Easypaisa,2,20768.38,16501.3,4267.07,False
PK-2024-01325,2024-06-30,C-0062,Sindh,Electronics,Online,Cash on Delivery,3,29093.65,23415.01,5678.64,False
PK-2024-01370,2024-06-30,C-0019,Punjab,Electronics,In-Store,Cash on Delivery,1,10574.98,8418.53,2156.45,False
PK-2024-00627,2024-06-30,C-0467,Punjab,Fashion,Online,Card,2,26793.85,20307.63,6486.21,False
PK-2024-00343,2024-07-01,C-0341,Islamabad,Electronics,In-Store,Cash on Delivery,4,22835.39,16998.69,5836.7,False
PK-2024-02357,2024-07-01,C-0303,Sindh,Electronics,Online,JazzCash,2,33594.26,25836.01,7758.26,False
PK-2024-02216,2024-07-01,C-0841,Punjab,Others,Online,Card,2,23405.96,18284.08,5121.88,False
PK-2024-01556,2024-07-01,C-0639,Sindh,Fashion,Online,Easypaisa,4,63621.65,52594.36,11027.29,False
PK-2024-00315,2024-07-01,C-0204,Punjab,Groceries,Online,Card,2,44685.88,35073.46,9612.42,False
PK-2024-01200,2024-07-01,C-0152,Sindh,Home & Living,Online,Card,2,27619.46,22712.38,4907.07,False
PK-2024-02048,2024-07-02,C-0358,Punjab,Others,In-Store,Easypaisa,4,57789.24,44378.93,13410.31,False
PK-2024-01321,2024-07-02,C-0505,Sindh,Groceries,Online,JazzCash,1,15801.12,13379.01,2422.11,False
PK-2024-02281,2024-07-02,C-0500,Punjab,Fashion,In-Store,Card,2,13970.2,11270.39,2699.8,False
PK-2024-01275,2024-07-02,C-0174,Sindh,Groceries,Online,Card,3,31017.71,22675.11,8342.6,False
PK-2024-01227,2024-07-02,C-0004,Sindh,Fashion,Online,Easypaisa,3,26339.29,21049.37,5289.92,False
PK-2024-00357,2024-07-02,C-0128,Sindh,Electronics,Mobile App,JazzCash,3,27509.0,20960.01,6548.98,False
PK-2024-00697,2024-07-03,C-0405,Islamabad,Electronics,Mobile App,Easypaisa,4,56016.17,42455.56,13560.61,False
PK-2024-01109,2024-07-03,C-0073,Punjab,Electronics,Wholesale,Cash on Delivery,2,43516.74,31954.08,11562.66,False
PK-2024-00610,2024-07-03,C-0691,KPK,Home & Living,Mobile App,JazzCash,1,8625.9,6893.78,1732.12,False
PK-2024-00826,2024-07-03,C-0802,KPK,Electronics,In-Store,Cash on Delivery,3,31949.62,25833.44,6116.18,False
PK-2024-01056,2024-07-03,C-0629,KPK,Electronics,Online,Card,2,23993.99,18848.92,5145.07,False
PK-2024-00757,2024-07-04,C-0703,Punjab,Electronics,Mobile App,Card,4,48638.79,34817.36,13821.43,False
PK-2024-01415,2024-07-04,C-0669,Punjab,Groceries,Online,Card,3,57858.72,46256.52,11602.2,False
PK-2024-01419,2024-07-04,C-0111,Islamabad,Beauty & Personal Care,Wholesale,Easypaisa,3,61290.77,48066.68,13224.09,False
PK-2024-00263,2024-07-04,C-0588,Punjab,Sports,Online,Card,1,11794.44,9050.67,2743.76,False
PK-2024-00091,2024-07-04,C-0664,Sindh,Electronics,In-Store,JazzCash,1,9692.47,7935.28,1757.19,False
PK-2024-00140,2024-07-05,C-0104,Punjab,Electronics,In-Store,Card,2,19859.34,14205.09,5654.25,False
PK-2024-00739,2024-07-05,C-0262,Islamabad,Home & Living,Online,Cash on Delivery,3,28431.52,22317.71,6113.82,False
PK-2024-01296,2024-07-05,C-0760,Islamabad,Fashion,In-Store,Card,3,26765.16,20920.48,5844.68,False
PK-2024-01676,2024-07-05,C-0501,Sindh,Others,Online,Card,1,21921.26,16868.05,5053.21,False
PK-2024-00591,2024-07-05,C-0273,KPK,Sports,Wholesale,JazzCash,2,30630.23,24475.75,6154.48,False
PK-2024-02321,2024-07-05,C-0628,KPK,Electronics,Online,Card,4,30992.49,24329.88,6662.61,False
PK-2024-02435,2024-07-06,C-0075,Sindh,Fashion,Online,Cash on Delivery,4,40088.8,32980.54,7108.26,False
PK-2024-01583,2024-07-06,C-0134,Punjab,Electronics,Online,Easypaisa,3,51878.89,41042.82,10836.07,False
PK-2024-02161,2024-07-06,C-0766,Punjab,Groceries,In-Store,Card,3,41636.49,32451.03,9185.47,False
PK-2024-00229,2024-07-06,C-0238,Punjab,Electronics,Online,Card,1,6962.58,5830.69,1131.9,False
PK-2024-00788,2024-07-06,C-0057,Punjab,Electronics,In-Store,Card,2,22435.15,18324.99,4110.17,False
PK-2024-01801,2024-07-06,C-0211,Sindh,Electronics,Online,JazzCash,4,46726.34,36429.88,10296.46,False
PK-2024-00673,2024-07-07,C-0191,Punjab,Groceries,Online,Card,1,16042.81,13202.25,2840.56,False
PK-2024-02478,2024-07-07,C-0812,Sindh,Fashion,Online,Easypaisa,1,6381.68,4806.19,1575.49,False
PK-2024-00904,2024-07-08,C-0409,Punjab,Groceries,In-Store,JazzCash,4,33097.05,25375.61,7721.44,False
PK-2024-01176,2024-07-08,C-0598,Islamabad,Groceries,Online,Cash on Delivery,4,67702.68,51405.01,16297.67,False
PK-2024-01038,2024-07-08,C-0238,Punjab,Beauty & Personal Care,Mobile App,Easypaisa,1,12036.81,9897.31,2139.5,False
PK-2024-00185,2024-07-08,C-0529,Punjab,Groceries,Wholesale,Cash on Delivery,2,34156.38,26838.8,7317.58,False
PK-2024-02458,2024-07-08,C-0551,Punjab,Others,Online,Card,3,49952.96,36333.97,13618.99,False
PK-2024-01762,2024-07-08,C-0175,KPK,Electronics,Online,Cash on Delivery,1,11174.55,9068.24,2106.3,False
PK-2024-00079,2024-07-09,C-0838,Islamabad,Electronics,In-Store,Cash on Delivery,4,44134.8,35216.69,8918.11,False
PK-2024-01102,2024-07-09,C-0795,Sindh,Home & Living,Online,Card,1,13071.0,10359.31,2711.69,False
PK-2024-01083,2024-07-09,C-0175,Punjab,Fashion,Online,Cash on Delivery,4,33151.53,25060.25,8091.28,False
PK-2024-02183,2024-07-09,C-0818,KPK,Electronics,Online,JazzCash,4,39593.34,30218.66,9374.67,False
PK-2024-02140,2024-07-09,C-0337,Sindh,Home & Living,Online,Card,4,54792.31,46700.42,8091.88,False
PK-2024-00923,2024-07-09,C-0018,Sindh,Groceries,Online,Card,3,27426.08,21630.05,5796.03,False
PK-2024-01000,2024-07-10,C-0598,Sindh,Groceries,In-Store,Card,2,41069.19,33464.9,7604.29,False
PK-2024-00975,2024-07-10,C-0373,Balochistan,Others,Online,JazzCash,3,40808.33,33004.46,7803.86,False
PK-2024-01116,2024-07-10,C-0209,Punjab,Electronics,Online,JazzCash,2,13719.8,10614.5,3105.3,False
PK-2024-02030,2024-07-10,C-0450,Sindh,Home & Living,Online,Card,3,28034.34,21579.15,6455.19,False
PK-2024-02305,2024-07-10,C-0318,KPK,Fashion,In-Store,Easypaisa,2,8659.67,7186.92,1472.75,False
PK-2024-00468,2024-07-10,C-0610,Sindh,Fashion,Wholesale,JazzCash,4,66860.77,49578.11,17282.66,False
PK-2024-02261,2024-07-10,C-0306,Balochistan,Electronics,Mobile App,JazzCash,2,30131.88,23588.57,6543.31,False
PK-2024-01731,2024-07-10,C-0197,Sindh,Fashion,Online,Card,3,29468.02,22028.49,7439.52,False
PK-2024-01256,2024-07-10,C-0773,KPK,Home & Living,Mobile App,Card,4,33861.37,28519.98,5341.39,False
PK-2024-00164,2024-07-10,C-0373,Islamabad,Home & Living,Online,Easypaisa,4,21029.52,16227.15,4802.37,False
PK-2024-00125,2024-07-11,C-0858,Punjab,Fashion,Online,Cash on Delivery,1,6105.32,4912.51,1192.81,False
PK-2024-02188,2024-07-11,C-0439,KPK,Electronics,Online,Card,1,6610.76,5260.12,1350.64,False
PK-2024-00220,2024-07-11,C-0116,Punjab,Groceries,Online,Card,4,31681.0,25662.72,6018.28,False
PK-2024-02295,2024-07-11,C-0295,Punjab,Groceries,In-Store,Card,2,29503.13,23447.1,6056.02,False
PK-2024-02120,2024-07-11,C-0520,Punjab,Sports,In-Store,Easypaisa,1,14927.03,11519.32,3407.72,False
PK-2024-00504,2024-07-11,C-0567,Punjab,Others,Online,Easypaisa,2,20350.43,16038.78,4311.65,False
PK-2024-01603,2024-07-11,C-0632,Islamabad,Fashion,Online,Easypaisa,4,59757.16,47093.73,12663.43,False
PK-2024-02106,2024-07-11,C-0884,KPK,Fashion,In-Store,JazzCash,3,25212.18,19813.61,5398.57,False
PK-2024-01332,2024-07-12,C-0082,Punjab,Fashion,Mobile App,JazzCash,2,13352.78,10843.05,2509.72,False
PK-2024-01367,2024-07-12,C-0840,Punjab,Home & Living,Online,JazzCash,1,7235.1,6038.27,1196.83,False
PK-2024-01806,2024-07-12,C-0236,KPK,Fashion,In-Store,Card,1,10335.66,8181.08,2154.58,False
PK-2024-01967,2024-07-12,C-0259,Punjab,Fashion,Wholesale,JazzCash,1,18702.96,14406.15,4296.81,False
PK-2024-01584,2024-07-12,C-0751,Sindh,Fashion,Online,Cash on Delivery,2,9734.29,7586.53,2147.75,False
PK-2024-00017,2024-07-12,C-0227,Punjab,Electronics,Online,Easypaisa,3,26805.29,20903.63,5901.65,False
PK-2024-02388,2024-07-12,C-0710,Sindh,Home & Living,Online,Card,2,30211.38,24515.21,5696.17,False
PK-2024-01912,2024-07-12,C-0026,Islamabad,Beauty & Personal Care,Online,Easypaisa,2,13585.08,11750.96,1834.12,False
PK-2024-00281,2024-07-12,C-0580,Islamabad,Electronics,Online,Cash on Delivery,1,13348.24,9659.62,3688.62,False
PK-2024-00537,2024-07-13,C-0762,Punjab,Sports,In-Store,Card,1,7555.14,5777.39,1777.75,False
PK-2024-01049,2024-07-13,C-0249,Balochistan,Fashion,Mobile App,Card,2,26389.81,20842.52,5547.3,False
PK-2024-00571,2024-07-13,C-0638,Punjab,Fashion,Online,Cash on Delivery,4,47918.97,36272.63,11646.34,False
PK-2024-00892,2024-07-13,C-0021,KPK,Electronics,In-Store,JazzCash,4,32223.28,26320.98,5902.3,True
PK-2024-01928,2024-07-13,C-0297,Islamabad,Home & Living,In-Store,Cash on Delivery,4,30775.99,22513.63,8262.35,False
PK-2024-00641,2024-07-13,C-0571,KPK,Home & Living,Online,Easypaisa,4,56429.77,44881.31,11548.45,False
PK-2024-01219,2024-07-13,C-0565,Punjab,Groceries,Online,JazzCash,2,17708.37,14381.35,3327.03,False
PK-2024-01613,2024-07-14,C-0508,Islamabad,Home & Living,Online,Card,1,17052.85,13088.74,3964.11,False
PK-2024-02235,2024-07-14,C-0271,Punjab,Fashion,Online,JazzCash,1,4200.33,3321.84,878.5,False
PK-2024-01005,2024-07-14,C-0300,Balochistan,Home & Living,In-Store,Card,1,16011.22,12036.43,3974.79,False
PK-2024-01060,2024-07-14,C-0311,Sindh,Home & Living,Online,Card,2,14781.22,10989.8,3791.42,False
PK-2024-01858,2024-07-14,C-0637,Punjab,Electronics,Mobile App,Card,4,20823.51,16263.35,4560.16,False
PK-2024-01350,2024-07-14,C-0133,Punjab,Home & Living,In-Store,Card,1,14834.62,11308.16,3526.46,False
PK-2024-02477,2024-07-14,C-0495,Sindh,Home & Living,Online,Cash on Delivery,4,49950.32,39238.75,10711.57,False
PK-2024-01988,2024-07-14,C-0013,Punjab,Electronics,Online,Cash on Delivery,1,19124.15,13527.4,5596.76,False
PK-2024-02125,2024-07-14,C-0762,Balochistan,Fashion,Mobile App,Cash on Delivery,4,29217.61,22192.22,7025.39,False
PK-2024-00269,2024-07-14,C-0821,Islamabad,Fashion,Online,Easypaisa,4,35352.02,25070.54,10281.48,False
PK-2024-00283,2024-07-15,C-0752,Islamabad,Groceries,Online,Easypaisa,4,17086.44,13032.31,4054.13,False
PK-2024-00399,2024-07-15,C-0382,Sindh,Groceries,In-Store,Card,3,21736.93,18262.48,3474.45,False
PK-2024-01202,2024-07-15,C-0744,KPK,Electronics,Online,Cash on Delivery,2,39157.61,29054.35,10103.26,False
PK-2024-00487,2024-07-16,C-0537,Sindh,Groceries,Wholesale,Easypaisa,2,48290.4,38851.94,9438.46,True
PK-2024-02211,2024-07-16,C-0135,Punjab,Fashion,Online,JazzCash,2,14727.22,11523.78,3203.43,False
PK-2024-00574,2024-07-16,C-0443,KPK,Sports,Online,Card,1,22648.62,17609.17,5039.45,False
PK-2024-00286,2024-07-17,C-0423,Punjab,Groceries,Online,Card,2,25841.17,20040.39,5800.78,False
PK-2024-01598,2024-07-17,C-0684,Islamabad,Fashion,Online,Easypaisa,3,31048.77,23906.56,7142.21,False
PK-2024-01136,2024-07-17,C-0590,Sindh,Groceries,Online,JazzCash,1,10284.97,7996.09,2288.88,False
PK-2024-02052,2024-07-17,C-0738,Punjab,Fashion,Mobile App,JazzCash,2,30895.5,22661.11,8234.38,True
PK-2024-02255,2024-07-17,C-0038,KPK,Fashion,Online,Card,2,18727.1,14094.93,4632.17,False
PK-2024-00651,2024-07-17,C-0130,Punjab,Beauty & Personal Care,In-Store,JazzCash,3,49592.2,38148.41,11443.79,False
PK-2024-00535,2024-07-18,C-0156,Sindh,Home & Living,Online,Cash on Delivery,1,5707.0,4645.87,1061.13,False
PK-2024-02208,2024-07-18,C-0069,Punjab,Electronics,Mobile App,Card,1,14404.3,11556.53,2847.77,False
PK-2024-00137,2024-07-18,C-0753,Sindh,Home & Living,Online,Cash on Delivery,1,14381.52,11903.8,2477.73,False
PK-2024-02015,2024-07-18,C-0273,Punjab,Groceries,Online,Card,3,73745.48,53759.94,19985.54,False
PK-2024-02413,2024-07-19,C-0406,KPK,Electronics,Online,Card,2,29415.97,24123.12,5292.85,False
PK-2024-00798,2024-07-19,C-0836,KPK,Beauty & Personal Care,Online,Card,4,31073.07,23275.7,7797.38,False
PK-2024-02018,2024-07-19,C-0890,Balochistan,Electronics,Online,JazzCash,2,23123.83,18674.99,4448.85,False
PK-2024-01477,2024-07-19,C-0030,Punjab,Beauty & Personal Care,Online,Card,1,15607.57,12898.68,2708.89,False
PK-2024-01926,2024-07-20,C-0313,Punjab,Home & Living,In-Store,Cash on Delivery,2,23807.57,18810.02,4997.55,False
PK-2024-01481,2024-07-20,C-0753,Punjab,Electronics,Online,JazzCash,3,17771.47,14760.91,3010.56,False
PK-2024-02057,2024-07-20,C-0044,Punjab,Electronics,Online,Cash on Delivery,4,51302.04,37460.72,13841.31,False
PK-2024-00232,2024-07-20,C-0613,Punjab,Electronics,In-Store,Cash on Delivery,4,31886.53,25140.53,6745.99,False
PK-2024-00406,2024-07-20,C-0799,Punjab,Fashion,In-Store,Cash on Delivery,2,10452.98,7358.74,3094.23,False
PK-2024-00876,2024-07-20,C-0799,Punjab,Home & Living,In-Store,Card,3,18356.64,14202.97,4153.67,False
PK-2024-00872,2024-07-21,C-0242,Punjab,Beauty & Personal Care,Online,JazzCash,2,21607.46,16294.91,5312.55,False
PK-2024-00261,2024-07-21,C-0557,KPK,Electronics,In-Store,Cash on Delivery,3,29564.62,22420.93,7143.68,False
PK-2024-00154,2024-07-21,C-0565,Sindh,Beauty & Personal Care,Mobile App,Cash on Delivery,3,41959.32,33801.07,8158.24,True
PK-2024-00359,2024-07-21,C-0237,Sindh,Sports,In-Store,Easypaisa,2,19243.49,15438.38,3805.11,False
PK-2024-01976,2024-07-21,C-0519,Sindh,Electronics,Online,Card,3,42506.25,33873.71,8632.54,False
PK-2024-00299,2024-07-21,C-0725,Punjab,Home & Living,Online,Easypaisa,1,7011.92,5778.32,1233.6,False
PK-2024-00201,2024-07-21,C-0822,Sindh,Fashion,Online,Cash on Delivery,3,34693.46,27770.23,6923.23,False
PK-2024-00823,2024-07-21,C-0496,Punjab,Beauty & Personal Care,Online,Cash on Delivery,1,11465.01,9023.48,2441.53,False
PK-2024-01854,2024-07-21,C-0191,Punjab,Fashion,Wholesale,Cash on Delivery,2,22955.41,17571.75,5383.66,False
PK-2024-00208,2024-07-22,C-0836,Punjab,Groceries,Wholesale,Cash on Delivery,1,9085.92,7010.56,2075.36,False
PK-2024-00547,2024-07-22,C-0433,Sindh,Home & Living,Online,Card,3,20041.65,15028.31,5013.34,False
PK-2024-01903,2024-07-22,C-0607,Islamabad,Electronics,In-Store,Card,3,42414.74,34503.02,7911.72,False
PK-2024-01813,2024-07-22,C-0450,Punjab,Groceries,In-Store,Card,1,9295.59,7645.37,1650.21,False
PK-2024-02152,2024-07-22,C-0251,Punjab,Groceries,In-Store,Easypaisa,1,10891.29,8484.76,2406.52,False
PK-2024-00897,2024-07-22,C-0308,Sindh,Groceries,In-Store,Card,4,37118.64,30660.03,6458.61,False
PK-2024-02027,2024-07-23,C-0873,Punjab,Electronics,Wholesale,Easypaisa,1,10881.38,8279.36,2602.01,False
PK-2024-01624,2024-07-23,C-0261,KPK,Sports,Mobile App,JazzCash,2,26227.07,20255.0,5972.07,False
PK-2024-02467,2024-07-24,C-0359,KPK,Electronics,Mobile App,Card,2,21481.08,17460.99,4020.08,False
PK-2024-00528,2024-07-24,C-0186,Punjab,Sports,Online,Card,3,31706.84,24042.36,7664.48,False
PK-2024-02049,2024-07-24,C-0626,Islamabad,Others,Mobile App,Card,3,81251.68,61314.93,19936.75,False
PK-2024-00576,2024-07-24,C-0508,Islamabad,Fashion,Online,Card,4,26028.77,19459.53,6569.25,False
PK-2024-01144,2024-07-24,C-0159,Sindh,Electronics,Online,Easypaisa,3,54579.39,42642.3,11937.09,False
PK-2024-01422,2024-07-24,C-0036,Punjab,Home & Living,Mobile App,Card,2,35219.56,29395.2,5824.35,False
PK-2024-00476,2024-07-25,C-0402,Islamabad,Electronics,Mobile App,JazzCash,2,19951.26,16229.71,3721.55,False
PK-2024-00955,2024-07-25,C-0587,Punjab,Beauty & Personal Care,Online,Card,1,5477.28,4038.29,1438.99,False
PK-2024-01421,2024-07-25,C-0443,Punjab,Electronics,In-Store,Easypaisa,4,33393.71,27201.21,6192.5,False
PK-2024-01727,2024-07-25,C-0175,Islamabad,Home & Living,Mobile App,Card,2,15780.36,12618.41,3161.94,False
PK-2024-01948,2024-07-25,C-0245,Punjab,Fashion,In-Store,Easypaisa,2,14724.08,11188.02,3536.05,False
PK-2024-01210,2024-07-25,C-0117,Punjab,Sports,In-Store,Cash on Delivery,3,30020.41,22387.28,7633.13,False
PK-2024-01933,2024-07-25,C-0619,Islamabad,Beauty & Personal Care,Online,Card,1,13244.28,10082.28,3162.0,False
PK-2024-01329,2024-07-25,C-0128,Punjab,Beauty & Personal Care,Online,Cash on Delivery,4,26890.0,22387.56,4502.44,False
PK-2024-01994,2024-07-26,C-0184,Balochistan,Home & Living,Mobile App,Cash on Delivery,1,12434.17,11025.36,1408.81,False
PK-2024-00951,2024-07-26,C-0609,KPK,Fashion,Mobile App,Card,3,20284.01,16736.92,3547.09,False
PK-2024-00377,2024-07-26,C-0209,Islamabad,Fashion,Online,Easypaisa,4,23180.55,19532.49,3648.07,False
PK-2024-02265,2024-07-26,C-0877,Sindh,Groceries,In-Store,JazzCash,2,21041.78,17521.49,3520.28,False
PK-2024-01844,2024-07-26,C-0289,Punjab,Fashion,Wholesale,Cash on Delivery,3,64732.77,52210.17,12522.6,False
PK-2024-01493,2024-07-26,C-0110,Punjab,Sports,In-Store,Card,1,17124.48,13629.18,3495.3,False
PK-2024-01549,2024-07-27,C-0277,Punjab,Fashion,Wholesale,Cash on Delivery,2,18613.06,14731.03,3882.04,False
PK-2024-00280,2024-07-27,C-0152,Sindh,Beauty & Personal Care,Online,Card,1,19462.23,14675.92,4786.31,False
PK-2024-01123,2024-07-27,C-0539,Punjab,Groceries,In-Store,Card,2,21394.82,15414.23,5980.59,False
PK-2024-00483,2024-07-28,C-0507,Punjab,Beauty & Personal Care,In-Store,Easypaisa,1,7944.06,5725.49,2218.57,False
PK-2024-00607,2024-07-28,C-0329,Sindh,Beauty & Personal Care,Online,Easypaisa,1,12694.47,9981.3,2713.18,False
PK-2024-00274,2024-07-28,C-0362,Balochistan,Groceries,Wholesale,Card,1,16573.99,13296.59,3277.4,False
PK-2024-00550,2024-07-28,C-0825,Sindh,Electronics,In-Store,Cash on Delivery,3,48225.24,38878.91,9346.33,False
PK-2024-00349,2024-07-28,C-0811,Sindh,Fashion,Online,Card,2,20658.84,14956.92,5701.92,False
PK-2024-01984,2024-07-28,C-0194,Punjab,Electronics,Wholesale,Card,2,22310.2,16918.22,5391.98,True
PK-2024-02082,2024-07-28,C-0092,Sindh,Groceries,In-Store,Card,1,14374.88,10987.99,3386.88,False
PK-2024-00167,2024-07-28,C-0637,Balochistan,Fashion,Wholesale,Card,3,29537.18,22151.92,7385.26,False
PK-2024-02409,2024-07-28,C-0662,Balochistan,Electronics,Mobile App,JazzCash,4,21657.59,16938.36,4719.23,False
PK-2024-02421,2024-07-28,C-0806,Islamabad,Groceries,Online,Cash on Delivery,4,48534.13,37292.94,11241.19,False
PK-2024-01260,2024-07-29,C-0700,Sindh,Fashion,Online,Easypaisa,1,6976.29,5295.62,1680.66,False
PK-2024-01409,2024-07-29,C-0728,Punjab,Electronics,Online,JazzCash,1,9915.39,8502.92,1412.47,False
PK-2024-01266,2024-07-29,C-0268,Punjab,Fashion,Online,Card,2,19413.25,14699.29,4713.96,False
PK-2024-01299,2024-07-29,C-0819,Punjab,Home & Living,Mobile App,Card,2,28762.71,22410.1,6352.61,False
PK-2024-00168,2024-07-29,C-0204,Punjab,Sports,Online,Card,3,24113.25,17425.08,6688.18,False
PK-2024-01424,2024-07-30,C-0239,Islamabad,Home & Living,In-Store,Card,2,18302.42,14246.56,4055.85,False
PK-2024-00922,2024-07-30,C-0531,Punjab,Electronics,In-Store,JazzCash,2,11943.38,8999.64,2943.74,False
PK-2024-02003,2024-07-30,C-0426,Punjab,Home & Living,In-Store,Card,1,9285.11,7245.88,2039.23,False
PK-2024-00903,2024-07-30,C-0644,Sindh,Fashion,Online,Easypaisa,4,28784.93,24251.91,4533.01,False
PK-2024-00279,2024-07-30,C-0449,Sindh,Fashion,Online,Card,2,20609.87,15179.91,5429.96,False
PK-2024-02080,2024-07-30,C-0311,KPK,Others,In-Store,JazzCash,1,7104.37,5348.93,1755.44,False
PK-2024-02075,2024-07-30,C-0225,KPK,Home & Living,Online,Card,1,12909.04,9955.46,2953.58,True
PK-2024-01815,2024-07-30,C-0651,Punjab,Home & Living,Mobile App,Easypaisa,1,13232.56,9399.11,3833.44,False
PK-2024-02470,2024-07-31,C-0809,Punjab,Electronics,Mobile App,Cash on Delivery,1,10878.38,8569.26,2309.12,False
PK-2024-02326,2024-07-31,C-0107,Sindh,Home & Living,Mobile App,Card,1,12221.37,9351.52,2869.86,False
PK-2024-01799,2024-07-31,C-0328,Punjab,Groceries,Mobile App,Easypaisa,4,30243.16,23964.04,6279.12,False
PK-2024-01608,2024-07-31,C-0514,Punjab,Groceries,Online,JazzCash,1,11766.55,8788.13,2978.42,False
PK-2024-00450,2024-08-01,C-0313,Islamabad,Electronics,Online,Card,3,23634.01,17894.43,5739.58,False
PK-2024-01821,2024-08-01,C-0514,KPK,Beauty & Personal Care,Mobile App,Cash on Delivery,1,10341.39,7237.19,3104.2,False
PK-2024-01670,2024-08-01,C-0459,Sindh,Fashion,Mobile App,Easypaisa,2,16999.01,12899.39,4099.62,False
PK-2024-02121,2024-08-01,C-0652,KPK,Fashion,Mobile App,JazzCash,2,19670.65,15386.99,4283.66,False
PK-2024-00519,2024-08-02,C-0640,Sindh,Electronics,In-Store,Cash on Delivery,4,71133.45,55052.39,16081.06,False
PK-2024-02178,2024-08-02,C-0318,Punjab,Electronics,Online,Easypaisa,3,46476.51,33707.15,12769.37,False
PK-2024-02296,2024-08-02,C-0847,Punjab,Electronics,Online,Easypaisa,2,17971.43,13723.11,4248.32,False
PK-2024-00780,2024-08-02,C-0670,Punjab,Fashion,Wholesale,Easypaisa,4,38266.96,29303.96,8963.0,False
PK-2024-01338,2024-08-03,C-0595,Islamabad,Beauty & Personal Care,Online,Card,4,21650.9,16938.06,4712.84,False
PK-2024-00366,2024-08-03,C-0803,Punjab,Groceries,Wholesale,Card,3,35549.93,28960.82,6589.11,False
PK-2024-01468,2024-08-03,C-0038,KPK,Home & Living,Mobile App,JazzCash,1,9989.15,7426.14,2563.01,False
PK-2024-00303,2024-08-03,C-0357,Punjab,Electronics,Online,JazzCash,3,32532.57,23948.19,8584.38,False
PK-2024-00573,2024-08-03,C-0210,Punjab,Groceries,In-Store,Cash on Delivery,1,9954.31,7927.96,2026.35,False
PK-2024-00724,2024-08-03,C-0862,Sindh,Groceries,Online,Card,3,38800.37,30863.84,7936.53,False
PK-2024-01599,2024-08-03,C-0881,Punjab,Fashion,Wholesale,Cash on Delivery,1,10455.09,8265.48,2189.61,False
PK-2024-00993,2024-08-03,C-0114,Sindh,Beauty & Personal Care,Online,Card,3,29501.35,23917.18,5584.16,False
PK-2024-01767,2024-08-03,C-0426,Sindh,Fashion,Mobile App,Card,3,26866.25,20401.48,6464.77,False
PK-2024-02010,2024-08-03,C-0494,Punjab,Fashion,Online,Card,1,7440.76,6160.91,1279.86,False
PK-2024-01074,2024-08-04,C-0303,Sindh,Beauty & Personal Care,In-Store,Card,2,15810.31,12008.37,3801.94,False
PK-2024-01034,2024-08-04,C-0026,Islamabad,Home & Living,Online,JazzCash,1,28392.53,23519.19,4873.34,False
PK-2024-00676,2024-08-04,C-0875,Punjab,Fashion,Online,Cash on Delivery,2,18913.37,15040.48,3872.89,False
PK-2024-01037,2024-08-04,C-0819,KPK,Home & Living,In-Store,JazzCash,1,11296.09,8346.51,2949.58,False
PK-2024-01459,2024-08-04,C-0170,Punjab,Beauty & Personal Care,In-Store,JazzCash,3,23086.55,17319.88,5766.67,False
PK-2024-01616,2024-08-04,C-0299,Islamabad,Beauty & Personal Care,Online,Card,1,6296.56,4901.92,1394.65,False
PK-2024-00082,2024-08-04,C-0210,Punjab,Beauty & Personal Care,Online,Cash on Delivery,2,17544.08,12401.37,5142.72,False
PK-2024-00174,2024-08-04,C-0696,Balochistan,Fashion,Online,Easypaisa,1,5580.94,4419.17,1161.77,False
PK-2024-01411,2024-08-04,C-0657,Punjab,Electronics,Online,Cash on Delivery,2,14519.73,11675.28,2844.45,False
PK-2024-00696,2024-08-05,C-0404,Punjab,Beauty & Personal Care,In-Store,Card,3,40463.6,30906.79,9556.81,False
PK-2024-01434,2024-08-05,C-0220,Islamabad,Groceries,In-Store,Cash on Delivery,4,55361.69,41767.62,13594.08,False
PK-2024-02463,2024-08-05,C-0295,Islamabad,Electronics,Mobile App,Card,3,29811.8,24721.69,5090.1,False
PK-2024-00054,2024-08-05,C-0850,Punjab,Electronics,In-Store,JazzCash,3,37315.9,30497.7,6818.2,False
PK-2024-01199,2024-08-05,C-0537,KPK,Electronics,Online,Easypaisa,3,40542.37,31946.92,8595.46,False
PK-2024-00953,2024-08-05,C-0198,Balochistan,Fashion,In-Store,Cash on Delivery,2,12450.73,9455.36,2995.37,False
PK-2024-00549,2024-08-05,C-0535,Punjab,Sports,In-Store,Card,1,17072.29,12992.07,4080.22,False
PK-2024-01773,2024-08-05,C-0181,Punjab,Others,Wholesale,Easypaisa,2,21514.12,16662.63,4851.49,False
PK-2024-01137,2024-08-05,C-0820,Punjab,Electronics,Online,Card,2,17025.05,13345.88,3679.17,False
PK-2024-01484,2024-08-06,C-0336,KPK,Others,Online,Card,1,30723.27,23359.22,7364.05,False
PK-2024-01865,2024-08-06,C-0886,Balochistan,Electronics,Mobile App,Easypaisa,3,24267.81,18749.61,5518.2,True
PK-2024-00839,2024-08-06,C-0863,Sindh,Sports,Online,JazzCash,3,34159.53,26531.05,7628.48,False
PK-2024-01711,2024-08-06,C-0030,KPK,Electronics,Online,JazzCash,4,55270.2,42504.26,12765.94,False
PK-2024-01627,2024-08-06,C-0312,KPK,Electronics,Mobile App,JazzCash,2,16668.17,12165.66,4502.52,False
PK-2024-01076,2024-08-06,C-0760,Punjab,Home & Living,Online,JazzCash,3,29970.44,23822.57,6147.87,False
PK-2024-00262,2024-08-06,C-0799,KPK,Beauty & Personal Care,Online,Card,1,13644.27,10748.05,2896.22,False
PK-2024-00410,2024-08-06,C-0644,Punjab,Electronics,Mobile App,Cash on Delivery,1,20915.13,16492.37,4422.76,False
PK-2024-00486,2024-08-06,C-0880,Punjab,Beauty & Personal Care,Mobile App,Card,3,47487.68,38660.03,8827.65,False
PK-2024-00770,2024-08-07,C-0031,Sindh,Beauty & Personal Care,Wholesale,Card,1,7709.29,5887.3,1821.98,False
PK-2024-00979,2024-08-07,C-0753,Sindh,Electronics,In-Store,JazzCash,4,67637.54,55655.15,11982.38,False
PK-2024-01271,2024-08-08,C-0339,Sindh,Fashion,Wholesale,Easypaisa,3,42010.36,28940.85,13069.51,True
PK-2024-02168,2024-08-08,C-0669,Islamabad,Fashion,Online,JazzCash,2,21944.57,16983.71,4960.86,False
PK-2024-01542,2024-08-08,C-0142,Islamabad,Fashion,Online,Card,4,36577.61,28100.65,8476.95,False
PK-2024-01783,2024-08-08,C-0403,Sindh,Beauty & Personal Care,Online,JazzCash,4,44808.56,35758.88,9049.68,False
PK-2024-01238,2024-08-08,C-0617,Sindh,Groceries,Mobile App,Easypaisa,4,44003.79,34651.86,9351.93,False
PK-2024-02204,2024-08-08,C-0884,Punjab,Home & Living,Online,Cash on Delivery,4,67457.04,48833.75,18623.29,False
PK-2024-02473,2024-08-08,C-0418,Punjab,Home & Living,In-Store,Easypaisa,3,28320.03,22888.86,5431.17,False
PK-2024-00070,2024-08-08,C-0724,Punjab,Home & Living,In-Store,JazzCash,1,12495.24,9762.79,2732.45,False
PK-2024-00499,2024-08-08,C-0496,Islamabad,Beauty & Personal Care,Online,Cash on Delivery,2,16905.66,13563.51,3342.15,False
PK-2024-01995,2024-08-08,C-0699,Punjab,Electronics,Mobile App,JazzCash,4,74607.69,57029.25,17578.44,False
PK-2024-00752,2024-08-08,C-0861,Sindh,Beauty & Personal Care,Mobile App,Card,3,18416.67,14464.02,3952.66,False
PK-2024-01394,2024-08-08,C-0164,KPK,Electronics,Online,Card,4,47412.33,35026.08,12386.25,False
PK-2024-02151,2024-08-09,C-0276,KPK,Home & Living,Online,Card,3,16456.47,12125.82,4330.65,False
PK-2024-01781,2024-08-09,C-0559,Sindh,Home & Living,In-Store,Cash on Delivery,4,43407.18,34034.53,9372.64,False
PK-2024-02323,2024-08-09,C-0467,KPK,Electronics,Mobile App,JazzCash,1,18254.94,15170.97,3083.97,False
PK-2024-00311,2024-08-09,C-0522,KPK,Electronics,Mobile App,Card,2,17337.59,14955.78,2381.81,False
PK-2024-02134,2024-08-09,C-0778,KPK,Electronics,In-Store,JazzCash,4,37514.09,27829.03,9685.07,False
PK-2024-00052,2024-08-09,C-0084,Punjab,Home & Living,In-Store,Easypaisa,4,29686.83,22759.94,6926.88,False
PK-2024-01949,2024-08-09,C-0576,Punjab,Beauty & Personal Care,In-Store,Card,3,28269.89,21944.86,6325.03,False
PK-2024-01457,2024-08-09,C-0081,Punjab,Fashion,Online,Cash on Delivery,1,13134.66,10148.59,2986.07,False
PK-2024-02232,2024-08-09,C-0515,Sindh,Home & Living,Online,Cash on Delivery,1,11660.47,9650.88,2009.59,False
PK-2024-01759,2024-08-10,C-0064,Punjab,Electronics,Online,Card,1,6463.7,5036.5,1427.2,False
PK-2024-01432,2024-08-10,C-0290,Punjab,Fashion,Wholesale,Card,3,54547.26,41473.97,13073.29,False
PK-2024-00382,2024-08-10,C-0468,Balochistan,Groceries,In-Store,Card,1,25648.82,21281.03,4367.78,False
PK-2024-01720,2024-08-10,C-0757,Punjab,Home & Living,In-Store,JazzCash,1,7490.59,5752.85,1737.74,False
PK-2024-01365,2024-08-10,C-0232,Punjab,Fashion,Mobile App,Card,2,16858.95,13802.01,3056.94,False
PK-2024-01506,2024-08-10,C-0555,Balochistan,Fashion,Online,Card,3,23914.15,18061.1,5853.04,False
PK-2024-01859,2024-08-10,C-0014,Sindh,Electronics,Online,Easypaisa,2,26712.25,19509.13,7203.12,False
PK-2024-01026,2024-08-10,C-0187,Balochistan,Home & Living,In-Store,Easypaisa,1,14660.92,11976.22,2684.7,False
PK-2024-02224,2024-08-11,C-0403,Sindh,Electronics,Online,Card,1,11139.66,9084.53,2055.13,False
PK-2024-01503,2024-08-11,C-0010,KPK,Beauty & Personal Care,Online,Card,4,38492.43,30181.44,8310.99,False
PK-2024-00046,2024-08-11,C-0329,Balochistan,Home & Living,In-Store,Card,1,11121.9,8265.99,2855.9,False
PK-2024-02340,2024-08-11,C-0011,Islamabad,Groceries,Online,JazzCash,4,97825.08,75111.71,22713.37,False
PK-2024-01491,2024-08-11,C-0633,Sindh,Electronics,Online,Cash on Delivery,2,18307.38,12953.78,5353.6,False
PK-2024-01189,2024-08-11,C-0387,KPK,Others,Online,Easypaisa,1,21581.24,17302.19,4279.04,False
PK-2024-00100,2024-08-11,C-0699,Punjab,Beauty & Personal Care,Online,JazzCash,1,11723.07,9833.51,1889.56,False
PK-2024-02124,2024-08-11,C-0097,Punjab,Sports,Online,Easypaisa,4,41036.23,34351.69,6684.54,False
PK-2024-01875,2024-08-12,C-0883,Punjab,Groceries,In-Store,Card,3,29571.86,21689.53,7882.33,False
PK-2024-00918,2024-08-12,C-0669,KPK,Others,Online,Cash on Delivery,2,59086.64,49554.54,9532.1,False
PK-2024-01870,2024-08-12,C-0368,Punjab,Groceries,Mobile App,Cash on Delivery,3,19182.4,15006.51,4175.89,False
PK-2024-01685,2024-08-12,C-0628,Punjab,Beauty & Personal Care,Wholesale,Card,3,35390.05,26986.69,8403.36,False
PK-2024-00580,2024-08-12,C-0006,Sindh,Electronics,Mobile App,Card,1,20749.6,16736.11,4013.49,False
PK-2024-00364,2024-08-12,C-0212,Punjab,Home & Living,Online,Card,1,15335.43,12573.99,2761.43,False
PK-2024-01788,2024-08-12,C-0182,KPK,Beauty & Personal Care,In-Store,Card,2,20542.1,14878.92,5663.18,False
PK-2024-00725,2024-08-12,C-0550,Punjab,Fashion,Online,Cash on Delivery,4,27229.56,21230.84,5998.71,False
PK-2024-01742,2024-08-12,C-0061,Punjab,Fashion,In-Store,Easypaisa,1,6814.36,5288.19,1526.18,False
PK-2024-01051,2024-08-12,C-0835,Balochistan,Home & Living,In-Store,JazzCash,2,18642.85,15304.49,3338.35,False
PK-2024-00541,2024-08-13,C-0485,Islamabad,Electronics,Mobile App,JazzCash,1,15058.81,11459.86,3598.95,False
PK-2024-00900,2024-08-13,C-0528,Punjab,Home & Living,Online,Cash on Delivery,4,70849.75,56629.25,14220.5,False
PK-2024-01966,2024-08-13,C-0777,Islamabad,Fashion,Online,Cash on Delivery,1,13011.76,10667.18,2344.58,False
PK-2024-02290,2024-08-13,C-0824,Sindh,Fashion,Online,JazzCash,3,33984.49,26946.82,7037.67,False
PK-2024-01322,2024-08-13,C-0240,Sindh,Electronics,Mobile App,JazzCash,4,39158.68,30613.26,8545.42,False
PK-2024-02147,2024-08-13,C-0695,KPK,Beauty & Personal Care,Online,JazzCash,1,7008.65,5407.54,1601.11,False
PK-2024-00203,2024-08-13,C-0722,Islamabad,Beauty & Personal Care,Online,Card,3,34938.7,27776.13,7162.57,False
PK-2024-02300,2024-08-13,C-0062,Islamabad,Fashion,In-Store,Easypaisa,3,14112.74,10431.07,3681.67,False
PK-2024-01707,2024-08-14,C-0584,KPK,Fashion,Online,Card,1,8204.87,6308.82,1896.04,False
PK-2024-00748,2024-08-14,C-0233,Punjab,Sports,Mobile App,Card,2,20041.51,14782.6,5258.91,False
PK-2024-00056,2024-08-14,C-0503,Punjab,Beauty & Personal Care,Online,Card,4,54039.82,42865.49,11174.33,False
PK-2024-01423,2024-08-14,C-0356,Punjab,Electronics,Mobile App,Card,2,14885.32,12450.28,2435.03,False
PK-2024-02138,2024-08-14,C-0335,Punjab,Electronics,Online,Easypaisa,4,29605.33,21654.07,7951.25,False
PK-2024-01223,2024-08-14,C-0334,Punjab,Electronics,Wholesale,JazzCash,3,22196.89,16564.31,5632.58,False
PK-2024-01308,2024-08-14,C-0313,Sindh,Electronics,Online,Easypaisa,3,18438.81,13712.18,4726.63,False
PK-2024-01541,2024-08-15,C-0438,Islamabad,Home & Living,Online,Card,3,21396.0,15826.0,5570.0,True
PK-2024-01439,2024-08-15,C-0356,KPK,Electronics,Online,Card,3,35430.72,26877.73,8552.99,False
PK-2024-00659,2024-08-15,C-0616,Punjab,Groceries,Online,Cash on Delivery,2,39261.28,31487.56,7773.72,False
PK-2024-01672,2024-08-15,C-0705,KPK,Electronics,Online,Card,2,11461.42,9623.38,1838.04,False
PK-2024-02223,2024-08-15,C-0772,Islamabad,Groceries,Online,JazzCash,4,29932.97,25134.34,4798.63,False
PK-2024-02293,2024-08-15,C-0814,Sindh,Home & Living,Online,Card,1,19792.74,15361.87,4430.87,False
PK-2024-02215,2024-08-15,C-0797,Balochistan,Electronics,Mobile App,Easypaisa,2,14971.27,11251.8,3719.47,False
PK-2024-00147,2024-08-15,C-0252,Punjab,Fashion,Online,Card,1,7825.88,5462.97,2362.91,True
PK-2024-02336,2024-08-16,C-0185,KPK,Fashion,Online,Cash on Delivery,3,32553.96,26290.07,6263.89,False
PK-2024-01438,2024-08-16,C-0725,Sindh,Beauty & Personal Care,In-Store,Card,1,8412.6,6868.78,1543.82,False
PK-2024-02113,2024-08-16,C-0113,Sindh,Electronics,Online,Card,3,47229.02,39813.71,7415.31,False
PK-2024-01569,2024-08-16,C-0592,Punjab,Fashion,Online,Card,3,27155.64,20897.48,6258.15,False
PK-2024-00434,2024-08-16,C-0665,Punjab,Fashion,In-Store,JazzCash,1,4900.71,4079.27,821.44,False
PK-2024-02014,2024-08-16,C-0827,Punjab,Fashion,In-Store,Card,3,20028.17,15957.43,4070.74,False
PK-2024-02037,2024-08-16,C-0874,Punjab,Fashion,Mobile App,Card,4,40705.7,30264.13,10441.57,False
PK-2024-00868,2024-08-17,C-0334,Sindh,Groceries,Online,Cash on Delivery,1,16960.78,13050.98,3909.8,False
PK-2024-01425,2024-08-17,C-0103,Sindh,Groceries,Mobile App,Easypaisa,2,12605.97,9578.99,3026.98,False
PK-2024-00144,2024-08-17,C-0648,Sindh,Electronics,Mobile App,Easypaisa,4,24840.63,20236.23,4604.4,False
PK-2024-01847,2024-08-17,C-0579,Sindh,Fashion,Mobile App,Card,2,41046.77,30245.74,10801.03,False
PK-2024-01833,2024-08-17,C-0343,Punjab,Electronics,Online,Easypaisa,4,60637.21,48023.9,12613.31,False
PK-2024-00870,2024-08-17,C-0792,Punjab,Beauty & Personal Care,In-Store,Card,2,22767.71,17066.79,5700.92,False
PK-2024-00300,2024-08-17,C-0019,Punjab,Electronics,Wholesale,Cash on Delivery,3,21058.72,16028.71,5030.01,False
PK-2024-02122,2024-08-18,C-0116,Punjab,Electronics,Wholesale,Card,1,12814.83,10329.62,2485.21,False
PK-2024-01576,2024-08-18,C-0534,Sindh,Groceries,In-Store,Cash on Delivery,4,70747.08,57049.2,13697.88,False
PK-2024-02480,2024-08-18,C-0425,Sindh,Beauty & Personal Care,Online,Easypaisa,3,29324.53,23651.02,5673.51,False
PK-2024-00228,2024-08-18,C-0396,Punjab,Home & Living,Online,JazzCash,4,59727.33,47638.86,12088.47,False
PK-2024-00818,2024-08-18,C-0031,KPK,Beauty & Personal Care,Online,Card,2,20932.41,15102.63,5829.78,False
PK-2024-02386,2024-08-19,C-0336,KPK,Beauty & Personal Care,Mobile App,Cash on Delivery,2,29712.66,23742.59,5970.07,False
PK-2024-01205,2024-08-19,C-0683,Islamabad,Electronics,Mobile App,JazzCash,2,18678.18,13888.37,4789.81,False
PK-2024-00101,2024-08-19,C-0009,Punjab,Home & Living,In-Store,Cash on Delivery,4,28754.99,21741.86,7013.13,False
PK-2024-02022,2024-08-19,C-0230,Sindh,Groceries,Mobile App,JazzCash,4,49034.41,37578.91,11455.5,False
PK-2024-01849,2024-08-19,C-0506,KPK,Others,In-Store,Cash on Delivery,3,25408.01,19688.98,5719.03,False
PK-2024-01126,2024-08-20,C-0322,Punjab,Home & Living,Online,JazzCash,2,18704.8,14332.43,4372.37,False
PK-2024-00883,2024-08-20,C-0017,Punjab,Groceries,Online,Easypaisa,2,22269.84,15960.32,6309.52,False
PK-2024-00078,2024-08-20,C-0193,Punjab,Fashion,Online,Easypaisa,1,12038.01,9578.57,2459.44,False
PK-2024-01911,2024-08-20,C-0712,Punjab,Sports,Online,Card,4,87989.56,69849.44,18140.12,False
PK-2024-01637,2024-08-20,C-0178,Islamabad,Electronics,In-Store,Card,2,17293.35,12821.4,4471.94,False
PK-2024-00784,2024-08-20,C-0790,Punjab,Beauty & Personal Care,Mobile App,Easypaisa,2,14719.5,11467.01,3252.49,False
PK-2024-01276,2024-08-20,C-0094,Balochistan,Beauty & Personal Care,In-Store,Card,3,30076.37,23590.26,6486.11,False
PK-2024-00392,2024-08-20,C-0856,Sindh,Electronics,In-Store,Cash on Delivery,3,36462.9,28178.08,8284.82,False
PK-2024-02041,2024-08-20,C-0451,Punjab,Electronics,Online,Easypaisa,4,21208.48,15305.72,5902.76,True
PK-2024-00088,2024-08-21,C-0512,Punjab,Beauty & Personal Care,In-Store,Card,4,57951.82,48023.53,9928.29,False
PK-2024-01535,2024-08-21,C-0609,Islamabad,Electronics,Mobile App,Cash on Delivery,2,23074.65,18375.8,4698.85,False
PK-2024-01526,2024-08-21,C-0682,Balochistan,Electronics,Wholesale,Easypaisa,2,54699.93,39702.01,14997.92,False
PK-2024-01081,2024-08-21,C-0105,KPK,Fashion,Online,Card,2,20895.21,16456.56,4438.65,False
PK-2024-00020,2024-08-21,C-0516,Sindh,Electronics,Online,Card,4,37041.86,27097.46,9944.4,False
PK-2024-00134,2024-08-21,C-0675,KPK,Others,Wholesale,Card,2,46706.97,36969.35,9737.63,False
PK-2024-02009,2024-08-21,C-0210,Sindh,Home & Living,Mobile App,Cash on Delivery,2,28555.37,22340.99,6214.38,False
PK-2024-02398,2024-08-21,C-0476,Islamabad,Groceries,Online,Easypaisa,2,20889.07,16782.5,4106.57,True
PK-2024-02289,2024-08-21,C-0446,Punjab,Electronics,Online,Card,2,12721.66,9938.32,2783.34,False
PK-2024-00730,2024-08-21,C-0096,Punjab,Electronics,Online,Cash on Delivery,2,51084.76,39806.08,11278.68,False
PK-2024-01937,2024-08-22,C-0176,KPK,Groceries,Mobile App,Cash on Delivery,2,12195.13,8812.78,3382.35,False
PK-2024-01787,2024-08-22,C-0339,Punjab,Groceries,Mobile App,Cash on Delivery,1,8898.93,7473.41,1425.52,False
PK-2024-02165,2024-08-22,C-0303,Punjab,Electronics,In-Store,Card,1,14812.74,10866.08,3946.66,False
PK-2024-00047,2024-08-22,C-0008,Punjab,Beauty & Personal Care,Mobile App,Cash on Delivery,4,77067.92,58948.21,18119.71,False
PK-2024-02436,2024-08-22,C-0569,Balochistan,Fashion,In-Store,Card,4,38317.47,31607.6,6709.86,False
PK-2024-01530,2024-08-22,C-0167,KPK,Groceries,Mobile App,Card,2,21907.8,17955.79,3952.0,False
PK-2024-01561,2024-08-22,C-0723,KPK,Beauty & Personal Care,Online,Card,3,28963.8,22153.65,6810.15,False
PK-2024-02092,2024-08-23,C-0792,Islamabad,Electronics,Online,Card,2,16847.12,13493.45,3353.68,False
PK-2024-01085,2024-08-23,C-0008,Punjab,Home & Living,Mobile App,Card,4,35002.45,27433.71,7568.74,False
PK-2024-01134,2024-08-23,C-0660,Balochistan,Sports,Online,Easypaisa,3,55003.04,43921.39,11081.65,False
PK-2024-01168,2024-08-23,C-0581,Sindh,Sports,Mobile App,Easypaisa,4,74080.72,56003.87,18076.85,False
PK-2024-01979,2024-08-23,C-0399,KPK,Beauty & Personal Care,Online,Easypaisa,1,7632.69,5878.99,1753.7,False
PK-2024-00877,2024-08-23,C-0090,Punjab,Electronics,Online,Cash on Delivery,1,9368.2,7381.72,1986.48,True
PK-2024-02056,2024-08-23,C-0731,Sindh,Electronics,In-Store,JazzCash,2,24551.63,19327.19,5224.44,False
PK-2024-01518,2024-08-23,C-0311,Sindh,Fashion,Mobile App,Card,4,86384.18,64263.1,22121.08,False
PK-2024-01511,2024-08-23,C-0180,Sindh,Electronics,Wholesale,Card,1,17901.28,14175.91,3725.37,False
PK-2024-01286,2024-08-23,C-0538,Punjab,Fashion,Online,Cash on Delivery,4,58564.93,42653.88,15911.04,False
PK-2024-01277,2024-08-24,C-0082,Punjab,Sports,In-Store,Card,3,46548.66,37591.44,8957.22,True
PK-2024-02071,2024-08-24,C-0604,Punjab,Electronics,Mobile App,JazzCash,1,2232.02,1630.59,601.43,False
PK-2024-02476,2024-08-24,C-0788,Balochistan,Groceries,Online,Card,1,5620.97,4163.82,1457.15,False
PK-2024-00290,2024-08-24,C-0602,Punjab,Beauty & Personal Care,In-Store,Card,2,27998.58,23109.82,4888.76,False
PK-2024-01934,2024-08-24,C-0140,Punjab,Fashion,In-Store,Easypaisa,1,19195.51,14844.38,4351.13,False
PK-2024-01449,2024-08-24,C-0137,Sindh,Electronics,In-Store,Cash on Delivery,1,11212.26,8899.49,2312.77,False
PK-2024-02402,2024-08-24,C-0583,Sindh,Electronics,Online,JazzCash,3,27063.47,20684.38,6379.1,False
PK-2024-01973,2024-08-24,C-0509,Punjab,Electronics,Online,Cash on Delivery,3,56652.11,42578.2,14073.9,False
PK-2024-02189,2024-08-24,C-0213,Sindh,Electronics,Online,JazzCash,4,71335.72,56010.58,15325.14,True
PK-2024-01611,2024-08-24,C-0007,Punjab,Beauty & Personal Care,Mobile App,Cash on Delivery,4,37230.85,29142.95,8087.9,False
PK-2024-02230,2024-08-25,C-0260,Sindh,Electronics,Online,Easypaisa,1,11125.32,9279.69,1845.63,False
PK-2024-01927,2024-08-25,C-0019,Punjab,Home & Living,Online,Card,3,32868.08,25150.68,7717.4,False
PK-2024-00687,2024-08-25,C-0295,Punjab,Beauty & Personal Care,Mobile App,Cash on Delivery,2,20217.47,16062.12,4155.35,False
PK-2024-02174,2024-08-25,C-0029,Sindh,Electronics,Online,Card,1,7516.72,5644.94,1871.79,False
PK-2024-00791,2024-08-25,C-0260,Punjab,Others,Wholesale,Cash on Delivery,4,87395.35,71555.6,15839.75,False
PK-2024-02176,2024-08-25,C-0808,Punjab,Sports,Mobile App,Card,3,59936.63,42798.13,17138.5,False
PK-2024-02090,2024-08-25,C-0815,Balochistan,Fashion,Wholesale,Easypaisa,1,5322.33,4087.4,1234.93,False
PK-2024-00330,2024-08-25,C-0081,KPK,Sports,In-Store,Card,3,38659.16,29692.24,8966.92,False
PK-2024-01061,2024-08-25,C-0734,Balochistan,Beauty & Personal Care,In-Store,Card,2,19891.18,15637.82,4253.36,False
PK-2024-01582,2024-08-25,C-0560,KPK,Sports,In-Store,Cash on Delivery,2,21026.73,17314.41,3712.32,True
PK-2024-00165,2024-08-25,C-0102,KPK,Home & Living,In-Store,Card,4,65306.93,50379.1,14927.83,False
PK-2024-00291,2024-08-26,C-0499,Sindh,Fashion,Online,JazzCash,4,39480.86,29235.87,10245.0,False
PK-2024-02131,2024-08-26,C-0210,Balochistan,Others,Mobile App,Card,1,11857.5,8868.38,2989.12,False
PK-2024-01330,2024-08-26,C-0347,KPK,Groceries,Online,Easypaisa,2,12290.96,9029.2,3261.76,False
PK-2024-01479,2024-08-26,C-0462,Sindh,Fashion,Mobile App,Card,2,26547.05,20378.86,6168.19,False
PK-2024-00777,2024-08-26,C-0555,Balochistan,Electronics,Online,Card,2,17975.29,14743.58,3231.7,False
PK-2024-01832,2024-08-26,C-0821,Sindh,Electronics,Mobile App,Cash on Delivery,4,58296.82,47186.37,11110.45,False
PK-2024-01589,2024-08-27,C-0333,KPK,Fashion,Mobile App,Cash on Delivery,4,53186.54,41950.2,11236.33,False
PK-2024-01486,2024-08-27,C-0106,Punjab,Electronics,In-Store,Cash on Delivery,4,48184.34,35948.94,12235.4,False
PK-2024-01724,2024-08-27,C-0356,Islamabad,Home & Living,In-Store,Cash on Delivery,1,10066.27,8293.38,1772.88,False
PK-2024-02258,2024-08-27,C-0541,Balochistan,Home & Living,Online,Cash on Delivery,2,14061.1,11075.92,2985.18,False
PK-2024-00184,2024-08-27,C-0455,Balochistan,Fashion,In-Store,Easypaisa,4,38026.53,29377.34,8649.19,False
PK-2024-00646,2024-08-28,C-0653,Punjab,Electronics,Online,Cash on Delivery,3,40906.51,30951.72,9954.79,False
PK-2024-01644,2024-08-28,C-0115,Sindh,Groceries,Wholesale,Card,3,22193.68,17016.51,5177.17,False
PK-2024-01265,2024-08-28,C-0142,Islamabad,Groceries,Online,Card,4,20459.35,16280.28,4179.07,False
PK-2024-01895,2024-08-29,C-0593,Punjab,Home & Living,Mobile App,Card,2,15450.21,12072.11,3378.1,False
PK-2024-02001,2024-08-29,C-0353,Balochistan,Beauty & Personal Care,Online,JazzCash,2,10728.27,8342.91,2385.36,False
PK-2024-00481,2024-08-29,C-0497,Islamabad,Groceries,Online,Cash on Delivery,4,35217.0,26473.0,8744.0,False
PK-2024-01814,2024-08-29,C-0138,Sindh,Fashion,In-Store,Easypaisa,1,14531.79,11378.31,3153.49,False
PK-2024-02257,2024-08-29,C-0149,Islamabad,Electronics,Online,Card,4,41530.99,33580.06,7950.92,False
PK-2024-01914,2024-08-29,C-0407,Islamabad,Fashion,In-Store,Cash on Delivery,4,35596.28,29176.61,6419.67,False
PK-2024-00419,2024-08-30,C-0613,Sindh,Groceries,Wholesale,Easypaisa,1,15246.66,12257.44,2989.21,False
PK-2024-02141,2024-08-30,C-0417,Sindh,Fashion,Wholesale,Card,4,60609.88,46916.51,13693.36,False
PK-2024-00814,2024-08-30,C-0494,Balochistan,Groceries,In-Store,Cash on Delivery,3,37588.58,29022.96,8565.62,False
PK-2024-00332,2024-08-30,C-0545,Punjab,Electronics,In-Store,Easypaisa,1,6492.44,5363.02,1129.42,False
PK-2024-00972,2024-08-30,C-0549,Islamabad,Electronics,In-Store,JazzCash,4,31777.11,24532.91,7244.2,False
PK-2024-00490,2024-08-31,C-0292,Balochistan,Fashion,Online,Easypaisa,3,30428.3,24822.79,5605.5,False
PK-2024-01663,2024-08-31,C-0316,Sindh,Fashion,In-Store,Card,4,37415.56,27427.25,9988.32,False
PK-2024-01440,2024-08-31,C-0328,Punjab,Electronics,Wholesale,Easypaisa,3,43684.74,33823.94,9860.8,False
PK-2024-02401,2024-08-31,C-0398,Sindh,Sports,Online,Card,3,24439.6,19729.73,4709.87,False
PK-2024-01761,2024-08-31,C-0376,KPK,Beauty & Personal Care,Wholesale,JazzCash,1,13445.81,9926.75,3519.06,False
PK-2024-02288,2024-09-01,C-0503,Sindh,Electronics,Mobile App,Cash on Delivery,2,33521.07,27864.81,5656.26,False
PK-2024-01055,2024-09-01,C-0269,Sindh,Electronics,Online,Cash on Delivery,2,14314.07,11787.58,2526.49,False
PK-2024-00068,2024-09-01,C-0437,Islamabad,Others,Wholesale,Card,2,12088.79,9514.03,2574.76,False
PK-2024-02378,2024-09-01,C-0579,Islamabad,Fashion,In-Store,Cash on Delivery,1,6573.73,5517.82,1055.91,False
PK-2024-00430,2024-09-01,C-0723,Islamabad,Others,Online,Card,3,77820.9,64703.79,13117.11,False
PK-2024-00076,2024-09-01,C-0816,KPK,Home & Living,In-Store,Easypaisa,4,56666.27,43529.6,13136.67,False
PK-2024-02167,2024-09-01,C-0335,Sindh,Home & Living,Online,Cash on Delivery,1,15664.31,11774.89,3889.42,False
PK-2024-00648,2024-09-01,C-0609,Punjab,Home & Living,In-Store,Card,3,31493.09,24024.43,7468.66,False
PK-2024-01348,2024-09-02,C-0452,KPK,Electronics,Online,Easypaisa,4,19452.55,16630.65,2821.9,False
PK-2024-01678,2024-09-02,C-0549,Punjab,Beauty & Personal Care,Wholesale,Easypaisa,4,33819.96,26803.72,7016.24,False
PK-2024-00756,2024-09-02,C-0120,Islamabad,Groceries,Online,JazzCash,3,41447.28,31699.26,9748.02,False
PK-2024-00148,2024-09-02,C-0112,KPK,Groceries,Online,Easypaisa,3,29112.64,24657.8,4454.84,False
PK-2024-00992,2024-09-02,C-0248,Sindh,Home & Living,Wholesale,Card,3,27515.08,21334.41,6180.67,False
PK-2024-01029,2024-09-02,C-0309,Punjab,Electronics,Mobile App,Cash on Delivery,3,29146.93,21578.85,7568.07,False
PK-2024-01014,2024-09-02,C-0267,Islamabad,Sports,Online,Easypaisa,1,14424.71,11215.53,3209.18,False
PK-2024-00435,2024-09-02,C-0006,Balochistan,Beauty & Personal Care,In-Store,JazzCash,2,29472.84,22832.69,6640.15,False
PK-2024-02287,2024-09-02,C-0767,Punjab,Fashion,Wholesale,Easypaisa,4,47297.53,34807.31,12490.23,False
PK-2024-02434,2024-09-02,C-0450,Sindh,Home & Living,Online,Easypaisa,3,23877.72,18765.74,5111.98,False
PK-2024-02457,2024-09-02,C-0451,KPK,Electronics,In-Store,Card,2,17231.23,13430.35,3800.88,False
PK-2024-00485,2024-09-02,C-0479,Islamabad,Others,Online,JazzCash,2,16291.63,10985.2,5306.43,False
PK-2024-00492,2024-09-02,C-0625,Punjab,Home & Living,Online,Easypaisa,1,7340.08,6306.04,1034.04,False
PK-2024-00119,2024-09-02,C-0190,Punjab,Home & Living,In-Store,Easypaisa,1,15917.05,12368.18,3548.87,False
PK-2024-00139,2024-09-02,C-0361,Punjab,Sports,Mobile App,JazzCash,3,25090.31,20677.46,4412.85,False
PK-2024-00649,2024-09-03,C-0105,Punjab,Electronics,Online,Card,3,55382.25,41940.94,13441.31,False
PK-2024-01375,2024-09-03,C-0508,Punjab,Electronics,Online,Card,3,26366.2,20933.64,5432.57,False
PK-2024-01094,2024-09-03,C-0328,Sindh,Sports,Mobile App,Cash on Delivery,2,19637.79,15123.65,4514.14,False
PK-2024-01981,2024-09-03,C-0433,Sindh,Electronics,In-Store,JazzCash,4,46083.92,34165.01,11918.91,False
PK-2024-00569,2024-09-03,C-0554,Punjab,Electronics,In-Store,JazzCash,2,19197.61,14345.03,4852.58,False
PK-2024-01950,2024-09-03,C-0563,Sindh,Beauty & Personal Care,In-Store,Cash on Delivery,3,43579.71,36006.85,7572.86,False
PK-2024-00341,2024-09-03,C-0667,KPK,Electronics,Wholesale,Easypaisa,2,24877.46,19415.86,5461.6,False
PK-2024-00612,2024-09-04,C-0642,Sindh,Beauty & Personal Care,Online,Cash on Delivery,1,9621.92,7281.74,2340.18,False
PK-2024-00875,2024-09-04,C-0754,Islamabad,Electronics,In-Store,Cash on Delivery,4,41241.25,32889.18,8352.07,False
PK-2024-01809,2024-09-04,C-0098,Punjab,Electronics,Online,Easypaisa,3,31266.73,26020.03,5246.7,False
PK-2024-01668,2024-09-04,C-0838,Punjab,Groceries,Online,Cash on Delivery,1,13314.88,9524.39,3790.48,False
PK-2024-00838,2024-09-04,C-0797,Punjab,Beauty & Personal Care,Online,Card,2,32276.29,25730.77,6545.52,False
PK-2024-00426,2024-09-04,C-0451,Punjab,Home & Living,Mobile App,Cash on Delivery,2,18562.12,15259.5,3302.62,False
PK-2024-00539,2024-09-04,C-0735,Punjab,Fashion,Wholesale,Cash on Delivery,3,64319.42,54497.86,9821.56,False
PK-2024-01376,2024-09-05,C-0877,Sindh,Fashion,Mobile App,Card,1,8863.45,7362.27,1501.18,False
PK-2024-00439,2024-09-05,C-0480,Balochistan,Beauty & Personal Care,Mobile App,Cash on Delivery,3,50111.1,41456.71,8654.38,False
PK-2024-01482,2024-09-05,C-0368,Sindh,Others,Online,Card,4,87291.58,69874.33,17417.25,False
PK-2024-02312,2024-09-05,C-0056,Balochistan,Electronics,Mobile App,Cash on Delivery,2,22641.1,16903.01,5738.08,False
PK-2024-02374,2024-09-06,C-0410,KPK,Home & Living,In-Store,JazzCash,2,19384.27,14879.44,4504.83,False
PK-2024-00112,2024-09-06,C-0649,Punjab,Electronics,Online,Cash on Delivery,4,35181.29,26367.29,8814.0,False
PK-2024-02302,2024-09-06,C-0707,Punjab,Home & Living,Online,Easypaisa,4,50720.91,40083.17,10637.75,False
PK-2024-00758,2024-09-06,C-0208,Punjab,Home & Living,Online,Card,3,28987.63,24443.03,4544.6,False
PK-2024-01378,2024-09-06,C-0127,Punjab,Fashion,Online,Card,2,21849.93,17486.67,4363.27,False
PK-2024-00209,2024-09-06,C-0321,KPK,Beauty & Personal Care,In-Store,Cash on Delivery,4,31207.1,24822.67,6384.43,True
PK-2024-00166,2024-09-06,C-0556,Punjab,Beauty & Personal Care,In-Store,Cash on Delivery,4,31373.39,24372.19,7001.2,False
PK-2024-00246,2024-09-06,C-0860,Punjab,Others,Wholesale,JazzCash,2,22413.85,18860.76,3553.1,False
PK-2024-01825,2024-09-06,C-0550,Punjab,Electronics,Online,Card,4,84763.32,66325.66,18437.66,False
PK-2024-01454,2024-09-06,C-0526,Sindh,Fashion,Online,Easypaisa,4,45576.4,32738.65,12837.75,False
PK-2024-00155,2024-09-06,C-0340,Punjab,Groceries,Wholesale,Cash on Delivery,4,66825.06,51539.48,15285.58,False
PK-2024-01080,2024-09-07,C-0583,Punjab,Groceries,Wholesale,Easypaisa,1,18365.64,14233.48,4132.16,False
PK-2024-02067,2024-09-07,C-0617,Punjab,Others,Wholesale,Cash on Delivery,2,43938.65,32858.28,11080.36,False
PK-2024-00389,2024-09-07,C-0363,Sindh,Others,Online,Card,2,46199.88,36577.34,9622.54,False
PK-2024-00712,2024-09-07,C-0440,KPK,Fashion,Online,Easypaisa,1,12435.08,10000.25,2434.83,False
PK-2024-01293,2024-09-07,C-0462,Islamabad,Electronics,Mobile App,Cash on Delivery,3,70392.56,53086.36,17306.2,False
PK-2024-01225,2024-09-08,C-0030,Punjab,Groceries,Online,Cash on Delivery,4,49552.29,38020.13,11532.16,False
PK-2024-00564,2024-09-08,C-0530,Sindh,Electronics,In-Store,Cash on Delivery,1,13288.08,10527.22,2760.86,False
PK-2024-02128,2024-09-08,C-0500,Punjab,Others,Mobile App,Easypaisa,1,12981.95,9812.62,3169.33,False
PK-2024-00894,2024-09-08,C-0300,Balochistan,Home & Living,Online,Cash on Delivery,3,44645.77,33477.76,11168.0,False
PK-2024-01701,2024-09-08,C-0602,Sindh,Electronics,Wholesale,JazzCash,1,13049.39,10638.24,2411.15,False
PK-2024-01828,2024-09-08,C-0334,Punjab,Electronics,In-Store,Card,3,27618.77,21716.52,5902.25,False
PK-2024-01025,2024-09-08,C-0534,Punjab,Electronics,Mobile App,Cash on Delivery,3,38343.21,28684.11,9659.1,False
PK-2024-02308,2024-09-08,C-0641,Punjab,Electronics,Mobile App,JazzCash,4,42123.92,33387.44,8736.48,False
PK-2024-02416,2024-09-08,C-0262,Punjab,Beauty & Personal Care,Online,Card,3,40385.98,32520.74,7865.24,False
PK-2024-01998,2024-09-08,C-0728,KPK,Groceries,Online,Cash on Delivery,2,27186.4,22513.15,4673.25,False
PK-2024-02238,2024-09-09,C-0796,Punjab,Fashion,In-Store,Card,1,3241.78,2742.52,499.27,False
PK-2024-01453,2024-09-09,C-0782,Islamabad,Electronics,In-Store,Easypaisa,4,35165.98,25071.33,10094.65,False
PK-2024-01417,2024-09-09,C-0290,KPK,Electronics,Online,Card,3,43869.06,34492.55,9376.51,False
PK-2024-01567,2024-09-09,C-0302,Sindh,Electronics,In-Store,Card,4,30858.1,24774.26,6083.84,False
PK-2024-01192,2024-09-10,C-0725,KPK,Groceries,Online,Card,4,29099.42,22924.3,6175.12,False
PK-2024-00810,2024-09-10,C-0806,Balochistan,Groceries,In-Store,Card,4,50686.82,39685.45,11001.37,False
PK-2024-00460,2024-09-10,C-0197,Islamabad,Electronics,Mobile App,Easypaisa,3,48002.25,39017.03,8985.22,False
PK-2024-01474,2024-09-10,C-0069,KPK,Electronics,Online,Easypaisa,1,9742.61,7722.87,2019.73,False
PK-2024-02191,2024-09-10,C-0050,Punjab,Home & Living,In-Store,Easypaisa,2,18065.6,14360.42,3705.18,False
PK-2024-00452,2024-09-10,C-0089,Sindh,Electronics,Online,Cash on Delivery,2,19573.89,15413.35,4160.54,False
PK-2024-01204,2024-09-10,C-0743,Balochistan,Groceries,Wholesale,Card,3,54711.17,40357.83,14353.34,False
PK-2024-00179,2024-09-10,C-0535,Sindh,Fashion,Online,Easypaisa,4,41849.74,34701.9,7147.85,False
PK-2024-00319,2024-09-10,C-0183,Punjab,Fashion,Mobile App,Cash on Delivery,3,26270.5,19349.87,6920.63,False
PK-2024-00067,2024-09-10,C-0182,KPK,Home & Living,Online,Easypaisa,1,6524.84,5238.2,1286.64,False
PK-2024-00433,2024-09-11,C-0643,KPK,Fashion,Online,Easypaisa,1,4010.92,3065.95,944.97,False
PK-2024-00891,2024-09-11,C-0150,KPK,Groceries,Online,Card,1,7446.4,5803.14,1643.26,False
PK-2024-01565,2024-09-11,C-0753,Punjab,Electronics,Online,JazzCash,4,47417.41,36468.24,10949.18,False
PK-2024-00622,2024-09-11,C-0647,Punjab,Groceries,Online,Easypaisa,2,21657.08,15881.32,5775.75,False
PK-2024-01777,2024-09-11,C-0269,Punjab,Electronics,Online,Easypaisa,3,28255.94,21179.68,7076.25,False
PK-2024-02371,2024-09-11,C-0254,Punjab,Home & Living,Online,Card,1,13073.66,10776.27,2297.39,False
PK-2024-01807,2024-09-11,C-0322,KPK,Fashion,Online,Easypaisa,3,34240.89,27794.42,6446.48,False
PK-2024-02361,2024-09-12,C-0317,Islamabad,Home & Living,Online,Card,3,42095.54,34338.1,7757.44,False
PK-2024-01853,2024-09-12,C-0178,KPK,Fashion,In-Store,JazzCash,4,25514.72,20219.57,5295.15,False
PK-2024-01897,2024-09-12,C-0848,Punjab,Sports,Online,Easypaisa,2,20078.65,15620.4,4458.24,False
PK-2024-00688,2024-09-12,C-0284,Islamabad,Sports,Online,Cash on Delivery,1,12022.82,9030.69,2992.13,False
PK-2024-00685,2024-09-12,C-0655,Punjab,Electronics,Mobile App,Card,2,18109.69,14433.75,3675.94,False
PK-2024-02453,2024-09-12,C-0329,Punjab,Others,In-Store,Easypaisa,4,41738.19,30753.39,10984.8,False
PK-2024-00472,2024-09-12,C-0582,KPK,Home & Living,Wholesale,Easypaisa,1,11919.43,9062.27,2857.16,False
PK-2024-00131,2024-09-12,C-0164,Punjab,Electronics,Online,Easypaisa,4,39902.06,31057.65,8844.42,False
PK-2024-02383,2024-09-13,C-0217,Balochistan,Sports,Online,Card,3,55744.28,43362.61,12381.66,False
PK-2024-02334,2024-09-13,C-0178,Sindh,Sports,Online,Cash on Delivery,3,82288.88,63102.1,19186.78,False
PK-2024-00257,2024-09-13,C-0426,Punjab,Sports,In-Store,Card,4,34601.73,26033.08,8568.65,False
PK-2024-00394,2024-09-13,C-0795,Islamabad,Electronics,Mobile App,Card,4,77490.83,57656.75,19834.08,False
PK-2024-01433,2024-09-13,C-0776,Sindh,Electronics,Mobile App,Card,4,31292.83,24907.6,6385.23,False
PK-2024-01710,2024-09-13,C-0880,Islamabad,Electronics,In-Store,Easypaisa,4,34396.8,26237.56,8159.25,True
PK-2024-00110,2024-09-13,C-0616,Balochistan,Home & Living,Mobile App,Card,1,14236.86,10869.33,3367.54,False
PK-2024-01734,2024-09-14,C-0374,Sindh,Electronics,Mobile App,Easypaisa,3,27347.44,21272.94,6074.5,True
PK-2024-01233,2024-09-14,C-0122,KPK,Home & Living,Mobile App,Cash on Delivery,4,78867.25,62447.75,16419.5,True
PK-2024-01492,2024-09-14,C-0034,Sindh,Fashion,Mobile App,Easypaisa,3,33011.5,25845.76,7165.74,False
PK-2024-02339,2024-09-14,C-0414,Balochistan,Groceries,Online,Card,4,32064.12,25054.02,7010.1,False
PK-2024-01214,2024-09-14,C-0091,Balochistan,Sports,Mobile App,JazzCash,2,23706.4,19126.47,4579.93,False
PK-2024-01288,2024-09-14,C-0177,Sindh,Others,In-Store,Cash on Delivery,4,90824.24,74458.1,16366.13,False
PK-2024-00205,2024-09-14,C-0262,Islamabad,Electronics,In-Store,JazzCash,2,18404.86,14201.32,4203.54,False
PK-2024-00932,2024-09-14,C-0760,Sindh,Home & Living,In-Store,Cash on Delivery,1,11549.86,9788.89,1760.97,True
PK-2024-02213,2024-09-14,C-0470,Sindh,Beauty & Personal Care,Online,Card,3,52991.06,41374.1,11616.96,False
PK-2024-01641,2024-09-14,C-0148,KPK,Beauty & Personal Care,In-Store,Card,4,63631.4,48344.56,15286.84,False
PK-2024-01923,2024-09-14,C-0050,KPK,Fashion,Wholesale,Card,4,36586.21,28162.01,8424.2,False
PK-2024-02020,2024-09-14,C-0245,Punjab,Beauty & Personal Care,In-Store,Card,1,9839.23,7871.53,1967.69,False
PK-2024-01590,2024-09-15,C-0086,Balochistan,Beauty & Personal Care,Online,Card,1,10612.34,8234.22,2378.12,False
PK-2024-00084,2024-09-15,C-0696,Punjab,Electronics,Wholesale,Easypaisa,3,75086.33,57126.89,17959.44,False
PK-2024-00249,2024-09-15,C-0125,KPK,Home & Living,Online,Card,4,105311.25,85390.45,19920.8,False
PK-2024-02085,2024-09-15,C-0265,Punjab,Electronics,Online,Card,4,33182.45,26168.65,7013.8,False
PK-2024-00599,2024-09-15,C-0642,KPK,Electronics,Mobile App,Card,2,25985.12,19925.1,6060.02,False
PK-2024-02035,2024-09-15,C-0479,Sindh,Fashion,Mobile App,Easypaisa,3,24398.45,18844.3,5554.15,False
PK-2024-01864,2024-09-15,C-0472,KPK,Groceries,Online,Easypaisa,3,38799.48,28498.01,10301.46,False
PK-2024-02239,2024-09-15,C-0747,Punjab,Electronics,Mobile App,JazzCash,1,19377.58,15611.17,3766.41,False
PK-2024-02233,2024-09-15,C-0635,Sindh,Groceries,Online,Cash on Delivery,3,56026.5,43599.76,12426.73,False
PK-2024-01307,2024-09-15,C-0141,Islamabad,Electronics,In-Store,Card,1,13853.44,11328.27,2525.16,False
PK-2024-00906,2024-09-16,C-0862,KPK,Fashion,Mobile App,Cash on Delivery,1,6781.99,4904.21,1877.79,False
PK-2024-01509,2024-09-16,C-0838,Sindh,Beauty & Personal Care,Online,Easypaisa,3,14146.42,11835.0,2311.42,False
PK-2024-00592,2024-09-16,C-0708,Punjab,Electronics,Online,JazzCash,1,11425.83,8964.86,2460.97,False
PK-2024-02452,2024-09-16,C-0423,Punjab,Electronics,In-Store,Easypaisa,2,19978.83,14718.17,5260.65,True
PK-2024-00563,2024-09-16,C-0684,Punjab,Electronics,Online,Cash on Delivery,4,41368.6,31440.11,9928.49,False
PK-2024-01508,2024-09-16,C-0537,Punjab,Groceries,Mobile App,Card,3,31497.34,25290.24,6207.09,False
PK-2024-01120,2024-09-16,C-0363,Balochistan,Fashion,In-Store,Cash on Delivery,4,32306.53,25185.82,7120.71,False
PK-2024-02268,2024-09-16,C-0832,Islamabad,Fashion,Online,Card,3,24806.88,18202.08,6604.8,False
PK-2024-01122,2024-09-17,C-0854,Sindh,Home & Living,Online,JazzCash,4,37158.11,28671.09,8487.01,False
PK-2024-00324,2024-09-17,C-0151,Punjab,Home & Living,Online,Easypaisa,1,9229.81,6672.96,2556.85,False
PK-2024-01315,2024-09-17,C-0213,KPK,Fashion,Wholesale,Card,1,15558.72,12634.84,2923.88,False
PK-2024-00617,2024-09-17,C-0813,KPK,Electronics,In-Store,JazzCash,4,34404.41,25967.44,8436.96,False
PK-2024-01940,2024-09-17,C-0327,Islamabad,Groceries,In-Store,Easypaisa,1,9108.42,7174.62,1933.81,False
PK-2024-00689,2024-09-18,C-0202,Punjab,Home & Living,Mobile App,Card,3,31854.14,23476.63,8377.51,False
PK-2024-01640,2024-09-18,C-0036,KPK,Fashion,Online,JazzCash,4,61693.53,45991.24,15702.29,False
PK-2024-02446,2024-09-18,C-0536,Sindh,Electronics,In-Store,JazzCash,4,27986.31,22975.14,5011.18,False
PK-2024-00813,2024-09-18,C-0843,KPK,Beauty & Personal Care,In-Store,Easypaisa,2,17704.56,14134.11,3570.45,False
PK-2024-00793,2024-09-18,C-0364,Punjab,Home & Living,Wholesale,Card,2,20366.18,14729.42,5636.76,False
PK-2024-01852,2024-09-18,C-0035,Punjab,Fashion,Online,Cash on Delivery,2,17882.88,13333.82,4549.05,True
PK-2024-01091,2024-09-18,C-0098,Balochistan,Home & Living,In-Store,JazzCash,1,23643.27,20402.09,3241.18,False
PK-2024-02240,2024-09-18,C-0713,Punjab,Electronics,In-Store,Cash on Delivery,2,24741.82,21158.1,3583.72,False
PK-2024-01267,2024-09-18,C-0375,KPK,Sports,Mobile App,Card,4,44985.72,33086.46,11899.26,False
PK-2024-01671,2024-09-18,C-0428,Punjab,Electronics,Online,Easypaisa,4,55054.32,41887.91,13166.42,False
PK-2024-01782,2024-09-18,C-0487,Punjab,Home & Living,Mobile App,Easypaisa,4,38708.55,29680.13,9028.42,False
PK-2024-01784,2024-09-18,C-0695,Punjab,Fashion,In-Store,Card,3,32549.87,27046.43,5503.44,False
PK-2024-02000,2024-09-19,C-0456,Sindh,Home & Living,In-Store,Card,4,46270.62,35539.03,10731.58,False
PK-2024-01575,2024-09-19,C-0821,Sindh,Electronics,Online,Card,1,9668.7,7265.78,2402.91,False
PK-2024-01280,2024-09-19,C-0680,Punjab,Beauty & Personal Care,In-Store,Cash on Delivery,4,38792.55,30049.11,8743.44,False
PK-2024-01529,2024-09-19,C-0082,KPK,Electronics,In-Store,Card,2,25963.75,21433.03,4530.72,False
PK-2024-00952,2024-09-19,C-0338,Sindh,Groceries,Wholesale,Card,2,35806.54,28162.96,7643.58,False
PK-2024-01497,2024-09-19,C-0341,KPK,Groceries,Online,Easypaisa,2,20051.1,15024.2,5026.9,False
PK-2024-00812,2024-09-19,C-0659,Punjab,Groceries,Mobile App,Card,2,27047.62,20862.91,6184.71,False
PK-2024-00565,2024-09-19,C-0217,Balochistan,Electronics,Mobile App,Easypaisa,1,13400.62,10490.7,2909.92,False
PK-2024-00415,2024-09-19,C-0233,Islamabad,Home & Living,Online,Card,1,6480.95,5501.18,979.78,True
PK-2024-00126,2024-09-19,C-0295,Punjab,Home & Living,In-Store,Cash on Delivery,1,8527.39,6589.12,1938.27,False
PK-2024-01399,2024-09-19,C-0217,Punjab,Beauty & Personal Care,In-Store,JazzCash,2,23844.86,18525.36,5319.49,False
PK-2024-00586,2024-09-19,C-0586,Punjab,Home & Living,Mobile App,Easypaisa,3,36982.4,30935.3,6047.09,False
PK-2024-01785,2024-09-20,C-0665,Punjab,Fashion,Online,Cash on Delivery,3,32237.25,25947.99,6289.26,False
PK-2024-00295,2024-09-20,C-0458,Islamabad,Home & Living,Online,Easypaisa,1,7576.67,6057.96,1518.7,False
PK-2024-02101,2024-09-20,C-0323,KPK,Groceries,In-Store,JazzCash,3,35095.08,26994.58,8100.5,False
PK-2024-02465,2024-09-20,C-0587,Sindh,Home & Living,Online,Easypaisa,1,13429.82,11124.55,2305.26,False
PK-2024-01319,2024-09-20,C-0007,Punjab,Electronics,Online,Easypaisa,1,13588.78,10948.65,2640.13,False
PK-2024-00256,2024-09-21,C-0336,Sindh,Electronics,Mobile App,Card,3,24837.48,18185.69,6651.78,False
PK-2024-00200,2024-09-21,C-0373,Sindh,Others,Online,Card,4,74237.99,61923.15,12314.84,False
PK-2024-00621,2024-09-21,C-0153,KPK,Electronics,Online,Card,2,22597.45,18093.7,4503.75,False
PK-2024-00464,2024-09-21,C-0452,Sindh,Beauty & Personal Care,In-Store,Card,2,34427.51,27293.29,7134.22,False
PK-2024-02372,2024-09-21,C-0846,Punjab,Groceries,Online,Card,1,10708.23,7942.03,2766.2,False
PK-2024-00090,2024-09-21,C-0615,Punjab,Beauty & Personal Care,Online,Easypaisa,2,20175.59,15146.1,5029.49,False
PK-2024-00660,2024-09-21,C-0357,Sindh,Beauty & Personal Care,In-Store,Easypaisa,2,17723.78,13896.71,3827.07,False
PK-2024-00195,2024-09-21,C-0188,Sindh,Beauty & Personal Care,Online,JazzCash,3,26502.42,20358.68,6143.74,False
PK-2024-01811,2024-09-21,C-0168,Balochistan,Fashion,In-Store,JazzCash,4,47048.28,35768.51,11279.77,False
PK-2024-00699,2024-09-21,C-0474,Punjab,Electronics,Mobile App,Cash on Delivery,3,31815.31,25937.73,5877.57,False
PK-2024-02328,2024-09-21,C-0592,Balochistan,Beauty & Personal Care,In-Store,JazzCash,1,14328.82,11474.25,2854.57,False
PK-2024-02394,2024-09-21,C-0362,Sindh,Electronics,Online,Cash on Delivery,3,50541.46,40263.53,10277.93,False
PK-2024-00936,2024-09-21,C-0325,Sindh,Electronics,Wholesale,Card,1,13948.67,11118.29,2830.38,False
PK-2024-01693,2024-09-21,C-0194,Balochistan,Electronics,In-Store,Cash on Delivery,1,13425.6,10371.79,3053.81,False
PK-2024-02442,2024-09-21,C-0846,Punjab,Electronics,Mobile App,Cash on Delivery,4,25712.01,19693.82,6018.19,False
PK-2024-01222,2024-09-21,C-0304,Sindh,Home & Living,In-Store,JazzCash,2,15803.55,12740.82,3062.73,False
PK-2024-01130,2024-09-21,C-0253,Sindh,Home & Living,Online,Card,4,72804.24,60327.29,12476.96,False
PK-2024-01178,2024-09-21,C-0558,KPK,Electronics,In-Store,Card,4,43725.53,35484.87,8240.66,False
PK-2024-00815,2024-09-22,C-0057,Punjab,Electronics,Mobile App,Card,2,16651.81,12843.05,3808.77,False
PK-2024-01171,2024-09-22,C-0785,Punjab,Fashion,In-Store,JazzCash,4,43034.73,32252.66,10782.07,False
PK-2024-02086,2024-09-22,C-0566,Punjab,Electronics,Online,Cash on Delivery,4,31662.61,26476.42,5186.19,False
PK-2024-00314,2024-09-22,C-0311,KPK,Home & Living,Mobile App,JazzCash,1,7369.56,5844.11,1525.46,False
PK-2024-00719,2024-09-22,C-0565,Islamabad,Groceries,Mobile App,Easypaisa,4,31609.56,23894.4,7715.16,False
PK-2024-02181,2024-09-22,C-0395,KPK,Electronics,In-Store,Easypaisa,4,26582.23,19638.85,6943.38,False
PK-2024-00893,2024-09-23,C-0811,Punjab,Electronics,Mobile App,Card,4,53461.96,42570.67,10891.29,False
PK-2024-01487,2024-09-23,C-0778,Punjab,Home & Living,Online,Card,4,29430.66,23038.41,6392.25,False
PK-2024-00507,2024-09-23,C-0805,KPK,Beauty & Personal Care,In-Store,JazzCash,4,60783.26,46396.2,14387.06,False
PK-2024-00589,2024-09-23,C-0548,Sindh,Groceries,In-Store,Card,4,89620.09,70559.9,19060.19,False
PK-2024-00734,2024-09-23,C-0878,Punjab,Beauty & Personal Care,Mobile App,Card,1,8870.99,7233.07,1637.92,False
PK-2024-01033,2024-09-23,C-0116,Balochistan,Fashion,Online,Easypaisa,3,30753.59,25652.2,5101.38,False
PK-2024-00737,2024-09-23,C-0765,Islamabad,Groceries,Online,Easypaisa,1,10512.73,8344.32,2168.41,False
PK-2024-01956,2024-09-23,C-0312,Punjab,Fashion,Online,Easypaisa,3,31545.59,23618.89,7926.7,False
PK-2024-00968,2024-09-23,C-0450,Punjab,Home & Living,Online,Easypaisa,3,13221.44,10379.82,2841.62,False
PK-2024-00632,2024-09-23,C-0058,Punjab,Electronics,In-Store,Cash on Delivery,4,36465.8,30599.61,5866.19,False
PK-2024-00764,2024-09-23,C-0119,Balochistan,Fashion,In-Store,Card,1,6283.96,4845.42,1438.55,False
PK-2024-00623,2024-09-24,C-0118,Islamabad,Beauty & Personal Care,Online,Easypaisa,3,25098.99,19997.96,5101.02,False
PK-2024-02251,2024-09-24,C-0303,KPK,Electronics,Online,Cash on Delivery,3,20837.81,16531.99,4305.82,False
PK-2024-01540,2024-09-24,C-0205,KPK,Groceries,Online,Card,2,35797.98,26496.63,9301.35,False
PK-2024-02205,2024-09-24,C-0482,KPK,Electronics,Mobile App,Cash on Delivery,2,17478.65,14052.81,3425.83,False
PK-2024-01442,2024-09-24,C-0754,Punjab,Electronics,Mobile App,Easypaisa,3,19147.6,15357.67,3789.94,False
PK-2024-00577,2024-09-24,C-0513,Islamabad,Sports,In-Store,JazzCash,4,42985.87,32598.92,10386.95,False
PK-2024-02250,2024-09-24,C-0005,Punjab,Sports,In-Store,JazzCash,1,13480.12,11061.76,2418.36,False
PK-2024-01096,2024-09-24,C-0860,Punjab,Groceries,Mobile App,JazzCash,2,22243.62,17028.78,5214.84,False
PK-2024-00265,2024-09-24,C-0358,Balochistan,Fashion,Online,Cash on Delivery,1,12046.2,8961.03,3085.18,False
PK-2024-00040,2024-09-24,C-0722,Punjab,Home & Living,In-Store,Card,4,43388.65,36190.49,7198.15,False
PK-2024-00766,2024-09-25,C-0089,Punjab,Home & Living,Online,Cash on Delivery,1,8620.07,7034.45,1585.61,False
PK-2024-02262,2024-09-25,C-0245,Punjab,Fashion,Mobile App,Easypaisa,3,51356.32,37897.77,13458.55,False
PK-2024-01872,2024-09-25,C-0858,Punjab,Beauty & Personal Care,Online,Easypaisa,1,11884.03,8994.44,2889.59,False
PK-2024-00075,2024-09-25,C-0302,Punjab,Electronics,Online,Cash on Delivery,4,48610.27,40664.29,7945.98,False
PK-2024-00633,2024-09-25,C-0614,Punjab,Electronics,In-Store,Cash on Delivery,1,5099.01,4277.45,821.56,False
PK-2024-02419,2024-09-25,C-0368,Punjab,Others,Mobile App,Card,2,19227.52,15069.84,4157.68,False
PK-2024-00323,2024-09-25,C-0570,Punjab,Home & Living,In-Store,Card,4,30905.37,25268.56,5636.8,False
PK-2024-01564,2024-09-25,C-0013,Sindh,Home & Living,In-Store,Card,4,76004.26,61416.04,14588.22,False
PK-2024-00871,2024-09-25,C-0033,Punjab,Electronics,Online,Card,4,75711.9,55292.67,20419.23,False
PK-2024-00642,2024-09-25,C-0617,Sindh,Fashion,Wholesale,Card,4,63469.9,49849.64,13620.25,False
PK-2024-00964,2024-09-26,C-0206,Balochistan,Sports,Mobile App,Cash on Delivery,4,68034.36,53830.39,14203.97,False
PK-2024-01740,2024-09-26,C-0325,KPK,Home & Living,Mobile App,Easypaisa,2,28866.64,22345.46,6521.18,False
PK-2024-02209,2024-09-26,C-0164,Balochistan,Home & Living,In-Store,Easypaisa,2,8977.99,6857.6,2120.39,False
PK-2024-01119,2024-09-26,C-0072,Punjab,Electronics,Mobile App,Easypaisa,3,44079.9,33482.9,10597.01,False
PK-2024-00218,2024-09-26,C-0143,Punjab,Electronics,Online,Cash on Delivery,4,73802.25,56839.02,16963.23,False
PK-2024-00231,2024-09-26,C-0709,Punjab,Electronics,Mobile App,Card,2,15652.46,12187.5,3464.96,False
PK-2024-00852,2024-09-26,C-0478,KPK,Electronics,Mobile App,Cash on Delivery,1,5700.92,4342.46,1358.46,False
PK-2024-02455,2024-09-26,C-0416,KPK,Fashion,Mobile App,Cash on Delivery,2,23164.72,18971.83,4192.89,False
PK-2024-00774,2024-09-26,C-0222,Punjab,Electronics,Mobile App,JazzCash,2,10856.68,8313.09,2543.59,False
PK-2024-00938,2024-09-26,C-0309,Punjab,Groceries,Online,Easypaisa,1,8844.41,6200.87,2643.53,False
PK-2024-02358,2024-09-26,C-0108,Islamabad,Electronics,Online,Easypaisa,4,58088.43,44376.17,13712.26,False
PK-2024-01312,2024-09-27,C-0695,Sindh,Home & Living,Online,JazzCash,2,27560.58,20327.27,7233.31,False
PK-2024-01921,2024-09-27,C-0037,Sindh,Electronics,Online,Card,2,31181.35,24339.53,6841.82,False
PK-2024-00149,2024-09-27,C-0755,KPK,Electronics,In-Store,Card,2,15889.67,12317.3,3572.36,False
PK-2024-01612,2024-09-27,C-0339,Punjab,Home & Living,Online,Cash on Delivery,4,57886.14,42540.8,15345.34,False
PK-2024-00874,2024-09-27,C-0256,Sindh,Electronics,Online,JazzCash,1,8595.68,6356.59,2239.09,False
PK-2024-00717,2024-09-27,C-0855,KPK,Groceries,Online,Card,4,29455.45,22617.99,6837.46,False
PK-2024-01455,2024-09-28,C-0609,Punjab,Beauty & Personal Care,In-Store,Card,1,5984.2,4671.6,1312.59,False
PK-2024-01822,2024-09-28,C-0248,Islamabad,Electronics,Online,Cash on Delivery,2,25910.79,20373.14,5537.66,False
PK-2024-01971,2024-09-28,C-0713,Sindh,Beauty & Personal Care,Online,JazzCash,3,25655.96,20182.98,5472.98,False
PK-2024-00832,2024-09-28,C-0505,Balochistan,Beauty & Personal Care,Online,JazzCash,2,32420.36,24548.21,7872.16,False
PK-2024-00396,2024-09-28,C-0699,KPK,Electronics,Online,Easypaisa,2,15193.59,12922.44,2271.15,False
PK-2024-00227,2024-09-28,C-0626,KPK,Electronics,Online,Card,2,20363.71,15359.07,5004.64,False
PK-2024-01364,2024-09-28,C-0359,Punjab,Electronics,Online,Easypaisa,4,40679.91,32835.95,7843.96,False
PK-2024-02412,2024-09-28,C-0804,Punjab,Fashion,In-Store,Cash on Delivery,4,42083.38,33018.93,9064.45,False
PK-2024-01986,2024-09-29,C-0490,Sindh,Home & Living,Online,Card,4,29865.1,24909.77,4955.33,False
PK-2024-01591,2024-09-29,C-0543,Islamabad,Groceries,Online,JazzCash,3,45372.76,37153.35,8219.41,False
PK-2024-00287,2024-09-29,C-0466,Sindh,Groceries,Online,Card,1,8171.06,6289.07,1882.0,False
PK-2024-01622,2024-09-29,C-0783,Punjab,Beauty & Personal Care,Online,Cash on Delivery,3,17017.28,13224.64,3792.64,False
PK-2024-01257,2024-09-29,C-0059,Islamabad,Fashion,Mobile App,JazzCash,3,26805.34,22303.74,4501.59,False
PK-2024-00678,2024-09-29,C-0449,Punjab,Electronics,Online,Cash on Delivery,4,35572.61,27989.07,7583.53,False
PK-2024-02303,2024-09-29,C-0246,Sindh,Others,Online,Cash on Delivery,2,28567.95,20695.65,7872.31,False
PK-2024-01730,2024-09-29,C-0248,Balochistan,Home & Living,Online,Cash on Delivery,3,18522.6,14402.03,4120.57,False
PK-2024-00273,2024-09-30,C-0127,Sindh,Beauty & Personal Care,In-Store,Cash on Delivery,4,38395.89,29942.99,8452.9,False
PK-2024-01596,2024-09-30,C-0844,Sindh,Others,Mobile App,JazzCash,1,17977.29,14570.23,3407.06,False
PK-2024-01059,2024-09-30,C-0272,Punjab,Groceries,Online,Cash on Delivery,4,29949.77,23839.34,6110.42,False
PK-2024-01593,2024-09-30,C-0692,KPK,Electronics,Mobile App,Easypaisa,4,40126.16,29710.72,10415.44,False
PK-2024-00613,2024-09-30,C-0550,KPK,Fashion,Online,Cash on Delivery,1,15606.69,12005.14,3601.55,False
PK-2024-01079,2024-09-30,C-0081,Sindh,Electronics,Mobile App,Card,1,5070.93,3940.68,1130.25,False
PK-2024-01882,2024-10-01,C-0570,Islamabad,Electronics,Mobile App,Card,2,24094.89,19647.3,4447.59,False
PK-2024-01771,2024-10-01,C-0111,Balochistan,Groceries,Mobile App,Card,3,13755.62,10629.43,3126.2,False
PK-2024-01445,2024-10-01,C-0656,Punjab,Electronics,Online,Easypaisa,3,45137.8,34473.01,10664.78,False
PK-2024-00945,2024-10-02,C-0224,Punjab,Beauty & Personal Care,Mobile App,Easypaisa,3,45405.28,35060.82,10344.46,False
PK-2024-00879,2024-10-02,C-0067,Sindh,Fashion,Online,Cash on Delivery,1,16803.45,12164.23,4639.22,False
PK-2024-00853,2024-10-02,C-0033,Punjab,Fashion,Online,JazzCash,1,12228.58,10028.46,2200.11,False
PK-2024-01733,2024-10-02,C-0677,Balochistan,Others,Mobile App,Cash on Delivery,4,113522.97,91334.97,22188.0,False
PK-2024-00374,2024-10-02,C-0858,Islamabad,Electronics,Online,Card,1,7705.62,5960.19,1745.43,False
PK-2024-01581,2024-10-02,C-0605,KPK,Groceries,In-Store,Easypaisa,4,25136.3,19985.44,5150.86,False
PK-2024-01586,2024-10-03,C-0259,KPK,Beauty & Personal Care,In-Store,Card,1,7503.45,6555.99,947.45,False
PK-2024-02445,2024-10-03,C-0552,Islamabad,Beauty & Personal Care,Mobile App,Cash on Delivery,4,39400.7,31575.58,7825.12,False
PK-2024-00885,2024-10-03,C-0126,Sindh,Fashion,Mobile App,JazzCash,2,21496.16,15558.81,5937.35,False
PK-2024-00043,2024-10-03,C-0857,Punjab,Electronics,Mobile App,Easypaisa,4,28428.93,23208.58,5220.35,False
PK-2024-00532,2024-10-03,C-0244,Punjab,Electronics,Mobile App,Easypaisa,4,62246.88,51735.05,10511.84,False
PK-2024-00583,2024-10-03,C-0244,Balochistan,Beauty & Personal Care,Online,JazzCash,4,32909.7,27058.68,5851.02,False
PK-2024-01562,2024-10-03,C-0068,Balochistan,Beauty & Personal Care,Online,Easypaisa,2,11852.87,9704.67,2148.21,False
PK-2024-00005,2024-10-03,C-0429,Sindh,Home & Living,In-Store,Card,2,22066.93,17812.62,4254.31,False
PK-2024-01907,2024-10-03,C-0881,KPK,Fashion,Mobile App,Cash on Delivery,1,5764.3,4187.87,1576.43,False
PK-2024-01776,2024-10-04,C-0780,Islamabad,Electronics,Mobile App,Card,2,23117.92,17662.95,5454.96,False
PK-2024-00783,2024-10-04,C-0547,KPK,Fashion,Mobile App,Cash on Delivery,4,42528.82,33936.45,8592.37,False
PK-2024-01063,2024-10-04,C-0882,KPK,Electronics,In-Store,Card,1,10081.9,7720.57,2361.33,False
PK-2024-00833,2024-10-04,C-0336,Punjab,Groceries,Wholesale,Card,4,51028.4,42675.61,8352.79,False
PK-2024-01741,2024-10-04,C-0083,Sindh,Electronics,Mobile App,JazzCash,2,14261.13,11933.37,2327.76,False
PK-2024-01295,2024-10-05,C-0534,Punjab,Beauty & Personal Care,Wholesale,JazzCash,1,11587.29,9083.76,2503.53,False
PK-2024-01366,2024-10-05,C-0023,Sindh,Sports,Online,Easypaisa,1,20914.79,16131.71,4783.08,False
PK-2024-02182,2024-10-05,C-0746,Punjab,Electronics,Online,JazzCash,1,7339.57,5956.76,1382.82,True
PK-2024-00694,2024-10-05,C-0274,Islamabad,Electronics,Online,Card,3,44522.55,34693.76,9828.79,False
PK-2024-01697,2024-10-05,C-0102,KPK,Fashion,Online,JazzCash,1,11027.86,8560.68,2467.18,False
PK-2024-01261,2024-10-05,C-0674,Balochistan,Fashion,Online,Easypaisa,2,16916.21,12999.47,3916.73,False
PK-2024-01705,2024-10-05,C-0125,Balochistan,Home & Living,Online,Easypaisa,4,43283.64,33822.76,9460.88,False
PK-2024-00003,2024-10-05,C-0634,KPK,Groceries,Mobile App,Cash on Delivery,3,25322.85,17594.37,7728.49,False
PK-2024-00416,2024-10-05,C-0433,Punjab,Sports,Online,Cash on Delivery,2,38114.95,30645.28,7469.66,False
PK-2024-00542,2024-10-05,C-0115,Sindh,Electronics,Wholesale,Easypaisa,3,40581.25,34167.08,6414.17,False
PK-2024-00954,2024-10-05,C-0608,KPK,Electronics,In-Store,Card,2,24797.56,18499.9,6297.67,False
PK-2024-01546,2024-10-05,C-0036,Punjab,Electronics,Wholesale,Easypaisa,4,42712.69,33713.31,8999.38,False
PK-2024-00373,2024-10-06,C-0287,Balochistan,Groceries,Mobile App,Card,4,63408.2,55299.78,8108.42,False
PK-2024-00123,2024-10-06,C-0761,Balochistan,Electronics,Online,Card,4,30797.05,23202.18,7594.87,False
PK-2024-00355,2024-10-06,C-0173,Islamabad,Fashion,Wholesale,Card,1,14300.77,11108.47,3192.31,False
PK-2024-01667,2024-10-06,C-0129,Punjab,Beauty & Personal Care,Mobile App,Card,2,31121.39,23861.92,7259.47,False
PK-2024-00969,2024-10-06,C-0508,KPK,Fashion,Online,Cash on Delivery,1,11087.82,8342.05,2745.77,False
PK-2024-01057,2024-10-06,C-0510,Punjab,Beauty & Personal Care,Online,Easypaisa,3,19983.69,15304.8,4678.89,False
PK-2024-00072,2024-10-06,C-0328,KPK,Electronics,Online,Easypaisa,2,23680.48,18615.97,5064.51,False
PK-2024-00393,2024-10-06,C-0556,Punjab,Electronics,Online,Easypaisa,3,33662.22,26322.97,7339.25,False
PK-2024-00302,2024-10-06,C-0636,Punjab,Beauty & Personal Care,Online,Card,2,19516.85,16439.9,3076.95,False
PK-2024-01677,2024-10-06,C-0248,Punjab,Electronics,Mobile App,Cash on Delivery,4,70944.15,54258.49,16685.66,False
PK-2024-00196,2024-10-06,C-0849,Sindh,Sports,Online,Card,4,61378.44,49208.21,12170.23,False
PK-2024-01732,2024-10-07,C-0011,Punjab,Fashion,Online,Cash on Delivery,3,55889.24,44703.91,11185.34,False
PK-2024-01464,2024-10-07,C-0812,Punjab,Fashion,Online,Card,2,19880.45,15010.42,4870.04,False
PK-2024-01739,2024-10-07,C-0149,Sindh,Groceries,Mobile App,Card,1,20363.44,15438.12,4925.32,False
PK-2024-00991,2024-10-07,C-0670,KPK,Electronics,Online,Easypaisa,4,60688.6,46904.27,13784.33,False
PK-2024-01075,2024-10-07,C-0463,Islamabad,Fashion,Mobile App,Card,2,20556.17,15544.04,5012.14,False
PK-2024-01623,2024-10-07,C-0054,Islamabad,Fashion,In-Store,Cash on Delivery,2,12093.45,9283.35,2810.1,False
PK-2024-01018,2024-10-07,C-0494,Punjab,Electronics,Online,Card,2,32321.33,25939.01,6382.32,False
PK-2024-00690,2024-10-07,C-0447,Balochistan,Groceries,Online,Card,3,57188.35,42128.89,15059.46,True
PK-2024-01078,2024-10-07,C-0293,Punjab,Fashion,Online,Cash on Delivery,4,54278.22,44916.27,9361.96,False
PK-2024-01510,2024-10-07,C-0067,Punjab,Beauty & Personal Care,Online,Card,2,10630.65,8548.76,2081.89,False
PK-2024-01010,2024-10-07,C-0851,KPK,Groceries,Mobile App,Card,1,12921.03,10252.29,2668.74,False
PK-2024-00260,2024-10-07,C-0312,Punjab,Fashion,Online,Card,4,58527.6,44250.79,14276.81,False
PK-2024-01406,2024-10-07,C-0499,Sindh,Groceries,Online,Card,1,15829.34,13592.08,2237.25,False
PK-2024-00828,2024-10-08,C-0256,Punjab,Fashion,In-Store,Easypaisa,2,17259.47,13426.65,3832.82,True
PK-2024-01796,2024-10-08,C-0293,Sindh,Beauty & Personal Care,Online,JazzCash,1,14255.13,11141.37,3113.76,False
PK-2024-02367,2024-10-08,C-0508,Punjab,Electronics,Online,Cash on Delivery,2,18633.05,14813.54,3819.51,False
PK-2024-00994,2024-10-08,C-0714,Punjab,Home & Living,Online,Cash on Delivery,4,39356.14,28919.86,10436.29,False
PK-2024-00995,2024-10-08,C-0275,Islamabad,Fashion,Online,Easypaisa,4,25914.46,19286.94,6627.52,False
PK-2024-02454,2024-10-08,C-0803,KPK,Electronics,Wholesale,Card,4,45145.74,36003.69,9142.05,False
PK-2024-00869,2024-10-08,C-0890,Punjab,Home & Living,Online,Cash on Delivery,3,38715.37,31706.29,7009.08,False
PK-2024-01001,2024-10-08,C-0227,Punjab,Fashion,Online,JazzCash,1,10109.47,8433.76,1675.71,False
PK-2024-02078,2024-10-09,C-0698,Punjab,Electronics,Mobile App,Card,4,35420.94,29103.67,6317.27,False
PK-2024-00855,2024-10-09,C-0647,Punjab,Electronics,Online,Card,4,47759.75,38286.68,9473.06,True
PK-2024-00588,2024-10-09,C-0447,KPK,Home & Living,Online,Card,2,20267.23,16154.41,4112.81,False
PK-2024-02389,2024-10-09,C-0377,Punjab,Home & Living,Online,JazzCash,3,20055.61,16708.17,3347.43,False
PK-2024-01098,2024-10-09,C-0460,Sindh,Groceries,In-Store,Easypaisa,1,9951.9,7681.54,2270.36,False
PK-2024-00173,2024-10-09,C-0194,Sindh,Fashion,Mobile App,Card,4,36130.86,27152.03,8978.83,False
PK-2024-00526,2024-10-09,C-0427,Sindh,Home & Living,Online,Card,2,21181.33,16521.2,4660.13,False
PK-2024-00031,2024-10-09,C-0278,KPK,Sports,Online,Card,4,26443.53,18931.21,7512.32,False
PK-2024-01600,2024-10-09,C-0112,Islamabad,Home & Living,Online,Card,4,34995.17,26019.53,8975.64,False
PK-2024-00847,2024-10-10,C-0732,Punjab,Electronics,Mobile App,Cash on Delivery,3,28180.65,22781.37,5399.28,False
PK-2024-00915,2024-10-10,C-0279,Punjab,Groceries,Online,Card,3,34203.56,26426.96,7776.59,False
PK-2024-02345,2024-10-10,C-0335,KPK,Groceries,Online,Cash on Delivery,3,21239.7,17290.63,3949.07,False
PK-2024-01522,2024-10-10,C-0781,Punjab,Sports,Online,Cash on Delivery,3,20247.61,15076.14,5171.47,False
PK-2024-01169,2024-10-10,C-0174,Punjab,Beauty & Personal Care,Online,Card,1,11545.91,9832.1,1713.81,False
PK-2024-01342,2024-10-10,C-0324,KPK,Fashion,Mobile App,JazzCash,4,37875.32,29511.41,8363.91,False
PK-2024-01151,2024-10-10,C-0198,Balochistan,Sports,Online,Card,4,63238.68,46983.01,16255.67,False
PK-2024-02097,2024-10-10,C-0852,Punjab,Fashion,In-Store,Card,1,6646.95,5511.22,1135.72,False
PK-2024-00033,2024-10-10,C-0282,Punjab,Fashion,Mobile App,Card,3,36623.61,31216.2,5407.41,False
PK-2024-02244,2024-10-10,C-0309,Punjab,Beauty & Personal Care,Online,Easypaisa,2,17469.97,14133.24,3336.73,False
PK-2024-01635,2024-10-10,C-0567,Punjab,Sports,In-Store,Easypaisa,1,8527.68,6649.64,1878.04,False
PK-2024-01302,2024-10-11,C-0780,Sindh,Fashion,Mobile App,Cash on Delivery,2,37389.33,30627.45,6761.88,False
PK-2024-00026,2024-10-11,C-0367,Islamabad,Fashion,In-Store,Cash on Delivery,3,19773.41,15182.9,4590.52,False
PK-2024-00063,2024-10-11,C-0356,Punjab,Electronics,Mobile App,Card,2,26132.69,21135.98,4996.7,False
PK-2024-01435,2024-10-11,C-0102,KPK,Groceries,In-Store,Easypaisa,4,44012.91,34905.42,9107.49,False
PK-2024-01471,2024-10-11,C-0839,Punjab,Electronics,Online,Card,1,8156.36,6827.98,1328.38,False
PK-2024-00016,2024-10-11,C-0466,Punjab,Home & Living,Online,Cash on Delivery,3,34289.41,24474.76,9814.64,False
PK-2024-00051,2024-10-11,C-0122,Balochistan,Electronics,Online,Card,1,10241.39,7933.8,2307.59,False
PK-2024-01557,2024-10-11,C-0541,Punjab,Electronics,Online,Easypaisa,2,29844.74,22325.04,7519.7,False
PK-2024-00363,2024-10-11,C-0868,Sindh,Home & Living,Online,Easypaisa,1,19373.41,15111.57,4261.83,True
PK-2024-02094,2024-10-11,C-0609,Sindh,Fashion,Online,Easypaisa,1,17939.23,14163.34,3775.89,False
PK-2024-00104,2024-10-11,C-0404,KPK,Electronics,Wholesale,JazzCash,4,63348.75,47370.56,15978.19,False
PK-2024-00683,2024-10-12,C-0357,Balochistan,Fashion,Online,JazzCash,2,33171.82,27883.73,5288.09,False
PK-2024-01910,2024-10-12,C-0363,Sindh,Fashion,Mobile App,JazzCash,2,23562.09,19441.02,4121.06,False
PK-2024-00668,2024-10-12,C-0497,Punjab,Others,Mobile App,Easypaisa,2,22280.5,17914.7,4365.8,False
PK-2024-00645,2024-10-12,C-0887,Sindh,Home & Living,Wholesale,JazzCash,1,34870.05,26563.14,8306.9,False
PK-2024-02095,2024-10-12,C-0374,Balochistan,Sports,Online,Card,2,23391.23,19626.62,3764.61,False
PK-2024-00701,2024-10-12,C-0101,Balochistan,Fashion,Online,Easypaisa,2,30395.15,24097.14,6298.01,False
PK-2024-02438,2024-10-12,C-0839,Sindh,Fashion,Online,Card,1,15907.5,12084.03,3823.47,False
PK-2024-00692,2024-10-13,C-0553,Punjab,Fashion,In-Store,Easypaisa,3,45107.31,34581.4,10525.91,False
PK-2024-00027,2024-10-13,C-0630,Punjab,Beauty & Personal Care,Wholesale,Easypaisa,2,17521.55,13118.77,4402.78,False
PK-2024-00579,2024-10-13,C-0410,Punjab,Sports,In-Store,Card,1,12425.95,9403.58,3022.37,False
PK-2024-00543,2024-10-13,C-0463,Sindh,Others,Mobile App,Easypaisa,1,6889.02,5242.73,1646.29,False
PK-2024-01082,2024-10-13,C-0822,Punjab,Fashion,Wholesale,Easypaisa,1,9460.09,7462.53,1997.56,False
PK-2024-01352,2024-10-13,C-0763,Punjab,Fashion,Online,JazzCash,3,29647.02,22309.65,7337.37,False
PK-2024-00129,2024-10-13,C-0060,Sindh,Fashion,In-Store,Card,2,39624.72,30402.96,9221.75,False
PK-2024-00282,2024-10-13,C-0300,Punjab,Sports,Online,Card,4,39527.38,30285.36,9242.02,False
PK-2024-00523,2024-10-14,C-0025,KPK,Fashion,Wholesale,Card,4,36647.34,28127.95,8519.39,False
PK-2024-01709,2024-10-14,C-0621,Punjab,Electronics,Online,Card,2,25349.1,19627.53,5721.57,False
PK-2024-00345,2024-10-14,C-0753,Sindh,Electronics,In-Store,Cash on Delivery,1,11856.48,9399.22,2457.27,False
PK-2024-01188,2024-10-14,C-0064,Punjab,Electronics,Mobile App,Card,1,8947.45,7336.34,1611.11,False
PK-2024-00863,2024-10-14,C-0434,KPK,Electronics,Online,JazzCash,3,31358.13,24459.11,6899.02,False
PK-2024-00513,2024-10-14,C-0298,Punjab,Home & Living,In-Store,Easypaisa,3,30629.3,24851.73,5777.58,False
PK-2024-00414,2024-10-14,C-0546,Sindh,Sports,Online,Easypaisa,4,53046.82,42287.39,10759.43,False
PK-2024-01294,2024-10-14,C-0126,KPK,Electronics,In-Store,Easypaisa,2,10132.53,7922.13,2210.4,False
PK-2024-00781,2024-10-15,C-0245,Islamabad,Electronics,In-Store,Easypaisa,4,54909.69,41934.98,12974.71,False
PK-2024-01158,2024-10-15,C-0379,Sindh,Groceries,Online,Cash on Delivery,4,45756.8,33342.74,12414.06,False
PK-2024-00865,2024-10-15,C-0388,KPK,Electronics,Online,Card,2,21780.35,17548.88,4231.48,False
PK-2024-01683,2024-10-15,C-0668,Punjab,Beauty & Personal Care,In-Store,Card,4,31220.55,24628.07,6592.48,False
PK-2024-00127,2024-10-15,C-0240,Islamabad,Sports,Wholesale,Easypaisa,1,17781.11,12896.45,4884.67,False
PK-2024-00506,2024-10-15,C-0226,KPK,Electronics,Mobile App,JazzCash,1,10015.12,8158.44,1856.68,False
PK-2024-00905,2024-10-16,C-0055,Sindh,Home & Living,Mobile App,Easypaisa,3,40583.61,32118.18,8465.43,False
PK-2024-00135,2024-10-16,C-0020,Punjab,Groceries,Online,Easypaisa,3,38630.64,34953.77,3676.87,True
PK-2024-02185,2024-10-16,C-0300,Islamabad,Electronics,In-Store,Cash on Delivery,1,15924.22,13341.32,2582.91,False
PK-2024-00593,2024-10-16,C-0574,Sindh,Fashion,Wholesale,Cash on Delivery,1,7284.81,5822.9,1461.91,False
PK-2024-01991,2024-10-16,C-0306,Punjab,Electronics,Mobile App,Easypaisa,2,20751.77,15870.57,4881.2,False
PK-2024-00428,2024-10-16,C-0710,Sindh,Electronics,Online,Card,2,16691.17,12632.67,4058.5,True
PK-2024-01349,2024-10-16,C-0792,Sindh,Electronics,Mobile App,Easypaisa,2,14458.77,11438.97,3019.8,False
PK-2024-01191,2024-10-16,C-0745,Sindh,Fashion,In-Store,Easypaisa,2,17205.13,13127.84,4077.3,True
PK-2024-00239,2024-10-16,C-0105,Sindh,Groceries,Mobile App,Card,1,12764.25,10138.47,2625.77,False
PK-2024-00117,2024-10-16,C-0412,KPK,Beauty & Personal Care,Mobile App,JazzCash,1,8985.58,6880.77,2104.81,False
PK-2024-00508,2024-10-16,C-0362,Punjab,Electronics,In-Store,Card,1,11820.36,8331.22,3489.14,False
PK-2024-01765,2024-10-16,C-0723,Sindh,Home & Living,Online,Cash on Delivery,2,15809.56,12141.24,3668.32,False
PK-2024-00736,2024-10-17,C-0519,Punjab,Home & Living,Online,Easypaisa,2,18410.8,13941.43,4469.37,False
PK-2024-00743,2024-10-17,C-0150,Sindh,Fashion,Mobile App,Cash on Delivery,4,52891.08,42964.26,9926.83,False
PK-2024-00967,2024-10-17,C-0128,Punjab,Groceries,Mobile App,Cash on Delivery,2,14834.03,10853.87,3980.16,False
PK-2024-00735,2024-10-17,C-0809,Punjab,Groceries,In-Store,Easypaisa,1,9979.12,8206.7,1772.41,False
PK-2024-01945,2024-10-17,C-0621,Sindh,Sports,Online,Card,2,36803.2,29280.94,7522.26,False
PK-2024-00187,2024-10-17,C-0736,KPK,Home & Living,Mobile App,Card,2,23638.41,20239.79,3398.63,False
PK-2024-01722,2024-10-17,C-0766,KPK,Home & Living,Online,JazzCash,1,15705.98,12649.23,3056.74,False
PK-2024-00821,2024-10-18,C-0885,Punjab,Electronics,Wholesale,Cash on Delivery,1,8622.46,6595.02,2027.44,False
PK-2024-00841,2024-10-18,C-0031,Punjab,Fashion,Online,Easypaisa,1,17928.93,14412.07,3516.85,False
PK-2024-01798,2024-10-18,C-0559,Punjab,Electronics,Online,JazzCash,2,27991.41,22873.95,5117.46,False
PK-2024-02249,2024-10-18,C-0378,Sindh,Home & Living,Online,Card,1,20001.58,16189.08,3812.49,False
PK-2024-02202,2024-10-18,C-0299,Islamabad,Groceries,Mobile App,Card,4,56408.23,46672.3,9735.93,False
PK-2024-01353,2024-10-18,C-0410,Sindh,Fashion,In-Store,JazzCash,4,26464.59,19648.5,6816.09,False
PK-2024-02373,2024-10-18,C-0370,Islamabad,Home & Living,Mobile App,Cash on Delivery,2,17806.6,14732.97,3073.63,False
PK-2024-01104,2024-10-18,C-0290,Punjab,Electronics,Online,Card,4,33888.3,25486.28,8402.03,False
PK-2024-00058,2024-10-18,C-0322,Punjab,Home & Living,In-Store,JazzCash,1,9697.33,7197.93,2499.39,False
PK-2024-02274,2024-10-18,C-0035,Punjab,Electronics,Wholesale,Card,4,58053.61,49560.92,8492.69,False
PK-2024-01086,2024-10-18,C-0047,Balochistan,Groceries,Wholesale,Card,2,18502.38,14833.84,3668.54,False
PK-2024-00921,2024-10-18,C-0875,Punjab,Home & Living,Online,JazzCash,4,50133.42,42680.89,7452.53,False
PK-2024-00561,2024-10-19,C-0122,Sindh,Fashion,In-Store,JazzCash,1,6132.5,5201.51,931.0,False
PK-2024-01131,2024-10-19,C-0800,KPK,Others,Online,Card,1,23170.32,18250.74,4919.58,False
PK-2024-01968,2024-10-19,C-0161,Punjab,Beauty & Personal Care,Online,JazzCash,2,26999.79,21359.27,5640.52,False
PK-2024-00420,2024-10-19,C-0761,Punjab,Electronics,Mobile App,Cash on Delivery,3,34998.4,28948.34,6050.06,False
PK-2024-01952,2024-10-19,C-0403,Sindh,Groceries,Mobile App,Easypaisa,4,36342.88,29701.72,6641.17,False
PK-2024-02427,2024-10-19,C-0843,Balochistan,Sports,Online,Card,2,33715.8,25377.46,8338.33,False
PK-2024-02267,2024-10-19,C-0042,Balochistan,Electronics,Online,Card,1,11101.52,9265.14,1836.38,False
PK-2024-02343,2024-10-19,C-0483,Sindh,Groceries,Online,JazzCash,2,34903.96,26578.45,8325.5,False
PK-2024-00219,2024-10-19,C-0462,Punjab,Beauty & Personal Care,Online,Cash on Delivery,3,49692.37,38763.79,10928.59,False
PK-2024-00339,2024-10-20,C-0771,KPK,Groceries,Online,Card,3,39421.75,29515.07,9906.68,False
PK-2024-00517,2024-10-20,C-0527,Sindh,Home & Living,Online,Easypaisa,1,16807.29,13322.37,3484.92,False
PK-2024-01980,2024-10-20,C-0248,Punjab,Groceries,In-Store,Easypaisa,1,8708.26,6782.21,1926.04,False
PK-2024-01041,2024-10-20,C-0113,Punjab,Home & Living,Wholesale,JazzCash,3,30351.24,23398.13,6953.11,False
PK-2024-00217,2024-10-20,C-0406,Sindh,Beauty & Personal Care,Mobile App,Cash on Delivery,4,27528.28,22851.23,4677.05,False
PK-2024-00555,2024-10-21,C-0486,Sindh,Home & Living,In-Store,Card,4,62805.19,50551.29,12253.9,False
PK-2024-02331,2024-10-21,C-0510,Balochistan,Fashion,Online,Easypaisa,2,21645.68,15908.27,5737.41,False
PK-2024-01888,2024-10-21,C-0013,Balochistan,Sports,Online,Card,4,53001.02,42610.81,10390.2,False
PK-2024-02173,2024-10-21,C-0531,Punjab,Fashion,Online,Easypaisa,4,23627.71,17304.29,6323.42,False
PK-2024-02385,2024-10-21,C-0674,Punjab,Electronics,Online,JazzCash,3,44062.26,32320.15,11742.11,False
PK-2024-01851,2024-10-21,C-0721,Sindh,Electronics,In-Store,JazzCash,1,12491.03,9105.75,3385.28,False
PK-2024-00762,2024-10-21,C-0106,KPK,Fashion,Online,Card,3,24650.82,19231.41,5419.42,False
PK-2024-01268,2024-10-21,C-0397,Punjab,Sports,Wholesale,JazzCash,2,23097.82,18189.9,4907.93,False
PK-2024-02102,2024-10-21,C-0196,Punjab,Home & Living,Online,Card,1,15841.18,13240.73,2600.45,False
PK-2024-02317,2024-10-21,C-0028,Balochistan,Others,In-Store,JazzCash,1,14588.41,11164.45,3423.96,False
PK-2024-01032,2024-10-22,C-0618,KPK,Electronics,In-Store,Card,2,10758.92,8283.91,2475.01,False
PK-2024-00616,2024-10-22,C-0070,KPK,Beauty & Personal Care,Mobile App,Card,4,73231.81,60155.68,13076.13,False
PK-2024-00429,2024-10-22,C-0443,Balochistan,Sports,Online,Cash on Delivery,2,32303.51,24934.14,7369.37,False
PK-2024-01384,2024-10-22,C-0525,Punjab,Fashion,Online,Cash on Delivery,3,18489.61,15843.01,2646.6,False
PK-2024-01357,2024-10-22,C-0701,Punjab,Beauty & Personal Care,Online,JazzCash,4,57070.73,47187.83,9882.89,False
PK-2024-00270,2024-10-22,C-0516,Islamabad,Electronics,In-Store,JazzCash,4,40070.36,31854.98,8215.38,False
PK-2024-02464,2024-10-23,C-0131,KPK,Electronics,Wholesale,Card,3,58322.36,45317.05,13005.31,False
PK-2024-02451,2024-10-23,C-0819,Punjab,Others,In-Store,Card,3,35233.28,28462.56,6770.73,False
PK-2024-00226,2024-10-23,C-0424,KPK,Others,Online,Cash on Delivery,3,48832.15,34906.48,13925.67,False
PK-2024-01891,2024-10-23,C-0871,KPK,Fashion,Online,JazzCash,1,7067.62,5596.06,1471.56,False
PK-2024-00638,2024-10-23,C-0101,Islamabad,Fashion,In-Store,Card,4,37582.29,30074.04,7508.25,False
PK-2024-00159,2024-10-23,C-0045,Sindh,Sports,Mobile App,Card,4,94043.21,71395.76,22647.45,False
PK-2024-00437,2024-10-23,C-0706,KPK,Beauty & Personal Care,Online,JazzCash,2,23843.68,19342.05,4501.63,True
PK-2024-01444,2024-10-23,C-0168,Islamabad,Groceries,Online,Card,4,55174.5,44249.05,10925.45,False
PK-2024-00085,2024-10-23,C-0601,Sindh,Electronics,Mobile App,Easypaisa,3,30272.14,24018.24,6253.9,False
PK-2024-00887,2024-10-23,C-0651,Punjab,Sports,Mobile App,Cash on Delivery,2,40590.79,30178.09,10412.7,False
PK-2024-01362,2024-10-24,C-0815,Islamabad,Home & Living,In-Store,Cash on Delivery,2,12351.76,10116.0,2235.76,False
PK-2024-01868,2024-10-24,C-0277,Sindh,Others,Online,Cash on Delivery,1,17624.6,14493.58,3131.02,False
PK-2024-02217,2024-10-24,C-0408,Sindh,Electronics,Online,Card,4,39760.56,30014.67,9745.89,False
PK-2024-01916,2024-10-24,C-0129,Punjab,Beauty & Personal Care,Online,Card,1,6987.63,5591.64,1395.99,False
PK-2024-01066,2024-10-24,C-0820,Balochistan,Beauty & Personal Care,Online,JazzCash,4,46333.17,34701.77,11631.4,False
PK-2024-00675,2024-10-24,C-0651,Sindh,Home & Living,Online,Easypaisa,3,38758.15,31101.64,7656.51,False
PK-2024-00463,2024-10-24,C-0595,Sindh,Others,Wholesale,Easypaisa,2,46741.7,35750.1,10991.6,False
PK-2024-02363,2024-10-25,C-0080,Punjab,Fashion,Online,Easypaisa,4,28212.55,21765.26,6447.29,False
PK-2024-00978,2024-10-25,C-0890,Islamabad,Fashion,Online,Easypaisa,2,25500.0,18279.0,7221.0,False
PK-2024-00115,2024-10-25,C-0871,Islamabad,Electronics,Online,Cash on Delivery,4,26072.84,21055.18,5017.66,False
PK-2024-01515,2024-10-25,C-0834,Sindh,Electronics,Mobile App,JazzCash,2,18217.91,14749.68,3468.23,False
PK-2024-01392,2024-10-25,C-0366,Punjab,Sports,Wholesale,Card,3,73996.61,59563.46,14433.15,False
PK-2024-00019,2024-10-25,C-0847,KPK,Home & Living,Online,Card,3,41157.78,31474.78,9683.0,False
PK-2024-00087,2024-10-25,C-0555,Punjab,Electronics,Mobile App,Cash on Delivery,1,9484.07,7242.75,2241.32,True
PK-2024-01690,2024-10-25,C-0441,Punjab,Groceries,Mobile App,Card,1,12902.34,9995.86,2906.48,False
PK-2024-01790,2024-10-25,C-0826,Sindh,Electronics,In-Store,Card,1,11056.74,8477.31,2579.42,False
PK-2024-01913,2024-10-26,C-0807,Sindh,Groceries,Online,Card,4,40185.48,31198.68,8986.79,False
PK-2024-01021,2024-10-26,C-0399,KPK,Beauty & Personal Care,Mobile App,Card,4,53130.22,41977.4,11152.82,False
PK-2024-01068,2024-10-26,C-0686,Punjab,Home & Living,Mobile App,Cash on Delivery,2,22426.25,16786.4,5639.85,False
PK-2024-00744,2024-10-26,C-0032,Punjab,Fashion,Online,Cash on Delivery,3,30991.21,24527.8,6463.42,False
PK-2024-01924,2024-10-26,C-0180,Punjab,Electronics,Online,Card,1,11505.63,8894.48,2611.15,False
PK-2024-01157,2024-10-26,C-0145,Islamabad,Beauty & Personal Care,Wholesale,Cash on Delivery,1,19950.97,16215.15,3735.82,False
PK-2024-00919,2024-10-26,C-0741,Sindh,Fashion,In-Store,Easypaisa,3,38484.55,30530.38,7954.17,False
PK-2024-02055,2024-10-26,C-0618,Punjab,Electronics,Mobile App,Easypaisa,3,27633.98,21464.01,6169.97,False
PK-2024-01143,2024-10-26,C-0529,Sindh,Electronics,Online,Easypaisa,2,28280.56,20656.97,7623.59,False
PK-2024-01873,2024-10-26,C-0353,Punjab,Home & Living,Mobile App,Cash on Delivery,2,21848.14,16470.26,5377.88,False
PK-2024-02013,2024-10-26,C-0568,Punjab,Fashion,In-Store,Cash on Delivery,4,43807.03,35535.37,8271.66,False
PK-2024-01568,2024-10-26,C-0814,Sindh,Fashion,Mobile App,Card,4,46425.43,35657.38,10768.05,False
PK-2024-01101,2024-10-27,C-0813,Punjab,Groceries,In-Store,Cash on Delivery,4,26210.36,19603.51,6606.85,False
PK-2024-00065,2024-10-27,C-0065,Punjab,Groceries,In-Store,JazzCash,2,18114.62,15248.7,2865.93,True
PK-2024-00778,2024-10-27,C-0849,Sindh,Electronics,Mobile App,Card,3,31018.3,24095.06,6923.23,False
PK-2024-00636,2024-10-27,C-0370,Punjab,Sports,Online,Card,3,25787.07,19709.01,6078.06,False
PK-2024-00977,2024-10-27,C-0376,Punjab,Home & Living,In-Store,Card,4,53756.27,39529.91,14226.36,False
PK-2024-01896,2024-10-27,C-0439,Islamabad,Electronics,Mobile App,Cash on Delivery,1,7773.53,5716.69,2056.85,False
PK-2024-02021,2024-10-27,C-0835,KPK,Beauty & Personal Care,Online,Easypaisa,1,6355.3,5265.79,1089.51,False
PK-2024-00169,2024-10-27,C-0020,Punjab,Electronics,Online,Cash on Delivery,1,10342.04,8146.16,2195.88,False
PK-2024-02076,2024-10-28,C-0127,Islamabad,Fashion,Mobile App,Cash on Delivery,3,41885.74,34151.79,7733.94,False
PK-2024-01834,2024-10-28,C-0005,Punjab,Electronics,Online,Easypaisa,1,10216.26,7897.79,2318.47,False
PK-2024-02073,2024-10-28,C-0598,Punjab,Groceries,Online,Card,2,26652.93,19479.48,7173.45,False
PK-2024-01534,2024-10-28,C-0460,Islamabad,Fashion,Online,Card,2,21559.52,16549.17,5010.34,False
PK-2024-01965,2024-10-28,C-0600,Punjab,Electronics,Wholesale,Cash on Delivery,3,31946.34,24272.92,7673.41,False
PK-2024-00259,2024-10-28,C-0598,Islamabad,Electronics,Online,Card,3,29557.57,22879.85,6677.72,False
PK-2024-01011,2024-10-28,C-0698,KPK,Electronics,Online,Cash on Delivery,1,3731.72,3013.71,718.01,False
PK-2024-00860,2024-10-28,C-0356,Balochistan,Home & Living,Online,Cash on Delivery,2,27410.03,20794.24,6615.79,False
PK-2024-00097,2024-10-28,C-0341,Sindh,Electronics,Online,Card,2,12010.99,8951.2,3059.78,False
PK-2024-01050,2024-10-28,C-0850,Islamabad,Others,Online,Card,2,34151.16,26106.21,8044.95,False
PK-2024-01680,2024-10-28,C-0734,Sindh,Groceries,In-Store,Card,4,98747.06,73948.35,24798.72,False
PK-2024-01324,2024-10-29,C-0821,Sindh,Electronics,In-Store,Cash on Delivery,2,15925.53,11904.14,4021.39,False
PK-2024-02395,2024-10-29,C-0801,Punjab,Home & Living,In-Store,Card,4,25806.1,20189.71,5616.39,True
PK-2024-01636,2024-10-29,C-0355,Balochistan,Electronics,In-Store,Card,3,46372.36,37068.19,9304.17,False
PK-2024-00322,2024-10-29,C-0428,Sindh,Electronics,In-Store,Cash on Delivery,1,12833.89,10068.02,2765.86,False
PK-2024-01044,2024-10-29,C-0777,Sindh,Fashion,In-Store,JazzCash,2,27030.27,21158.68,5871.59,False
PK-2024-00722,2024-10-29,C-0776,Sindh,Electronics,Online,Card,2,28988.86,23244.42,5744.44,False
PK-2024-02105,2024-10-29,C-0069,Sindh,Groceries,Wholesale,Cash on Delivery,1,11144.66,8303.6,2841.06,False
PK-2024-02461,2024-10-29,C-0356,KPK,Others,Mobile App,JazzCash,1,12541.52,10034.67,2506.84,False
PK-2024-02132,2024-10-29,C-0144,Punjab,Electronics,Online,Easypaisa,2,37996.96,29574.24,8422.72,False
PK-2024-01052,2024-10-30,C-0567,Punjab,Others,Online,Easypaisa,2,26490.28,22248.16,4242.12,False
PK-2024-00118,2024-10-30,C-0724,Punjab,Beauty & Personal Care,Mobile App,Easypaisa,1,9907.03,7506.75,2400.28,False
PK-2024-02459,2024-10-30,C-0614,Punjab,Fashion,In-Store,JazzCash,4,48892.15,37079.85,11812.3,False
PK-2024-01344,2024-10-30,C-0571,Sindh,Electronics,Online,Card,4,22418.33,16766.2,5652.13,False
PK-2024-00458,2024-10-30,C-0573,Sindh,Fashion,Online,Card,2,10280.56,8103.4,2177.16,False
PK-2024-02415,2024-10-30,C-0101,Punjab,Fashion,In-Store,Easypaisa,1,8529.56,6624.31,1905.25,False
PK-2024-00521,2024-10-30,C-0069,KPK,Groceries,Wholesale,Cash on Delivery,1,7453.32,6141.96,1311.35,False
PK-2024-01830,2024-10-31,C-0419,Sindh,Home & Living,In-Store,Easypaisa,3,40522.71,30150.1,10372.61,False
PK-2024-01604,2024-10-31,C-0861,KPK,Electronics,Wholesale,Cash on Delivery,4,40707.09,32075.24,8631.85,False
PK-2024-02403,2024-10-31,C-0281,KPK,Fashion,In-Store,Card,4,30517.33,24395.74,6121.59,False
PK-2024-01661,2024-10-31,C-0533,Punjab,Electronics,Mobile App,JazzCash,2,38466.71,29824.25,8642.46,False
PK-2024-02278,2024-10-31,C-0663,Punjab,Beauty & Personal Care,In-Store,JazzCash,3,13883.17,9932.08,3951.09,False
PK-2024-02006,2024-10-31,C-0307,Punjab,Fashion,In-Store,Easypaisa,3,34589.17,29259.26,5329.92,False
PK-2024-00289,2024-10-31,C-0261,KPK,Groceries,In-Store,Card,3,32565.87,26515.25,6050.62,False
PK-2024-00647,2024-11-01,C-0310,KPK,Fashion,Mobile App,Cash on Delivery,4,31896.15,24968.69,6927.46,False
PK-2024-02404,2024-11-01,C-0116,KPK,Beauty & Personal Care,Mobile App,Cash on Delivery,2,43386.53,36368.31,7018.22,False
PK-2024-00581,2024-11-01,C-0274,Balochistan,Electronics,Mobile App,Cash on Delivery,1,6899.25,5732.79,1166.47,False
PK-2024-02299,2024-11-01,C-0750,KPK,Home & Living,Online,Cash on Delivery,3,23025.6,18037.07,4988.53,False
PK-2024-00412,2024-11-01,C-0804,Punjab,Home & Living,Online,Easypaisa,4,41661.55,32644.01,9017.54,False
PK-2024-01931,2024-11-01,C-0760,Sindh,Others,Online,Cash on Delivery,4,59997.07,46702.09,13294.99,False
PK-2024-02353,2024-11-01,C-0163,Sindh,Electronics,Online,JazzCash,3,20617.78,14870.82,5746.96,False
PK-2024-01108,2024-11-02,C-0700,Punjab,Fashion,Online,JazzCash,4,39768.92,31859.41,7909.51,False
PK-2024-01347,2024-11-02,C-0153,Punjab,Electronics,In-Store,Easypaisa,4,50609.86,38222.94,12386.92,False
PK-2024-01889,2024-11-02,C-0749,Islamabad,Others,In-Store,Card,3,26429.74,20606.27,5823.46,False
PK-2024-01391,2024-11-02,C-0166,Punjab,Sports,Online,Card,3,55542.82,43893.35,11649.47,False
PK-2024-00705,2024-11-02,C-0712,Sindh,Electronics,In-Store,Card,4,35427.31,28411.22,7016.1,False
PK-2024-02069,2024-11-02,C-0088,Punjab,Groceries,Online,Cash on Delivery,4,50541.88,42112.74,8429.13,False
PK-2024-00358,2024-11-02,C-0314,Punjab,Fashion,Wholesale,Card,2,24132.38,18550.74,5581.64,False
PK-2024-01625,2024-11-02,C-0292,KPK,Others,Online,Cash on Delivery,3,39188.29,31486.12,7702.17,False
PK-2024-01154,2024-11-02,C-0841,KPK,Home & Living,Mobile App,Card,4,38866.08,28664.73,10201.34,False
PK-2024-01601,2024-11-02,C-0078,Punjab,Fashion,Online,Card,2,15493.93,11728.35,3765.57,False
PK-2024-02310,2024-11-02,C-0792,Islamabad,Sports,Wholesale,JazzCash,3,12900.57,10162.58,2737.98,False
PK-2024-02368,2024-11-02,C-0159,KPK,Home & Living,Online,Easypaisa,1,10540.42,8717.44,1822.97,False
PK-2024-01113,2024-11-03,C-0137,Punjab,Home & Living,Mobile App,Card,2,12502.19,9907.87,2594.32,False
PK-2024-02330,2024-11-03,C-0194,Sindh,Fashion,In-Store,JazzCash,4,24498.2,20541.35,3956.85,False
PK-2024-01664,2024-11-03,C-0468,Sindh,Beauty & Personal Care,Online,Card,3,39491.28,31461.61,8029.68,False
PK-2024-01209,2024-11-03,C-0837,Punjab,Fashion,In-Store,Card,2,18213.13,15133.97,3079.16,False
PK-2024-01543,2024-11-03,C-0459,Punjab,Groceries,Mobile App,Card,2,27688.05,22641.9,5046.15,False
PK-2024-00655,2024-11-03,C-0146,Sindh,Sports,In-Store,Cash on Delivery,3,26231.98,21605.43,4626.55,False
PK-2024-01920,2024-11-03,C-0397,Balochistan,Electronics,Online,Card,3,22281.66,14918.86,7362.8,False
PK-2024-00130,2024-11-03,C-0470,Punjab,Others,Online,JazzCash,2,56069.89,47954.26,8115.63,False
PK-2024-01570,2024-11-03,C-0672,Sindh,Groceries,Mobile App,Card,4,52398.29,40615.55,11782.74,False
PK-2024-01884,2024-11-03,C-0004,KPK,Electronics,Online,Cash on Delivery,4,17286.23,13018.64,4267.59,False
PK-2024-02207,2024-11-03,C-0087,Balochistan,Groceries,Mobile App,Card,3,30276.87,24715.79,5561.07,False
PK-2024-00873,2024-11-03,C-0771,Punjab,Beauty & Personal Care,Online,Easypaisa,1,7511.23,5584.08,1927.15,False
PK-2024-01309,2024-11-03,C-0685,Punjab,Electronics,Mobile App,Easypaisa,4,31338.49,27084.91,4253.58,False
PK-2024-01932,2024-11-03,C-0481,Punjab,Fashion,Online,Easypaisa,3,31751.75,27241.14,4510.61,False
PK-2024-01345,2024-11-03,C-0264,Sindh,Groceries,Mobile App,Card,3,21573.74,17328.34,4245.4,False
PK-2024-02171,2024-11-03,C-0739,Sindh,Electronics,Online,Cash on Delivery,1,17834.03,14826.94,3007.1,False
PK-2024-02298,2024-11-03,C-0052,Punjab,Electronics,Wholesale,Card,2,38732.05,31320.62,7411.43,False
PK-2024-01161,2024-11-03,C-0866,Punjab,Electronics,Online,JazzCash,2,32710.79,26365.66,6345.13,False
PK-2024-00266,2024-11-03,C-0417,Sindh,Others,Mobile App,Easypaisa,3,33172.42,25010.52,8161.9,False
PK-2024-00448,2024-11-04,C-0062,Punjab,Fashion,Online,Cash on Delivery,1,10321.49,8644.92,1676.57,False
PK-2024-00245,2024-11-04,C-0640,KPK,Home & Living,Online,Cash on Delivery,2,22851.44,17833.23,5018.2,False
PK-2024-02214,2024-11-04,C-0054,Punjab,Fashion,Online,JazzCash,1,7440.27,5663.6,1776.67,False
PK-2024-02335,2024-11-04,C-0141,KPK,Beauty & Personal Care,Mobile App,Cash on Delivery,4,75649.2,64623.94,11025.26,False
PK-2024-00516,2024-11-04,C-0239,Punjab,Beauty & Personal Care,Online,Easypaisa,1,8979.69,7089.6,1890.1,False
PK-2024-00199,2024-11-04,C-0352,Punjab,Beauty & Personal Care,Mobile App,Easypaisa,2,13700.79,9456.67,4244.12,False
PK-2024-00759,2024-11-04,C-0378,Balochistan,Fashion,In-Store,Easypaisa,3,88298.45,68984.42,19314.03,False
PK-2024-00057,2024-11-04,C-0122,Balochistan,Beauty & Personal Care,Online,Easypaisa,1,16146.91,12373.85,3773.06,False
PK-2024-00074,2024-11-04,C-0623,Sindh,Groceries,Online,Card,2,18994.99,14261.54,4733.44,False
PK-2024-01264,2024-11-04,C-0187,Islamabad,Beauty & Personal Care,Online,JazzCash,2,26629.97,20343.99,6285.98,False
PK-2024-01485,2024-11-04,C-0748,Punjab,Home & Living,In-Store,Cash on Delivery,2,12026.34,9530.91,2495.43,False
PK-2024-01713,2024-11-04,C-0864,Balochistan,Home & Living,Online,Card,4,29145.33,23539.05,5606.29,False
PK-2024-00423,2024-11-04,C-0405,Punjab,Electronics,In-Store,Card,4,82772.37,65319.03,17453.34,False
PK-2024-00221,2024-11-04,C-0244,Sindh,Home & Living,Online,JazzCash,2,21012.63,17397.1,3615.53,False
PK-2024-00048,2024-11-04,C-0175,Punjab,Fashion,In-Store,Easypaisa,4,57021.52,45086.62,11934.9,False
PK-2024-02390,2024-11-05,C-0756,Islamabad,Sports,Online,Cash on Delivery,2,27529.52,22475.54,5053.98,False
PK-2024-00030,2024-11-05,C-0046,Sindh,Sports,Online,Easypaisa,3,47985.27,36540.85,11444.42,False
PK-2024-01147,2024-11-05,C-0580,Sindh,Home & Living,In-Store,Card,2,17505.93,13778.56,3727.37,False
PK-2024-01666,2024-11-05,C-0171,Punjab,Fashion,In-Store,Easypaisa,4,26135.97,20412.74,5723.23,False
PK-2024-01748,2024-11-05,C-0460,Sindh,Electronics,Online,Easypaisa,3,36624.06,28012.49,8611.57,False
PK-2024-00233,2024-11-05,C-0878,Punjab,Electronics,Online,Cash on Delivery,3,25554.41,19427.92,6126.49,False
PK-2024-00895,2024-11-05,C-0739,Balochistan,Groceries,Online,Card,1,14338.23,10891.4,3446.83,False
PK-2024-02411,2024-11-05,C-0703,Punjab,Fashion,In-Store,Card,3,66241.31,52624.44,13616.88,False
PK-2024-01460,2024-11-05,C-0342,KPK,Beauty & Personal Care,Online,Card,1,10107.12,7422.76,2684.37,False
PK-2024-01092,2024-11-05,C-0064,Sindh,Beauty & Personal Care,In-Store,Cash on Delivery,4,49793.1,41756.87,8036.23,False
PK-2024-01531,2024-11-05,C-0067,Punjab,Groceries,Wholesale,Card,2,28469.85,22213.32,6256.53,False
PK-2024-01328,2024-11-05,C-0562,Balochistan,Electronics,Online,Cash on Delivery,2,31796.22,24661.36,7134.86,False
PK-2024-02304,2024-11-05,C-0591,KPK,Sports,Online,Cash on Delivery,3,35738.57,28267.73,7470.84,False
PK-2024-00092,2024-11-05,C-0381,Punjab,Others,In-Store,Card,3,33179.29,26429.86,6749.43,False
PK-2024-02212,2024-11-06,C-0445,Punjab,Fashion,Online,Cash on Delivery,4,40804.1,32267.71,8536.39,False
PK-2024-01430,2024-11-06,C-0764,Balochistan,Groceries,Wholesale,Card,4,42086.68,31586.29,10500.39,False
PK-2024-01412,2024-11-06,C-0031,Punjab,Sports,Online,Card,1,7706.36,5696.65,2009.71,False
PK-2024-02089,2024-11-06,C-0619,Punjab,Home & Living,In-Store,Card,4,58678.12,47445.62,11232.5,True
PK-2024-00367,2024-11-06,C-0061,Sindh,Electronics,Online,Cash on Delivery,4,73942.16,56503.56,17438.6,True
PK-2024-02136,2024-11-06,C-0422,KPK,Electronics,In-Store,JazzCash,2,31881.43,26753.45,5127.99,False
PK-2024-01890,2024-11-06,C-0302,Punjab,Fashion,Wholesale,JazzCash,1,9799.61,7179.23,2620.38,False
PK-2024-00223,2024-11-07,C-0645,Sindh,Electronics,Mobile App,Easypaisa,3,17422.55,13002.85,4419.69,False
PK-2024-01228,2024-11-07,C-0114,Sindh,Groceries,In-Store,JazzCash,2,17342.79,13656.59,3686.2,False
PK-2024-01723,2024-11-07,C-0207,Punjab,Fashion,In-Store,Card,2,13636.11,12630.37,1005.74,False
PK-2024-00044,2024-11-07,C-0233,KPK,Groceries,Online,Card,2,29966.44,22860.64,7105.8,False
PK-2024-01175,2024-11-07,C-0848,Punjab,Fashion,In-Store,Cash on Delivery,1,11558.16,9301.45,2256.71,False
PK-2024-01114,2024-11-07,C-0872,KPK,Electronics,Wholesale,Easypaisa,1,13992.5,11439.9,2552.59,False
PK-2024-01817,2024-11-07,C-0346,Islamabad,Beauty & Personal Care,In-Store,Card,1,9560.89,7518.9,2041.99,False
PK-2024-01866,2024-11-07,C-0001,Punjab,Sports,Online,Cash on Delivery,2,24066.18,17592.24,6473.94,False
PK-2024-02104,2024-11-07,C-0446,Sindh,Groceries,Mobile App,JazzCash,3,29810.35,24196.1,5614.25,False
PK-2024-00022,2024-11-07,C-0193,Islamabad,Fashion,In-Store,Cash on Delivery,1,5395.66,4077.52,1318.14,False
PK-2024-01800,2024-11-07,C-0165,Islamabad,Electronics,In-Store,Cash on Delivery,1,11539.6,8863.48,2676.13,False
PK-2024-01215,2024-11-08,C-0090,Punjab,Fashion,Online,Cash on Delivery,2,13611.85,10509.5,3102.35,False
PK-2024-01862,2024-11-08,C-0333,Punjab,Fashion,Online,Card,4,56692.42,41706.97,14985.45,False
PK-2024-01174,2024-11-08,C-0747,Islamabad,Others,Online,Easypaisa,1,9724.87,7915.49,1809.38,False
PK-2024-01915,2024-11-08,C-0487,Sindh,Home & Living,Online,Cash on Delivery,2,19583.62,14973.1,4610.53,False
PK-2024-01617,2024-11-08,C-0592,Sindh,Fashion,Online,Card,3,71920.3,60259.57,11660.73,False
PK-2024-01769,2024-11-08,C-0887,Balochistan,Beauty & Personal Care,Online,Cash on Delivery,1,19318.65,14796.25,4522.4,False
PK-2024-02153,2024-11-08,C-0185,Islamabad,Fashion,In-Store,Easypaisa,4,31937.37,26847.56,5089.81,False
PK-2024-01659,2024-11-09,C-0128,Punjab,Electronics,Online,JazzCash,3,36804.92,28938.44,7866.48,False
PK-2024-02031,2024-11-09,C-0578,Punjab,Fashion,In-Store,Easypaisa,1,6104.13,4855.35,1248.78,False
PK-2024-01703,2024-11-09,C-0047,Balochistan,Fashion,In-Store,Easypaisa,2,9183.93,7633.99,1549.94,False
PK-2024-00608,2024-11-09,C-0432,Balochistan,Sports,Online,Card,1,14551.15,10613.39,3937.76,False
PK-2024-01313,2024-11-09,C-0137,Sindh,Home & Living,Online,Card,4,71379.32,55522.71,15856.61,False
PK-2024-00628,2024-11-09,C-0411,Punjab,Groceries,Mobile App,Cash on Delivery,2,29388.5,22653.48,6735.02,False
PK-2024-00313,2024-11-09,C-0622,Punjab,Electronics,In-Store,Card,3,17925.13,14021.12,3904.01,False
PK-2024-01827,2024-11-10,C-0242,Sindh,Electronics,Mobile App,Cash on Delivery,4,37881.92,29826.99,8054.93,False
PK-2024-01793,2024-11-10,C-0132,Sindh,Groceries,Online,Cash on Delivery,4,37714.85,27261.83,10453.02,False
PK-2024-00721,2024-11-10,C-0308,Islamabad,Home & Living,In-Store,Cash on Delivery,3,34053.62,28785.8,5267.82,False
PK-2024-01064,2024-11-10,C-0263,KPK,Fashion,Online,Easypaisa,1,6918.49,5228.09,1690.39,False
PK-2024-01656,2024-11-10,C-0006,Balochistan,Beauty & Personal Care,In-Store,Card,2,29332.82,22083.41,7249.41,False
PK-2024-00297,2024-11-10,C-0735,Punjab,Electronics,Online,Easypaisa,3,28864.63,22528.53,6336.1,False
PK-2024-01939,2024-11-10,C-0402,Balochistan,Fashion,Online,Easypaisa,4,41317.3,31703.66,9613.64,False
PK-2024-01371,2024-11-10,C-0537,Sindh,Fashion,Mobile App,Card,2,20923.07,16488.47,4434.6,False
PK-2024-00378,2024-11-10,C-0614,Balochistan,Electronics,In-Store,Easypaisa,3,30596.78,23550.95,7045.83,False
PK-2024-00411,2024-11-10,C-0130,Punjab,Groceries,Mobile App,Easypaisa,2,29201.98,23932.89,5269.09,False
PK-2024-00445,2024-11-10,C-0616,KPK,Fashion,Online,Easypaisa,3,34607.68,27980.79,6626.88,False
PK-2024-02314,2024-11-11,C-0231,Islamabad,Beauty & Personal Care,Online,Card,2,18220.11,13003.46,5216.64,False
PK-2024-02273,2024-11-11,C-0419,Sindh,Groceries,Mobile App,Easypaisa,3,39566.31,30603.08,8963.23,False
PK-2024-01533,2024-11-11,C-0690,KPK,Fashion,Online,Card,3,14067.31,11226.53,2840.77,False
PK-2024-01216,2024-11-11,C-0341,KPK,Home & Living,Online,Card,2,22389.15,17446.77,4942.38,False
PK-2024-02248,2024-11-11,C-0882,Punjab,Home & Living,Online,Cash on Delivery,1,10786.9,7921.34,2865.56,False
PK-2024-01127,2024-11-11,C-0774,Punjab,Fashion,Online,JazzCash,4,39273.23,29498.01,9775.22,True
PK-2024-02084,2024-11-11,C-0352,Islamabad,Electronics,Online,Cash on Delivery,3,24815.94,19213.84,5602.1,False
PK-2024-02259,2024-11-11,C-0589,Sindh,Fashion,Online,Card,1,10071.33,7891.87,2179.46,False
PK-2024-00308,2024-11-12,C-0675,Punjab,Electronics,In-Store,Cash on Delivery,4,40417.8,29772.85,10644.95,False
PK-2024-00337,2024-11-12,C-0798,Sindh,Fashion,Online,Card,4,56875.0,47392.48,9482.52,False
PK-2024-00418,2024-11-12,C-0296,Punjab,Home & Living,In-Store,Card,1,5038.23,3845.29,1192.94,False
PK-2024-01918,2024-11-12,C-0565,Sindh,Groceries,Mobile App,Cash on Delivery,2,22008.49,17874.48,4134.01,False
PK-2024-00236,2024-11-12,C-0733,Sindh,Fashion,Online,JazzCash,2,20283.33,15030.43,5252.9,False
PK-2024-00235,2024-11-12,C-0221,Balochistan,Groceries,Online,Cash on Delivery,4,41957.52,33344.73,8612.8,False
PK-2024-02468,2024-11-12,C-0574,Balochistan,Groceries,In-Store,Easypaisa,1,10220.5,8726.12,1494.38,False
PK-2024-01311,2024-11-12,C-0496,KPK,Fashion,Online,Cash on Delivery,3,49147.67,37940.58,11207.09,False
PK-2024-00882,2024-11-12,C-0143,Sindh,Home & Living,In-Store,Card,4,44458.46,33911.69,10546.77,False
PK-2024-02064,2024-11-12,C-0484,Punjab,Fashion,Online,Easypaisa,4,57517.06,47026.05,10491.0,False
PK-2024-01819,2024-11-12,C-0290,Islamabad,Groceries,Online,Cash on Delivery,4,44213.46,33850.84,10362.62,False
PK-2024-01880,2024-11-12,C-0702,Punjab,Sports,Wholesale,Cash on Delivery,2,68570.05,53514.89,15055.16,False
PK-2024-00348,2024-11-13,C-0757,Islamabad,Home & Living,Mobile App,Card,3,30077.33,22705.2,7372.13,False
PK-2024-00594,2024-11-13,C-0120,Sindh,Fashion,Mobile App,Easypaisa,1,15570.66,11826.12,3744.54,False
PK-2024-01246,2024-11-13,C-0261,Punjab,Home & Living,In-Store,Card,1,7203.92,5319.8,1884.12,False
PK-2024-00038,2024-11-13,C-0490,Punjab,Electronics,Online,Cash on Delivery,3,31760.21,23872.95,7887.26,False
PK-2024-01337,2024-11-13,C-0399,Sindh,Electronics,Online,JazzCash,3,55301.4,44532.17,10769.23,False
PK-2024-01030,2024-11-13,C-0455,Punjab,Electronics,Online,JazzCash,3,25399.41,21253.47,4145.93,False
PK-2024-02066,2024-11-13,C-0608,Balochistan,Home & Living,Online,Card,2,16958.96,13086.99,3871.96,False
PK-2024-02348,2024-11-13,C-0626,Islamabad,Beauty & Personal Care,Mobile App,Cash on Delivery,4,35620.58,27906.92,7713.66,False
PK-2024-00498,2024-11-14,C-0368,Punjab,Sports,In-Store,Cash on Delivery,4,92923.47,68344.21,24579.27,False
PK-2024-00939,2024-11-14,C-0383,Balochistan,Groceries,Online,Card,3,19947.37,14617.74,5329.64,False
PK-2024-00198,2024-11-14,C-0519,Punjab,Home & Living,In-Store,Cash on Delivery,1,8320.23,6395.3,1924.93,False
PK-2024-02225,2024-11-14,C-0035,Punjab,Home & Living,Online,JazzCash,4,38954.57,29274.08,9680.49,False
PK-2024-00094,2024-11-14,C-0184,KPK,Groceries,In-Store,Easypaisa,1,10558.2,7974.19,2584.01,False
PK-2024-00522,2024-11-14,C-0832,KPK,Electronics,Online,Card,1,11162.98,8590.34,2572.64,False
PK-2024-01714,2024-11-14,C-0091,Punjab,Home & Living,Online,Card,1,17738.42,14257.28,3481.14,False
PK-2024-02111,2024-11-14,C-0699,Punjab,Electronics,In-Store,Cash on Delivery,1,9588.22,7073.8,2514.43,True
PK-2024-00800,2024-11-14,C-0088,Sindh,Electronics,Online,Card,2,24700.75,18869.75,5831.0,False
PK-2024-01960,2024-11-14,C-0107,Sindh,Fashion,Mobile App,Cash on Delivery,1,17778.38,14084.38,3694.0,False
PK-2024-00802,2024-11-14,C-0546,Balochistan,Electronics,Mobile App,Easypaisa,1,17490.89,13372.02,4118.87,False
PK-2024-01212,2024-11-14,C-0582,Sindh,Fashion,Mobile App,Cash on Delivery,1,14175.0,11908.15,2266.85,True
PK-2024-01278,2024-11-15,C-0683,Punjab,Home & Living,Mobile App,Card,3,18119.98,13621.46,4498.52,False
PK-2024-01177,2024-11-15,C-0667,Islamabad,Fashion,In-Store,Card,1,10509.87,8697.42,1812.45,False
PK-2024-02448,2024-11-15,C-0850,KPK,Fashion,In-Store,JazzCash,4,50817.71,37262.15,13555.56,False
PK-2024-02017,2024-11-15,C-0700,Punjab,Sports,Mobile App,Card,3,24829.66,19770.32,5059.34,False
PK-2024-01620,2024-11-15,C-0321,Balochistan,Fashion,Online,Card,2,45552.71,35812.64,9740.07,False
PK-2024-00509,2024-11-15,C-0748,KPK,Sports,Online,Cash on Delivery,3,27396.92,18800.07,8596.85,False
PK-2024-01738,2024-11-15,C-0623,Punjab,Sports,Online,JazzCash,2,35612.65,27326.36,8286.29,False
PK-2024-00947,2024-11-15,C-0381,Islamabad,Electronics,Mobile App,Card,2,20208.09,17311.97,2896.12,False
PK-2024-00293,2024-11-15,C-0892,Punjab,Sports,Online,JazzCash,3,43765.67,33238.82,10526.84,False
PK-2024-00710,2024-11-16,C-0298,Punjab,Home & Living,Online,JazzCash,3,18798.58,14460.9,4337.69,False
PK-2024-01448,2024-11-16,C-0015,KPK,Home & Living,In-Store,Card,4,35872.58,30030.27,5842.32,False
PK-2024-01252,2024-11-16,C-0556,KPK,Groceries,Mobile App,Card,3,37062.61,29072.54,7990.06,False
PK-2024-01112,2024-11-16,C-0857,Balochistan,Sports,Wholesale,Easypaisa,1,18875.81,15012.03,3863.78,False
PK-2024-01303,2024-11-16,C-0349,Punjab,Fashion,Mobile App,Cash on Delivery,2,21542.99,16477.19,5065.79,False
PK-2024-00603,2024-11-16,C-0261,Punjab,Groceries,In-Store,Card,3,32635.31,27050.29,5585.02,False
PK-2024-01885,2024-11-16,C-0420,Punjab,Fashion,Wholesale,Card,1,12849.11,10669.69,2179.42,False
PK-2024-00837,2024-11-16,C-0322,Sindh,Fashion,In-Store,Easypaisa,3,42797.74,33896.47,8901.28,False
PK-2024-01361,2024-11-16,C-0246,KPK,Home & Living,Mobile App,Cash on Delivery,3,27792.98,20512.9,7280.08,False
PK-2024-01105,2024-11-16,C-0779,Punjab,Electronics,In-Store,Easypaisa,2,15766.86,13270.24,2496.62,False
PK-2024-02058,2024-11-17,C-0425,Islamabad,Home & Living,Mobile App,Card,2,17357.93,12338.4,5019.53,False
PK-2024-01118,2024-11-17,C-0404,Punjab,Others,In-Store,Cash on Delivery,2,26072.43,18871.18,7201.24,False
PK-2024-01451,2024-11-17,C-0678,Punjab,Groceries,Wholesale,Card,4,39624.8,31397.69,8227.11,False
PK-2024-00809,2024-11-17,C-0478,KPK,Groceries,Wholesale,JazzCash,3,22761.12,18384.37,4376.75,False
PK-2024-01042,2024-11-17,C-0020,Punjab,Electronics,Online,JazzCash,1,6267.3,5151.22,1116.08,False
PK-2024-02193,2024-11-17,C-0602,Balochistan,Home & Living,Wholesale,Card,3,28734.93,24174.03,4560.9,False
PK-2024-00779,2024-11-17,C-0290,Punjab,Home & Living,Mobile App,Easypaisa,2,16911.08,13803.84,3107.25,False
PK-2024-01019,2024-11-17,C-0267,Sindh,Fashion,Online,Card,4,46735.27,39861.16,6874.11,False
PK-2024-01072,2024-11-17,C-0743,Sindh,Beauty & Personal Care,In-Store,Cash on Delivery,4,48938.33,40669.89,8268.44,False
PK-2024-01619,2024-11-17,C-0560,Punjab,Home & Living,In-Store,Card,4,25578.41,18487.51,7090.9,True
PK-2024-02166,2024-11-17,C-0511,Sindh,Beauty & Personal Care,Online,Cash on Delivery,4,24201.57,18444.29,5757.28,False
PK-2024-01382,2024-11-18,C-0092,KPK,Groceries,Online,JazzCash,2,12943.02,9889.58,3053.44,False
PK-2024-01173,2024-11-18,C-0349,KPK,Beauty & Personal Care,Wholesale,Cash on Delivery,1,13604.78,10709.14,2895.64,False
PK-2024-00012,2024-11-18,C-0736,Sindh,Beauty & Personal Care,Online,Card,2,18466.41,16116.65,2349.76,False
PK-2024-02342,2024-11-18,C-0718,Islamabad,Home & Living,Online,Card,1,11357.41,9013.92,2343.49,False
PK-2024-01653,2024-11-18,C-0062,Punjab,Beauty & Personal Care,In-Store,Cash on Delivery,2,15519.83,11289.52,4230.31,False
PK-2024-00384,2024-11-18,C-0036,Sindh,Electronics,Mobile App,JazzCash,3,39680.06,32702.58,6977.48,False
PK-2024-00024,2024-11-18,C-0314,Sindh,Home & Living,In-Store,Cash on Delivery,1,11497.14,9350.89,2146.25,False
PK-2024-02275,2024-11-18,C-0331,Punjab,Electronics,Online,Easypaisa,1,12269.63,9318.21,2951.42,False
PK-2024-00782,2024-11-18,C-0586,Balochistan,Groceries,Online,Easypaisa,2,49190.22,39223.25,9966.97,True
PK-2024-00080,2024-11-18,C-0134,Balochistan,Electronics,Wholesale,Card,3,72991.21,52708.88,20282.33,False
PK-2024-00858,2024-11-19,C-0459,Sindh,Fashion,Online,Card,2,14138.36,10509.47,3628.89,False
PK-2024-01166,2024-11-19,C-0234,Islamabad,Fashion,Mobile App,Card,4,58664.68,45712.45,12952.22,False
PK-2024-02322,2024-11-19,C-0184,Sindh,Others,Mobile App,Card,1,12792.49,10011.08,2781.41,False
PK-2024-00933,2024-11-19,C-0740,Punjab,Groceries,In-Store,Easypaisa,3,34401.9,25643.93,8757.97,False
PK-2024-00596,2024-11-19,C-0302,Punjab,Groceries,Mobile App,Cash on Delivery,3,15858.05,12041.87,3816.17,True
PK-2024-01592,2024-11-19,C-0532,Sindh,Fashion,In-Store,Easypaisa,3,50675.8,41555.79,9120.01,False
PK-2024-02159,2024-11-20,C-0426,Sindh,Sports,Mobile App,JazzCash,1,12072.69,9082.0,2990.69,False
PK-2024-00053,2024-11-20,C-0348,Punjab,Beauty & Personal Care,Online,Easypaisa,1,9282.28,7672.9,1609.38,False
PK-2024-02162,2024-11-20,C-0500,Sindh,Beauty & Personal Care,Online,Card,3,19808.75,14512.94,5295.81,False
PK-2024-00128,2024-11-20,C-0688,Sindh,Fashion,Online,Easypaisa,1,11897.69,9803.92,2093.78,False
PK-2024-00018,2024-11-20,C-0083,Balochistan,Electronics,Online,Card,3,31346.6,22353.13,8993.47,False
PK-2024-02012,2024-11-20,C-0812,Punjab,Electronics,Online,Card,4,59962.34,49346.5,10615.84,False
PK-2024-01237,2024-11-20,C-0213,Islamabad,Beauty & Personal Care,Wholesale,JazzCash,4,58923.71,46976.43,11947.28,False
PK-2024-01395,2024-11-20,C-0744,Punjab,Fashion,Mobile App,Cash on Delivery,3,26033.55,20244.5,5789.05,False
PK-2024-02231,2024-11-20,C-0437,Punjab,Sports,Online,JazzCash,3,35329.55,30001.2,5328.35,False
PK-2024-02414,2024-11-20,C-0059,KPK,Beauty & Personal Care,Mobile App,Card,3,17343.67,13987.51,3356.16,False
PK-2024-01803,2024-11-20,C-0643,Islamabad,Fashion,Online,Card,1,8343.89,7219.51,1124.37,False
PK-2024-01040,2024-11-21,C-0514,KPK,Fashion,Wholesale,Card,2,26487.41,20017.37,6470.04,False
PK-2024-02139,2024-11-21,C-0253,KPK,Beauty & Personal Care,Online,Card,3,31795.43,23410.57,8384.86,False
PK-2024-00941,2024-11-21,C-0437,Punjab,Beauty & Personal Care,Mobile App,Card,2,13863.23,10732.22,3131.02,False
PK-2024-00055,2024-11-21,C-0667,Punjab,Home & Living,Mobile App,Card,4,48282.3,37443.22,10839.08,False
PK-2024-01335,2024-11-21,C-0039,KPK,Fashion,Online,Cash on Delivery,4,26658.13,19927.35,6730.78,False
PK-2024-00983,2024-11-21,C-0524,Punjab,Fashion,Online,Card,3,21393.41,17355.03,4038.38,False
PK-2024-00667,2024-11-21,C-0100,Sindh,Home & Living,Online,Card,3,36635.98,30663.26,5972.72,False
PK-2024-00884,2024-11-21,C-0448,Punjab,Home & Living,Online,Card,1,11192.92,9020.67,2172.26,False
PK-2024-01527,2024-11-21,C-0401,Balochistan,Others,Online,Easypaisa,3,33881.16,26603.34,7277.82,False
PK-2024-02054,2024-11-21,C-0072,Punjab,Others,In-Store,Easypaisa,4,57373.37,47462.49,9910.88,False
PK-2024-01413,2024-11-21,C-0665,KPK,Beauty & Personal Care,Online,Cash on Delivery,2,22549.7,18249.39,4300.31,False
PK-2024-02354,2024-11-21,C-0401,Punjab,Groceries,In-Store,Card,3,43492.0,34457.8,9034.2,False
PK-2024-01552,2024-11-21,C-0652,Punjab,Electronics,Online,Cash on Delivery,1,4601.01,3793.57,807.43,False
PK-2024-01150,2024-11-22,C-0247,Punjab,Beauty & Personal Care,Online,Cash on Delivery,1,20160.18,14672.23,5487.95,False
PK-2024-00247,2024-11-22,C-0582,Punjab,Groceries,Wholesale,Card,1,12824.38,10008.87,2815.51,False
PK-2024-00740,2024-11-22,C-0134,Punjab,Home & Living,Online,Easypaisa,3,97782.3,79828.96,17953.34,False
PK-2024-00733,2024-11-22,C-0323,Sindh,Beauty & Personal Care,Online,Easypaisa,1,16444.47,12873.34,3571.13,False
PK-2024-02201,2024-11-22,C-0028,Balochistan,Fashion,In-Store,Card,3,36911.43,30075.52,6835.91,False
PK-2024-00292,2024-11-22,C-0568,Punjab,Electronics,Online,Cash on Delivery,2,24577.12,20638.88,3938.24,False
PK-2024-01904,2024-11-22,C-0264,Sindh,Fashion,Online,JazzCash,4,72136.13,55927.06,16209.07,False
PK-2024-02227,2024-11-22,C-0575,Sindh,Home & Living,Online,JazzCash,4,36596.08,26876.68,9719.4,False
PK-2024-00681,2024-11-22,C-0263,Punjab,Electronics,Online,Easypaisa,3,43630.2,33777.33,9852.87,False
PK-2024-01270,2024-11-23,C-0540,Punjab,Electronics,Wholesale,Cash on Delivery,2,34798.38,27229.96,7568.42,False
PK-2024-00482,2024-11-23,C-0365,Balochistan,Home & Living,Online,JazzCash,2,43492.17,33489.43,10002.74,False
PK-2024-00268,2024-11-23,C-0333,Punjab,Beauty & Personal Care,Mobile App,JazzCash,4,40515.78,30733.11,9782.67,False
PK-2024-00178,2024-11-23,C-0643,KPK,Fashion,In-Store,Card,3,31320.46,24955.75,6364.71,False
PK-2024-00034,2024-11-23,C-0598,Punjab,Beauty & Personal Care,Online,Card,2,19601.33,16338.86,3262.47,False
PK-2024-02074,2024-11-23,C-0300,Punjab,Groceries,Wholesale,Card,3,35288.95,27790.12,7498.83,False
PK-2024-01959,2024-11-23,C-0410,KPK,Electronics,Mobile App,Card,4,69409.88,55498.32,13911.56,False
PK-2024-00911,2024-11-23,C-0533,Islamabad,Fashion,Wholesale,Cash on Delivery,2,39303.94,30882.34,8421.6,False
PK-2024-00285,2024-11-23,C-0819,Islamabad,Groceries,Online,Easypaisa,2,20743.79,16177.94,4565.85,False
PK-2024-00172,2024-11-23,C-0514,Sindh,Fashion,Online,JazzCash,4,60074.85,46905.79,13169.06,False
PK-2024-00738,2024-11-23,C-0382,Punjab,Fashion,Online,Cash on Delivery,3,41201.34,30201.96,10999.37,False
PK-2024-00400,2024-11-23,C-0040,Sindh,Electronics,Online,Card,1,8986.09,7158.49,1827.6,False
PK-2024-00908,2024-11-23,C-0021,Sindh,Electronics,Online,Card,4,43149.51,36530.26,6619.25,False
PK-2024-00306,2024-11-24,C-0107,Sindh,Beauty & Personal Care,In-Store,Card,1,16356.65,13109.69,3246.96,False
PK-2024-01314,2024-11-24,C-0349,Balochistan,Fashion,In-Store,JazzCash,4,46245.92,36124.53,10121.39,False
PK-2024-00459,2024-11-24,C-0379,Sindh,Fashion,Online,Card,4,60037.83,47251.28,12786.55,False
PK-2024-01007,2024-11-24,C-0014,Punjab,Beauty & Personal Care,Online,Cash on Delivery,3,13926.43,10885.46,3040.96,False
PK-2024-00225,2024-11-24,C-0561,Punjab,Electronics,Online,Cash on Delivery,3,42612.17,31686.91,10925.26,False
PK-2024-01780,2024-11-24,C-0768,Balochistan,Fashion,In-Store,Card,1,9546.56,7642.37,1904.19,False
PK-2024-02039,2024-11-24,C-0245,Islamabad,Others,Mobile App,Card,3,40337.76,30844.59,9493.17,False
PK-2024-00751,2024-11-24,C-0074,Islamabad,Electronics,Online,Easypaisa,2,14173.42,10560.65,3612.77,True
PK-2024-00422,2024-11-24,C-0067,KPK,Home & Living,Mobile App,JazzCash,2,42870.19,36931.86,5938.33,False
PK-2024-01943,2024-11-24,C-0456,Punjab,Electronics,Mobile App,Card,1,7940.44,5617.11,2323.32,False
PK-2024-02252,2024-11-24,C-0329,Sindh,Home & Living,Wholesale,Easypaisa,4,61430.21,44138.01,17292.19,False
PK-2024-00650,2024-11-24,C-0092,Sindh,Electronics,Online,JazzCash,2,16857.45,13816.92,3040.53,False
PK-2024-01580,2024-11-25,C-0294,Punjab,Home & Living,Online,Cash on Delivery,2,17886.87,13698.65,4188.22,False
PK-2024-00898,2024-11-25,C-0255,Punjab,Electronics,Mobile App,Easypaisa,3,62700.52,50904.4,11796.12,False
PK-2024-01039,2024-11-25,C-0022,Sindh,Fashion,Online,JazzCash,1,7783.3,6180.93,1602.37,False
PK-2024-00321,2024-11-25,C-0837,Sindh,Electronics,Mobile App,Card,3,55835.03,42105.22,13729.81,False
PK-2024-02318,2024-11-25,C-0564,Balochistan,Others,Online,Cash on Delivery,4,65002.21,53855.68,11146.53,False
PK-2024-00881,2024-11-25,C-0637,Sindh,Groceries,Online,Cash on Delivery,4,50525.47,37426.8,13098.67,True
PK-2024-01323,2024-11-25,C-0739,Sindh,Sports,Online,Cash on Delivery,1,16668.61,12607.88,4060.72,False
PK-2024-01346,2024-11-25,C-0645,KPK,Electronics,Online,Easypaisa,4,44201.83,34859.99,9341.84,False
PK-2024-01231,2024-11-25,C-0084,Punjab,Fashion,Online,JazzCash,1,14318.93,10908.89,3410.05,False
PK-2024-00362,2024-11-25,C-0350,Islamabad,Home & Living,Online,Easypaisa,4,54031.07,44114.97,9916.09,False
PK-2024-00370,2024-11-25,C-0443,Sindh,Electronics,In-Store,Cash on Delivery,4,91109.78,69837.89,21271.89,False
PK-2024-02199,2024-11-26,C-0001,Punjab,Home & Living,Online,Cash on Delivery,2,22608.18,18540.59,4067.59,False
PK-2024-01125,2024-11-26,C-0706,Punjab,Electronics,Online,JazzCash,3,32655.41,25490.82,7164.59,False
PK-2024-00023,2024-11-26,C-0590,Balochistan,Electronics,Online,Easypaisa,2,22785.42,16415.2,6370.22,False
PK-2024-02475,2024-11-26,C-0079,Punjab,Electronics,Online,Easypaisa,1,15179.4,11681.92,3497.48,False
PK-2024-00230,2024-11-26,C-0035,Punjab,Fashion,In-Store,JazzCash,2,36904.97,27979.45,8925.52,False
PK-2024-01869,2024-11-26,C-0165,Punjab,Fashion,Online,Card,3,22152.64,16869.46,5283.19,False
PK-2024-01794,2024-11-26,C-0630,Balochistan,Fashion,Online,Card,3,29356.72,22536.98,6819.74,False
PK-2024-00252,2024-11-26,C-0334,KPK,Groceries,Online,Card,4,33545.08,26141.77,7403.31,False
PK-2024-02332,2024-11-26,C-0588,KPK,Home & Living,Mobile App,Cash on Delivery,1,7041.29,5761.34,1279.96,False
PK-2024-00296,2024-11-26,C-0421,Sindh,Beauty & Personal Care,Online,Easypaisa,3,11206.81,8995.52,2211.3,False
PK-2024-00753,2024-11-26,C-0282,Punjab,Groceries,Mobile App,JazzCash,3,37386.66,27210.4,10176.26,False
PK-2024-00189,2024-11-26,C-0329,Sindh,Home & Living,Online,Cash on Delivery,4,22510.76,18799.55,3711.21,False
PK-2024-01090,2024-11-26,C-0529,Punjab,Electronics,In-Store,Easypaisa,1,10318.91,8077.25,2241.66,False
PK-2024-00456,2024-11-26,C-0652,Balochistan,Sports,In-Store,Card,1,12243.66,8913.93,3329.73,False
PK-2024-01401,2024-11-26,C-0857,Islamabad,Beauty & Personal Care,Online,Cash on Delivery,4,32774.35,25433.97,7340.38,False
PK-2024-00307,2024-11-26,C-0453,Sindh,Electronics,Wholesale,JazzCash,2,25038.73,20389.46,4649.28,False
PK-2024-00524,2024-11-26,C-0087,KPK,Sports,Mobile App,Card,3,24268.26,18541.1,5727.16,False
PK-2024-00846,2024-11-27,C-0643,Punjab,Fashion,Wholesale,Card,3,42108.53,35133.34,6975.19,False
PK-2024-00461,2024-11-27,C-0406,Sindh,Sports,In-Store,Easypaisa,3,49471.53,39981.39,9490.15,False
PK-2024-01208,2024-11-27,C-0889,Islamabad,Groceries,Online,Card,3,29810.39,23030.02,6780.37,False
PK-2024-01110,2024-11-27,C-0787,Punjab,Groceries,Online,Card,4,17256.5,13110.38,4146.13,False
PK-2024-02355,2024-11-27,C-0691,Punjab,Electronics,Online,Card,3,27153.85,21154.64,5999.2,False
PK-2024-01899,2024-11-27,C-0223,Punjab,Electronics,Online,Card,1,7303.87,5688.34,1615.54,False
PK-2024-01046,2024-11-27,C-0182,Punjab,Beauty & Personal Care,Wholesale,JazzCash,3,28923.69,22367.62,6556.07,False
PK-2024-01597,2024-11-27,C-0488,Punjab,Fashion,Mobile App,JazzCash,4,25875.74,20648.77,5226.97,True
PK-2024-00716,2024-11-27,C-0414,KPK,Groceries,Online,Card,4,31976.58,25852.04,6124.54,False
PK-2024-00372,2024-11-28,C-0427,Sindh,Electronics,Mobile App,Card,4,24561.06,18746.12,5814.94,False
PK-2024-01498,2024-11-28,C-0574,Punjab,Fashion,Online,Easypaisa,2,16189.66,13002.77,3186.89,False
PK-2024-00808,2024-11-28,C-0729,Islamabad,Home & Living,Online,Card,3,43096.83,32905.84,10190.99,False
PK-2024-01970,2024-11-28,C-0560,Islamabad,Electronics,Online,Card,3,34632.59,27024.86,7607.73,False
PK-2024-00432,2024-11-29,C-0725,Islamabad,Electronics,Online,JazzCash,1,13320.47,10014.72,3305.75,False
PK-2024-01706,2024-11-29,C-0004,Islamabad,Others,Online,Easypaisa,4,73751.68,54607.03,19144.65,False
PK-2024-00749,2024-11-29,C-0808,KPK,Electronics,Mobile App,Easypaisa,3,25447.76,20812.53,4635.23,False
PK-2024-02456,2024-11-29,C-0024,Punjab,Electronics,Mobile App,Card,3,28072.22,20869.26,7202.96,False
PK-2024-02285,2024-11-29,C-0388,KPK,Groceries,Online,Cash on Delivery,2,26539.23,23121.55,3417.68,False
PK-2024-00533,2024-11-29,C-0874,KPK,Electronics,Wholesale,Cash on Delivery,4,46100.55,36416.74,9683.81,False
PK-2024-01929,2024-11-29,C-0772,Punjab,Electronics,Mobile App,JazzCash,3,39351.22,32925.61,6425.61,False
PK-2024-01505,2024-11-29,C-0110,Islamabad,Home & Living,In-Store,Easypaisa,4,34018.66,26744.11,7274.55,False
PK-2024-01831,2024-11-29,C-0680,Sindh,Others,Online,Card,1,9068.09,6888.16,2179.92,False
PK-2024-01318,2024-11-30,C-0160,KPK,Fashion,Mobile App,Card,4,24244.53,16644.43,7600.1,False
PK-2024-02198,2024-11-30,C-0221,Sindh,Electronics,In-Store,Easypaisa,1,5967.87,5174.71,793.16,False
PK-2024-02221,2024-11-30,C-0499,Balochistan,Home & Living,Online,Card,4,51441.66,40596.67,10844.99,False
PK-2024-02229,2024-11-30,C-0869,Punjab,Fashion,Mobile App,Card,3,20936.96,16946.63,3990.33,False
PK-2024-00386,2024-11-30,C-0057,KPK,Electronics,In-Store,JazzCash,3,41476.04,33393.88,8082.15,False
PK-2024-02177,2024-11-30,C-0881,Punjab,Electronics,Online,Card,4,69986.44,51774.9,18211.54,False
PK-2024-02399,2024-11-30,C-0655,Punjab,Beauty & Personal Care,Online,JazzCash,1,19473.75,13916.35,5557.4,False
PK-2024-00032,2024-11-30,C-0873,Sindh,Fashion,In-Store,Card,1,9071.16,7900.71,1170.46,False
PK-2024-02396,2024-11-30,C-0314,KPK,Groceries,In-Store,JazzCash,4,53366.75,40149.55,13217.2,False
PK-2024-00255,2024-11-30,C-0200,Sindh,Electronics,Online,Card,2,14573.67,11490.57,3083.1,False
PK-2024-00907,2024-11-30,C-0696,Punjab,Home & Living,Mobile App,Card,2,36715.84,26907.14,9808.7,False
PK-2024-00927,2024-11-30,C-0405,Islamabad,Electronics,Wholesale,Cash on Delivery,1,17838.64,14008.47,3830.17,False
PK-2024-01846,2024-11-30,C-0298,Punjab,Home & Living,Online,Cash on Delivery,2,29085.66,24216.27,4869.39,True
PK-2024-00071,2024-11-30,C-0849,Sindh,Electronics,Online,Cash on Delivery,4,33441.35,26663.72,6777.63,False
PK-2024-01069,2024-11-30,C-0654,Balochistan,Beauty & Personal Care,In-Store,JazzCash,4,32386.33,25572.62,6813.71,False
PK-2024-01111,2024-11-30,C-0718,Balochistan,Groceries,Online,JazzCash,3,45358.22,37625.1,7733.12,False
PK-2024-01327,2024-11-30,C-0764,Sindh,Sports,Wholesale,Card,1,22070.01,18415.69,3654.33,False
PK-2024-01818,2024-12-01,C-0577,Punjab,Home & Living,In-Store,JazzCash,1,7271.26,5681.85,1589.41,False
PK-2024-01878,2024-12-01,C-0101,Balochistan,Electronics,Mobile App,Easypaisa,3,28907.54,23555.88,5351.66,False
PK-2024-00503,2024-12-01,C-0053,Punjab,Fashion,Online,Cash on Delivery,3,19828.87,17018.49,2810.38,False
PK-2024-01263,2024-12-01,C-0736,Punjab,Electronics,Mobile App,Cash on Delivery,3,60089.76,47049.07,13040.69,False
PK-2024-01429,2024-12-01,C-0247,Sindh,Groceries,Mobile App,Cash on Delivery,1,11325.25,8332.26,2992.99,False
PK-2024-00186,2024-12-01,C-0357,Punjab,Fashion,Online,Card,1,8710.12,6431.37,2278.75,False
PK-2024-01901,2024-12-01,C-0122,Punjab,Electronics,Online,Cash on Delivery,3,43064.52,34657.57,8406.95,False
PK-2024-02222,2024-12-01,C-0161,KPK,Electronics,Online,Card,3,22474.53,17923.48,4551.06,False
PK-2024-01203,2024-12-02,C-0860,Balochistan,Others,Online,Card,2,25072.49,20296.69,4775.8,False
PK-2024-00120,2024-12-02,C-0342,Balochistan,Fashion,Mobile App,Card,4,83044.15,62425.29,20618.86,False
PK-2024-02060,2024-12-02,C-0693,KPK,Groceries,Online,Card,3,50927.21,39795.51,11131.7,False
PK-2024-00548,2024-12-02,C-0728,Punjab,Beauty & Personal Care,Online,Card,2,20574.4,15839.35,4735.06,False
PK-2024-02406,2024-12-02,C-0218,Islamabad,Fashion,Mobile App,JazzCash,3,41413.65,30003.24,11410.41,False
PK-2024-00568,2024-12-02,C-0420,Balochistan,Home & Living,In-Store,Easypaisa,2,16227.82,12404.91,3822.91,False
PK-2024-01229,2024-12-03,C-0879,KPK,Fashion,Online,JazzCash,3,19359.66,15846.02,3513.64,False
PK-2024-01232,2024-12-03,C-0489,KPK,Groceries,In-Store,Cash on Delivery,3,58470.06,44719.29,13750.78,False
PK-2024-01662,2024-12-03,C-0351,Islamabad,Groceries,Online,JazzCash,2,24427.3,18288.9,6138.41,False
PK-2024-00444,2024-12-03,C-0462,KPK,Sports,In-Store,JazzCash,4,92356.62,73908.91,18447.72,False
PK-2024-01679,2024-12-03,C-0354,Sindh,Beauty & Personal Care,Online,Cash on Delivery,3,37260.05,29508.27,7751.78,False
PK-2024-01320,2024-12-03,C-0447,Sindh,Sports,Mobile App,Cash on Delivery,1,9167.27,7001.06,2166.21,False
PK-2024-02407,2024-12-03,C-0126,Sindh,Beauty & Personal Care,Online,Cash on Delivery,4,50279.97,38881.52,11398.45,False
PK-2024-01957,2024-12-03,C-0414,Sindh,Electronics,Mobile App,JazzCash,2,15040.98,10985.27,4055.71,False
PK-2024-02243,2024-12-04,C-0410,KPK,Fashion,Mobile App,Card,1,10948.81,8732.11,2216.71,False
PK-2024-01985,2024-12-04,C-0258,Islamabad,Fashion,Online,Cash on Delivery,4,23688.67,19200.55,4488.12,False
PK-2024-00254,2024-12-04,C-0347,Balochistan,Electronics,Online,Card,1,8255.05,6298.29,1956.76,False
PK-2024-00652,2024-12-04,C-0141,Punjab,Electronics,Online,Cash on Delivery,2,19712.44,16707.98,3004.46,False
PK-2024-00272,2024-12-04,C-0385,Sindh,Electronics,Online,JazzCash,1,5424.37,4293.56,1130.81,False
PK-2024-01725,2024-12-04,C-0571,Punjab,Electronics,Wholesale,Card,2,37430.99,29631.19,7799.81,False
PK-2024-01977,2024-12-04,C-0481,Punjab,Others,In-Store,Card,1,10919.3,8414.14,2505.16,False
PK-2024-00342,2024-12-04,C-0465,Sindh,Beauty & Personal Care,Mobile App,JazzCash,3,66206.58,48574.38,17632.2,False
PK-2024-01763,2024-12-04,C-0200,Sindh,Groceries,Mobile App,Card,3,36000.98,26088.15,9912.84,False
PK-2024-01383,2024-12-04,C-0081,Balochistan,Electronics,Online,Card,2,6676.41,5094.28,1582.13,False
PK-2024-00042,2024-12-04,C-0489,KPK,Electronics,Online,Cash on Delivery,4,34155.95,25403.21,8752.75,False
PK-2024-00943,2024-12-05,C-0455,KPK,Groceries,Online,Easypaisa,1,16026.73,13284.54,2742.19,False
PK-2024-00061,2024-12-05,C-0887,Balochistan,Electronics,Online,Cash on Delivery,1,24159.23,19166.1,4993.12,False
PK-2024-01648,2024-12-05,C-0371,Balochistan,Fashion,Online,Card,1,10945.27,8408.13,2537.15,False
PK-2024-01490,2024-12-05,C-0487,Punjab,Electronics,Mobile App,Cash on Delivery,1,11858.9,9513.36,2345.54,False
PK-2024-01070,2024-12-05,C-0606,Sindh,Fashion,Online,Easypaisa,4,27148.57,20900.95,6247.62,False
PK-2024-02301,2024-12-05,C-0570,KPK,Home & Living,Online,Cash on Delivery,4,79461.83,58902.77,20559.05,False
PK-2024-01643,2024-12-05,C-0637,Punjab,Beauty & Personal Care,Online,JazzCash,1,9422.63,6811.43,2611.2,False
PK-2024-00640,2024-12-06,C-0661,Balochistan,Home & Living,Online,Easypaisa,4,39846.73,30650.49,9196.24,False
PK-2024-00559,2024-12-06,C-0350,Sindh,Fashion,Online,Card,2,16746.05,12634.68,4111.38,True
PK-2024-00745,2024-12-06,C-0477,Punjab,Electronics,Online,Cash on Delivery,4,71168.02,55100.84,16067.19,False
PK-2024-00674,2024-12-06,C-0305,Sindh,Electronics,Online,Card,4,97416.35,75418.6,21997.75,True
PK-2024-00857,2024-12-06,C-0249,Islamabad,Electronics,Online,Card,4,30128.31,23385.43,6742.88,False
PK-2024-01842,2024-12-06,C-0509,Punjab,Electronics,Mobile App,Card,2,12811.23,9886.87,2924.36,False
PK-2024-00836,2024-12-06,C-0471,Punjab,Beauty & Personal Care,Online,Card,4,15643.41,12993.13,2650.28,False
PK-2024-01660,2024-12-07,C-0187,Punjab,Home & Living,Online,JazzCash,2,25199.94,20916.51,4283.43,False
PK-2024-01650,2024-12-07,C-0839,KPK,Groceries,Online,Easypaisa,2,25789.59,20107.45,5682.14,False
PK-2024-01304,2024-12-07,C-0251,Islamabad,Electronics,Online,Card,4,22400.81,20008.51,2392.3,False
PK-2024-00859,2024-12-07,C-0141,Punjab,Electronics,Wholesale,Easypaisa,4,41719.05,34775.28,6943.77,False
PK-2024-01249,2024-12-07,C-0829,KPK,Groceries,Online,Easypaisa,2,46629.49,36722.52,9906.97,False
PK-2024-00318,2024-12-07,C-0781,Punjab,Groceries,Mobile App,Card,1,10094.96,8387.19,1707.77,False
PK-2024-02266,2024-12-07,C-0770,Sindh,Others,Wholesale,Card,2,40461.92,32662.43,7799.49,False
PK-2024-00376,2024-12-07,C-0773,Islamabad,Electronics,Wholesale,Cash on Delivery,2,44472.48,33466.39,11006.09,False
PK-2024-01812,2024-12-07,C-0097,Punjab,Fashion,Mobile App,Cash on Delivery,1,10014.37,7999.09,2015.29,False
PK-2024-01698,2024-12-07,C-0312,KPK,Groceries,In-Store,Easypaisa,1,14375.26,12151.24,2224.02,False
PK-2024-00997,2024-12-07,C-0865,Punjab,Electronics,Online,JazzCash,1,8074.26,6280.01,1794.25,True
PK-2024-00540,2024-12-07,C-0016,Punjab,Electronics,Online,JazzCash,2,13205.23,10368.81,2836.43,False
PK-2024-00102,2024-12-08,C-0853,Punjab,Groceries,Mobile App,Cash on Delivery,2,24996.22,18688.04,6308.18,False
PK-2024-01343,2024-12-08,C-0666,Sindh,Fashion,Mobile App,Card,3,32796.9,26832.55,5964.35,False
PK-2024-00188,2024-12-08,C-0257,Balochistan,Fashion,In-Store,Cash on Delivery,2,9633.57,6707.66,2925.91,False
PK-2024-01360,2024-12-08,C-0633,KPK,Beauty & Personal Care,In-Store,Cash on Delivery,3,21992.26,16305.81,5686.45,False
PK-2024-01520,2024-12-08,C-0146,Sindh,Fashion,Online,Easypaisa,2,23655.02,18644.38,5010.64,False
PK-2024-01211,2024-12-08,C-0005,Sindh,Electronics,In-Store,JazzCash,2,28112.31,20766.32,7345.99,False
PK-2024-01195,2024-12-08,C-0222,KPK,Groceries,Online,Card,1,18340.59,15233.53,3107.06,False
PK-2024-01089,2024-12-08,C-0315,Balochistan,Home & Living,Online,Card,4,70706.48,52874.22,17832.25,False
PK-2024-02197,2024-12-08,C-0408,Sindh,Beauty & Personal Care,Online,Cash on Delivery,2,16788.48,13747.65,3040.83,False
PK-2024-01883,2024-12-08,C-0261,KPK,Electronics,Wholesale,JazzCash,1,15326.5,11534.65,3791.85,False
PK-2024-02380,2024-12-09,C-0462,Punjab,Home & Living,Mobile App,Card,4,46233.54,37814.79,8418.75,False
PK-2024-01838,2024-12-09,C-0405,Sindh,Electronics,Online,JazzCash,3,36067.06,27338.88,8728.18,False
PK-2024-01097,2024-12-09,C-0025,Punjab,Groceries,Online,JazzCash,3,26200.72,20442.81,5757.91,False
PK-2024-01292,2024-12-09,C-0235,Sindh,Home & Living,Wholesale,Cash on Delivery,2,32504.87,26434.26,6070.61,False
PK-2024-01563,2024-12-09,C-0568,Sindh,Electronics,Online,JazzCash,1,10183.85,8558.15,1625.69,False
PK-2024-00309,2024-12-09,C-0196,Sindh,Groceries,Mobile App,Card,1,7438.71,5908.12,1530.59,False
PK-2024-00213,2024-12-09,C-0462,Punjab,Electronics,Mobile App,Easypaisa,2,20805.48,16646.18,4159.3,False
PK-2024-01062,2024-12-09,C-0845,Sindh,Groceries,Online,Easypaisa,4,47876.64,38103.08,9773.56,False
PK-2024-00387,2024-12-09,C-0815,KPK,Home & Living,Online,Easypaisa,2,32878.7,25411.78,7466.92,False
PK-2024-00604,2024-12-09,C-0255,KPK,Electronics,Online,JazzCash,4,48117.56,38916.66,9200.9,False
PK-2024-02029,2024-12-09,C-0625,Punjab,Electronics,Online,JazzCash,4,30437.48,23225.52,7211.96,False
PK-2024-00103,2024-12-10,C-0166,Punjab,Electronics,In-Store,JazzCash,1,9483.58,7855.23,1628.35,False
PK-2024-02359,2024-12-10,C-0794,Sindh,Fashion,Online,JazzCash,3,34642.44,25789.65,8852.79,False
PK-2024-02379,2024-12-10,C-0386,Punjab,Home & Living,In-Store,Card,4,27908.63,21733.33,6175.29,False
PK-2024-01100,2024-12-10,C-0581,Islamabad,Electronics,Mobile App,Cash on Delivery,3,34753.46,27969.56,6783.91,False
PK-2024-01483,2024-12-10,C-0545,KPK,Beauty & Personal Care,Mobile App,Card,1,14097.26,11470.07,2627.19,False
PK-2024-02077,2024-12-10,C-0439,Punjab,Electronics,Online,JazzCash,1,9302.54,7556.53,1746.01,False
PK-2024-01704,2024-12-11,C-0809,Punjab,Electronics,Online,Cash on Delivery,3,19989.87,15763.31,4226.57,False
PK-2024-00755,2024-12-11,C-0495,Punjab,Beauty & Personal Care,Online,Card,1,9127.34,7229.69,1897.65,False
PK-2024-02376,2024-12-11,C-0663,Balochistan,Electronics,Online,Cash on Delivery,2,53108.38,41177.3,11931.08,False
PK-2024-02044,2024-12-11,C-0679,Punjab,Groceries,Online,Easypaisa,3,18201.76,14416.72,3785.04,False
PK-2024-01138,2024-12-11,C-0010,Islamabad,Beauty & Personal Care,In-Store,Card,1,18621.69,14336.15,4285.54,False
PK-2024-00707,2024-12-11,C-0161,Sindh,Beauty & Personal Care,In-Store,Card,2,19711.49,15688.39,4023.1,False
PK-2024-02062,2024-12-11,C-0802,Punjab,Electronics,In-Store,Cash on Delivery,4,24288.29,19482.34,4805.95,True
PK-2024-00152,2024-12-11,C-0601,Sindh,Sports,Wholesale,Easypaisa,1,24283.61,20260.0,4023.61,False
PK-2024-01036,2024-12-11,C-0121,Sindh,Electronics,Online,Easypaisa,4,49203.35,35574.49,13628.86,False
PK-2024-01551,2024-12-11,C-0241,Sindh,Beauty & Personal Care,Online,Card,1,8340.38,6154.12,2186.26,False
PK-2024-00190,2024-12-11,C-0644,Sindh,Beauty & Personal Care,Mobile App,Easypaisa,1,12520.74,9990.12,2530.62,True
PK-2024-02024,2024-12-11,C-0687,Punjab,Beauty & Personal Care,Mobile App,JazzCash,1,8844.6,6684.24,2160.37,False
PK-2024-02350,2024-12-11,C-0179,Punjab,Electronics,Online,Easypaisa,3,31582.2,25808.98,5773.23,False
PK-2024-01716,2024-12-12,C-0887,KPK,Home & Living,Wholesale,Card,4,33398.46,28095.16,5303.3,False
PK-2024-01764,2024-12-12,C-0707,Sindh,Home & Living,Mobile App,Card,3,29487.65,23376.01,6111.64,False
PK-2024-01184,2024-12-12,C-0438,Punjab,Home & Living,Online,JazzCash,3,40604.32,31892.88,8711.44,False
PK-2024-01898,2024-12-12,C-0672,Punjab,Fashion,Online,Cash on Delivery,2,13770.22,10654.48,3115.74,False
PK-2024-00494,2024-12-12,C-0131,KPK,Electronics,In-Store,Cash on Delivery,4,46607.05,33385.0,13222.05,False
PK-2024-02234,2024-12-12,C-0436,KPK,Fashion,Mobile App,Easypaisa,2,11724.31,9418.14,2306.16,False
PK-2024-01407,2024-12-13,C-0024,Sindh,Beauty & Personal Care,Online,Card,4,43614.54,34636.09,8978.45,False
PK-2024-02341,2024-12-13,C-0798,Sindh,Fashion,In-Store,Cash on Delivery,1,16354.73,12458.17,3896.57,False
PK-2024-00804,2024-12-13,C-0185,Sindh,Beauty & Personal Care,In-Store,Easypaisa,2,22850.37,17813.15,5037.22,False
PK-2024-01947,2024-12-13,C-0727,KPK,Others,Online,JazzCash,1,10059.26,7818.88,2240.38,False
PK-2024-00578,2024-12-13,C-0718,KPK,Home & Living,Online,Cash on Delivery,3,13716.47,10468.69,3247.78,False
PK-2024-00391,2024-12-13,C-0259,Punjab,Electronics,In-Store,Cash on Delivery,4,30928.12,25557.85,5370.28,False
PK-2024-01689,2024-12-13,C-0667,Sindh,Groceries,Online,Cash on Delivery,3,35469.84,27644.59,7825.25,False
PK-2024-00145,2024-12-13,C-0148,Punjab,Electronics,Online,Cash on Delivery,3,14694.86,11579.99,3114.87,False
PK-2024-01306,2024-12-13,C-0030,Punjab,Home & Living,Online,Card,4,50367.93,43227.87,7140.06,False
PK-2024-00288,2024-12-13,C-0371,Balochistan,Fashion,Online,Easypaisa,1,10840.44,8088.27,2752.17,False
PK-2024-00344,2024-12-13,C-0110,Punjab,Electronics,Online,Easypaisa,1,5605.85,4710.96,894.89,False
PK-2024-01587,2024-12-13,C-0835,Punjab,Home & Living,Online,JazzCash,2,20027.71,15056.13,4971.59,False
PK-2024-02091,2024-12-13,C-0379,KPK,Groceries,Online,Card,3,38341.05,30409.01,7932.05,False
PK-2024-00679,2024-12-14,C-0856,KPK,Fashion,Wholesale,Card,3,29032.57,23861.5,5171.07,False
PK-2024-01272,2024-12-14,C-0013,Punjab,Fashion,Online,Card,1,7885.66,5927.84,1957.82,False
PK-2024-01585,2024-12-14,C-0691,Punjab,Sports,Online,Easypaisa,1,13643.48,10354.07,3289.41,False
PK-2024-01201,2024-12-14,C-0513,Punjab,Electronics,In-Store,Card,3,28618.92,20957.6,7661.33,False
PK-2024-00514,2024-12-14,C-0796,Punjab,Electronics,In-Store,Easypaisa,4,53254.51,43395.56,9858.96,False
PK-2024-00723,2024-12-14,C-0648,Punjab,Beauty & Personal Care,Online,Cash on Delivery,4,56947.87,45042.47,11905.41,False
PK-2024-00990,2024-12-14,C-0344,Punjab,Beauty & Personal Care,Mobile App,Easypaisa,4,37774.34,29038.65,8735.7,False
PK-2024-01146,2024-12-14,C-0658,Punjab,Electronics,In-Store,Easypaisa,1,13122.48,10383.25,2739.23,False
PK-2024-01488,2024-12-14,C-0365,Punjab,Fashion,In-Store,Cash on Delivery,2,14689.73,11322.77,3366.96,False
PK-2024-01577,2024-12-15,C-0293,KPK,Fashion,Mobile App,Card,2,13674.32,11504.9,2169.42,False
PK-2024-00077,2024-12-15,C-0858,Punjab,Fashion,Online,JazzCash,4,23677.58,17920.33,5757.25,False
PK-2024-00421,2024-12-15,C-0768,KPK,Electronics,Online,Cash on Delivery,1,8961.99,6790.31,2171.68,False
PK-2024-01504,2024-12-15,C-0310,KPK,Fashion,Mobile App,Card,2,12878.36,10070.09,2808.27,False
PK-2024-00718,2024-12-15,C-0693,KPK,Sports,Online,Cash on Delivery,3,40805.54,32989.13,7816.4,False
PK-2024-00224,2024-12-15,C-0043,Balochistan,Beauty & Personal Care,Online,JazzCash,2,23398.72,18545.69,4853.03,False
PK-2024-00806,2024-12-15,C-0225,Punjab,Electronics,Online,Card,4,50525.51,38340.38,12185.13,False
PK-2024-00553,2024-12-15,C-0011,Sindh,Beauty & Personal Care,Mobile App,Cash on Delivery,1,16373.26,12346.24,4027.03,False
PK-2024-01539,2024-12-16,C-0227,Balochistan,Groceries,Online,Card,3,24694.98,19211.55,5483.43,False
PK-2024-02206,2024-12-16,C-0627,Punjab,Fashion,Mobile App,Easypaisa,2,24390.43,16891.11,7499.32,True
PK-2024-02155,2024-12-16,C-0866,Punjab,Fashion,Online,Card,2,20515.32,16258.4,4256.92,False
PK-2024-00028,2024-12-16,C-0850,Punjab,Electronics,Mobile App,Cash on Delivery,1,6255.2,5149.62,1105.57,False
PK-2024-01281,2024-12-16,C-0611,Sindh,Fashion,Online,Cash on Delivery,4,77462.26,56410.85,21051.41,False
PK-2024-01595,2024-12-16,C-0813,Balochistan,Home & Living,Online,JazzCash,1,12469.23,9380.71,3088.52,False
PK-2024-01894,2024-12-16,C-0053,Sindh,Groceries,Online,Card,4,97849.78,72880.64,24969.14,False
PK-2024-00081,2024-12-16,C-0341,Punjab,Fashion,Online,Easypaisa,1,12140.83,9301.41,2839.42,False
PK-2024-01106,2024-12-16,C-0548,Sindh,Sports,Mobile App,Cash on Delivery,3,50603.85,40948.28,9655.57,False
PK-2024-01380,2024-12-16,C-0157,Punjab,Electronics,Online,Card,4,62163.89,56775.6,5388.3,False
PK-2024-01456,2024-12-16,C-0260,Punjab,Fashion,Online,Easypaisa,1,6563.42,5143.17,1420.26,False
PK-2024-01187,2024-12-16,C-0851,Punjab,Electronics,Online,Cash on Delivery,4,54923.69,41896.24,13027.45,False
PK-2024-02011,2024-12-16,C-0136,Islamabad,Home & Living,Online,Card,2,25697.3,20130.67,5566.63,False
PK-2024-01300,2024-12-16,C-0717,Punjab,Groceries,Online,Easypaisa,3,18499.64,14789.9,3709.74,False
PK-2024-01857,2024-12-17,C-0611,Punjab,Groceries,In-Store,Easypaisa,1,10774.64,9332.69,1441.95,False
PK-2024-01496,2024-12-17,C-0267,Punjab,Electronics,Wholesale,Card,2,28429.41,22917.91,5511.5,False
PK-2024-01152,2024-12-17,C-0249,Islamabad,Home & Living,Mobile App,Card,4,35861.08,27282.46,8578.62,False
PK-2024-00335,2024-12-17,C-0440,Balochistan,Home & Living,Online,Card,2,20605.43,17132.05,3473.38,False
PK-2024-01012,2024-12-17,C-0517,KPK,Home & Living,Mobile App,Cash on Delivery,2,20127.76,15284.17,4843.58,False
PK-2024-01372,2024-12-17,C-0319,Sindh,Home & Living,Online,Cash on Delivery,3,33530.09,26421.6,7108.5,False
PK-2024-02028,2024-12-17,C-0010,Balochistan,Electronics,Online,Card,4,57628.26,45311.31,12316.95,False
PK-2024-02433,2024-12-17,C-0799,KPK,Fashion,In-Store,Card,3,20535.77,15165.76,5370.01,False
PK-2024-01820,2024-12-17,C-0608,KPK,Fashion,Mobile App,Cash on Delivery,4,12101.95,10036.76,2065.19,False
PK-2024-00706,2024-12-17,C-0590,Punjab,Fashion,Wholesale,Easypaisa,2,13375.2,9917.38,3457.81,False
PK-2024-00264,2024-12-17,C-0153,Sindh,Electronics,Online,Card,2,41280.59,32329.1,8951.49,False
PK-2024-01516,2024-12-18,C-0405,Punjab,Electronics,Wholesale,Card,2,19610.44,16065.23,3545.21,False
PK-2024-02408,2024-12-18,C-0215,Sindh,Home & Living,Online,Cash on Delivery,1,7663.99,5816.88,1847.11,False
PK-2024-00258,2024-12-18,C-0755,Islamabad,Groceries,Mobile App,Cash on Delivery,2,29325.92,21921.7,7404.22,False
PK-2024-02158,2024-12-18,C-0338,Punjab,Electronics,Online,Cash on Delivery,2,16899.97,13084.36,3815.61,False
PK-2024-02220,2024-12-18,C-0672,Punjab,Fashion,Mobile App,Easypaisa,3,31116.86,22483.4,8633.46,False
PK-2024-00789,2024-12-18,C-0744,Balochistan,Home & Living,Mobile App,Card,4,24335.14,19874.6,4460.55,False
PK-2024-01829,2024-12-18,C-0830,KPK,Groceries,Mobile App,Easypaisa,1,5099.33,4307.75,791.58,False
PK-2024-01355,2024-12-19,C-0081,Punjab,Home & Living,Online,JazzCash,3,15437.76,11881.05,3556.71,False
PK-2024-00624,2024-12-19,C-0317,Islamabad,Fashion,Online,Easypaisa,2,38426.46,30728.49,7697.97,False
PK-2024-01839,2024-12-19,C-0379,KPK,Sports,Mobile App,Easypaisa,1,8906.17,7047.62,1858.55,False
PK-2024-01726,2024-12-19,C-0837,Punjab,Fashion,Wholesale,Easypaisa,1,7987.52,6389.54,1597.98,False
PK-2024-01363,2024-12-19,C-0579,Punjab,Groceries,In-Store,Card,3,30684.89,24303.47,6381.42,False
PK-2024-00310,2024-12-19,C-0272,Sindh,Sports,Mobile App,Easypaisa,2,28733.06,22210.42,6522.64,False
PK-2024-00842,2024-12-19,C-0012,Sindh,Fashion,Online,Card,3,17571.59,14093.33,3478.26,False
PK-2024-00731,2024-12-19,C-0175,Punjab,Groceries,Online,JazzCash,4,27587.98,20414.33,7173.65,False
PK-2024-02306,2024-12-19,C-0420,Islamabad,Electronics,Mobile App,JazzCash,4,42639.92,34383.26,8256.66,False
PK-2024-01190,2024-12-19,C-0483,Islamabad,Electronics,In-Store,JazzCash,2,37779.8,32370.18,5409.62,False
PK-2024-00153,2024-12-19,C-0459,Punjab,Home & Living,Online,Card,1,9759.33,7473.8,2285.53,False
PK-2024-01983,2024-12-19,C-0508,KPK,Home & Living,Online,Card,1,7300.85,6211.66,1089.18,False
PK-2024-00850,2024-12-19,C-0640,Punjab,Beauty & Personal Care,In-Store,Cash on Delivery,4,31878.69,24574.05,7304.64,False
PK-2024-00493,2024-12-19,C-0031,Sindh,Fashion,Online,Card,3,27731.91,20553.4,7178.51,True
PK-2024-01273,2024-12-19,C-0386,Punjab,Groceries,Online,Easypaisa,4,34984.64,27337.26,7647.38,False
PK-2024-00763,2024-12-19,C-0109,Punjab,Groceries,Mobile App,Card,3,35560.78,28369.29,7191.49,False
PK-2024-00121,2024-12-19,C-0694,Sindh,Beauty & Personal Care,In-Store,Card,1,12682.45,9999.7,2682.75,False
PK-2024-01573,2024-12-20,C-0153,KPK,Fashion,In-Store,Easypaisa,4,38584.61,31599.74,6984.87,False
PK-2024-02315,2024-12-20,C-0691,Sindh,Fashion,Online,Card,3,33656.19,24953.73,8702.45,False
PK-2024-00620,2024-12-20,C-0547,Punjab,Beauty & Personal Care,Online,Easypaisa,3,30299.36,23372.94,6926.42,False
PK-2024-00929,2024-12-20,C-0430,Balochistan,Groceries,Online,Card,2,15673.7,13693.25,1980.45,False
PK-2024-00455,2024-12-20,C-0444,Sindh,Groceries,Mobile App,Card,1,15640.31,12485.56,3154.75,False
PK-2024-00096,2024-12-20,C-0727,Sindh,Home & Living,Online,JazzCash,4,35189.09,27951.6,7237.49,False
PK-2024-02110,2024-12-20,C-0650,Punjab,Fashion,Online,Easypaisa,4,39044.78,29508.79,9535.98,False
PK-2024-02195,2024-12-20,C-0426,Balochistan,Electronics,In-Store,Card,3,65468.37,51553.11,13915.25,False
PK-2024-01058,2024-12-21,C-0623,Islamabad,Fashion,Online,Cash on Delivery,4,48596.59,38365.86,10230.73,False
PK-2024-02397,2024-12-21,C-0307,Punjab,Groceries,In-Store,Card,3,18997.22,14521.25,4475.97,False
PK-2024-00605,2024-12-21,C-0859,Punjab,Electronics,In-Store,Card,4,44620.2,34939.8,9680.39,False
PK-2024-00248,2024-12-21,C-0019,Sindh,Others,Online,JazzCash,3,42167.34,34446.91,7720.43,False
PK-2024-00795,2024-12-21,C-0342,Punjab,Electronics,Wholesale,Cash on Delivery,1,7885.97,6350.37,1535.6,False
PK-2024-00211,2024-12-21,C-0786,Punjab,Electronics,Online,Card,2,10684.18,7561.38,3122.8,False
PK-2024-01404,2024-12-21,C-0133,Punjab,Beauty & Personal Care,Online,Cash on Delivery,1,14509.85,10995.6,3514.25,False
PK-2024-02169,2024-12-21,C-0866,KPK,Home & Living,Online,Easypaisa,1,10769.43,7963.41,2806.02,False
PK-2024-01009,2024-12-21,C-0393,Sindh,Fashion,Mobile App,Card,1,15325.35,12764.88,2560.46,False
PK-2024-00352,2024-12-22,C-0039,KPK,Beauty & Personal Care,In-Store,JazzCash,3,14750.2,11338.54,3411.65,False
PK-2024-00408,2024-12-22,C-0829,Punjab,Fashion,Online,JazzCash,4,32171.67,25302.24,6869.43,False
PK-2024-01694,2024-12-22,C-0390,Punjab,Electronics,Online,Card,2,29945.33,23919.86,6025.47,False
PK-2024-02126,2024-12-22,C-0783,Sindh,Home & Living,Online,Easypaisa,4,43391.13,32441.02,10950.11,False
PK-2024-00354,2024-12-22,C-0887,Sindh,Home & Living,Online,JazzCash,3,26480.73,21779.79,4700.95,False
PK-2024-01993,2024-12-22,C-0110,Punjab,Electronics,In-Store,Cash on Delivery,4,61772.04,47567.71,14204.33,False
PK-2024-00698,2024-12-22,C-0892,Punjab,Groceries,In-Store,Card,1,7554.76,5787.93,1766.83,False
PK-2024-00381,2024-12-22,C-0024,KPK,Beauty & Personal Care,Online,Easypaisa,4,36619.69,30105.67,6514.02,False
PK-2024-02190,2024-12-22,C-0085,Sindh,Others,Online,Easypaisa,3,48409.0,37652.1,10756.9,False
PK-2024-01554,2024-12-22,C-0173,KPK,Beauty & Personal Care,Online,Cash on Delivery,3,30719.76,24801.17,5918.59,False
PK-2024-01405,2024-12-22,C-0143,Punjab,Fashion,Online,Cash on Delivery,2,14890.17,10969.33,3920.84,False
PK-2024-01255,2024-12-22,C-0681,Punjab,Beauty & Personal Care,In-Store,Card,1,10606.92,7923.12,2683.79,False
PK-2024-01358,2024-12-23,C-0723,Punjab,Beauty & Personal Care,Mobile App,Card,1,12494.04,9447.38,3046.67,False
PK-2024-00973,2024-12-23,C-0062,Punjab,Fashion,Mobile App,Easypaisa,4,26970.01,20296.26,6673.75,False
PK-2024-01387,2024-12-23,C-0247,Punjab,Sports,In-Store,Easypaisa,1,6981.71,5328.89,1652.82,False
PK-2024-01244,2024-12-23,C-0400,Punjab,Electronics,Online,Card,1,12309.2,9978.77,2330.43,False
PK-2024-02439,2024-12-23,C-0210,Punjab,Groceries,Online,Easypaisa,1,11424.93,9287.0,2137.94,False
PK-2024-02026,2024-12-23,C-0695,Punjab,Groceries,Mobile App,Cash on Delivery,2,18252.44,14452.15,3800.29,False
PK-2024-01093,2024-12-23,C-0720,KPK,Home & Living,Mobile App,Card,3,37361.22,29458.9,7902.32,False
PK-2024-00750,2024-12-23,C-0394,Punjab,Beauty & Personal Care,Online,Card,4,34188.87,28583.01,5605.86,False
PK-2024-02294,2024-12-23,C-0834,Sindh,Fashion,Wholesale,Cash on Delivery,4,41107.04,30405.34,10701.7,False
PK-2024-00816,2024-12-23,C-0363,Punjab,Home & Living,Wholesale,JazzCash,1,8713.73,7299.83,1413.9,False
PK-2024-01588,2024-12-24,C-0644,KPK,Electronics,Online,Card,3,26627.71,19931.52,6696.19,False
PK-2024-00944,2024-12-24,C-0848,Punjab,Electronics,Mobile App,Easypaisa,1,18107.2,14037.92,4069.28,False
PK-2024-01373,2024-12-24,C-0727,Balochistan,Home & Living,Online,Cash on Delivery,3,21771.44,17821.4,3950.04,False
PK-2024-00849,2024-12-24,C-0644,Sindh,Groceries,In-Store,Cash on Delivery,4,36464.44,27203.73,9260.71,False
PK-2024-00316,2024-12-24,C-0457,Punjab,Electronics,Mobile App,Card,3,27336.79,22073.99,5262.8,False
PK-2024-01284,2024-12-24,C-0775,Sindh,Electronics,In-Store,Cash on Delivery,3,38909.04,30230.4,8678.64,False
PK-2024-01514,2024-12-24,C-0095,Balochistan,Electronics,In-Store,Easypaisa,1,14696.61,11755.18,2941.43,False
PK-2024-02038,2024-12-24,C-0553,KPK,Groceries,Mobile App,Easypaisa,1,6325.21,4942.49,1382.72,False
PK-2024-00988,2024-12-25,C-0703,Islamabad,Beauty & Personal Care,Online,Card,4,32779.51,26155.45,6624.06,False
PK-2024-01824,2024-12-25,C-0360,Islamabad,Home & Living,Online,Easypaisa,2,13384.4,11462.38,1922.01,False
PK-2024-00099,2024-12-25,C-0334,Sindh,Beauty & Personal Care,Wholesale,Cash on Delivery,1,14665.41,12804.12,1861.28,False
PK-2024-01978,2024-12-25,C-0835,Sindh,Beauty & Personal Care,Mobile App,Cash on Delivery,3,34217.7,27001.13,7216.57,False
PK-2024-00518,2024-12-25,C-0543,Punjab,Groceries,Wholesale,Easypaisa,3,44986.04,35165.45,9820.59,False
PK-2024-00729,2024-12-25,C-0769,KPK,Beauty & Personal Care,Online,Card,4,35222.2,26442.25,8779.95,False
PK-2024-02219,2024-12-25,C-0194,Punjab,Electronics,Wholesale,JazzCash,2,25103.56,19586.51,5517.05,False
PK-2024-01390,2024-12-25,C-0048,Islamabad,Groceries,Online,JazzCash,4,69478.44,52650.13,16828.3,False
PK-2024-02133,2024-12-25,C-0545,Sindh,Home & Living,Online,Cash on Delivery,3,49674.89,37102.52,12572.37,False
PK-2024-00105,2024-12-25,C-0393,Islamabad,Home & Living,Wholesale,Easypaisa,4,33046.94,27023.14,6023.81,True
PK-2024-00713,2024-12-25,C-0071,Punjab,Electronics,Online,Card,1,6222.29,5285.95,936.33,False
PK-2024-01675,2024-12-25,C-0336,Punjab,Fashion,Online,Card,3,26455.48,20928.75,5526.73,False
PK-2024-00405,2024-12-25,C-0470,Balochistan,Home & Living,In-Store,JazzCash,1,4318.3,3548.69,769.61,False
PK-2024-00822,2024-12-26,C-0611,Sindh,Groceries,Online,Card,1,23619.67,17245.4,6374.28,False
PK-2024-00390,2024-12-26,C-0613,Punjab,Beauty & Personal Care,Online,Card,3,32432.21,26452.65,5979.56,False
PK-2024-02297,2024-12-26,C-0638,Sindh,Home & Living,Online,Cash on Delivery,2,29243.33,21695.1,7548.23,False
PK-2024-00009,2024-12-26,C-0409,Sindh,Beauty & Personal Care,Online,Card,1,11517.76,9455.65,2062.11,False
PK-2024-01837,2024-12-26,C-0848,KPK,Beauty & Personal Care,Wholesale,Easypaisa,1,11269.92,9015.78,2254.14,False
PK-2024-02344,2024-12-26,C-0181,Punjab,Fashion,Online,JazzCash,2,16645.96,13124.23,3521.73,False
PK-2024-01638,2024-12-26,C-0729,Punjab,Groceries,Mobile App,Cash on Delivery,1,6037.67,4792.25,1245.41,False
PK-2024-01234,2024-12-26,C-0794,KPK,Electronics,Online,Cash on Delivery,2,25772.67,20678.94,5093.73,False
PK-2024-00191,2024-12-26,C-0375,Islamabad,Beauty & Personal Care,Mobile App,JazzCash,4,55968.33,40085.48,15882.85,False
PK-2024-00488,2024-12-27,C-0108,Punjab,Electronics,Online,Card,1,11984.35,10056.16,1928.19,False
PK-2024-00962,2024-12-27,C-0294,KPK,Fashion,Online,Card,3,37799.97,32336.3,5463.67,False
PK-2024-01917,2024-12-27,C-0195,KPK,Sports,Online,Card,4,42549.88,34327.0,8222.88,False
PK-2024-00457,2024-12-27,C-0458,Sindh,Beauty & Personal Care,Mobile App,Card,4,60533.41,47577.99,12955.43,False
PK-2024-02144,2024-12-27,C-0684,Balochistan,Fashion,In-Store,Cash on Delivery,2,11821.06,9283.65,2537.41,False
PK-2024-00946,2024-12-27,C-0608,KPK,Others,Online,Cash on Delivery,3,54410.99,45746.26,8664.74,False
PK-2024-00971,2024-12-27,C-0259,Punjab,Home & Living,Wholesale,Easypaisa,1,19665.64,15365.54,4300.1,False
PK-2024-01652,2024-12-27,C-0787,Punjab,Sports,Online,Easypaisa,1,14846.22,11766.56,3079.65,False
PK-2024-01975,2024-12-27,C-0636,Sindh,Electronics,Online,JazzCash,3,76138.16,61920.11,14218.04,False
PK-2024-01861,2024-12-27,C-0227,Islamabad,Electronics,Mobile App,Easypaisa,1,9991.82,7093.26,2898.56,True
PK-2024-01615,2024-12-27,C-0116,Sindh,Sports,Online,Cash on Delivery,1,12358.19,9602.49,2755.7,False
PK-2024-01103,2024-12-27,C-0670,Sindh,Home & Living,Online,Card,4,57606.14,44882.25,12723.89,False
PK-2024-00041,2024-12-27,C-0617,Punjab,Fashion,Online,Card,4,35553.91,27769.54,7784.38,False
PK-2024-02410,2024-12-27,C-0027,Punjab,Electronics,In-Store,JazzCash,3,24331.0,19509.6,4821.39,False
PK-2024-00792,2024-12-28,C-0789,KPK,Electronics,In-Store,Cash on Delivery,4,66546.26,51236.04,15310.22,False
PK-2024-02256,2024-12-28,C-0171,Sindh,Fashion,Online,Card,4,30036.97,24485.17,5551.8,False
PK-2024-01447,2024-12-28,C-0273,Punjab,Electronics,Mobile App,Easypaisa,2,23624.36,18842.81,4781.54,False
PK-2024-01692,2024-12-28,C-0465,Punjab,Electronics,In-Store,JazzCash,4,30344.95,22762.23,7582.72,False
PK-2024-02263,2024-12-28,C-0322,KPK,Home & Living,Online,JazzCash,1,6765.95,5195.66,1570.28,False
PK-2024-01553,2024-12-28,C-0801,Sindh,Fashion,Online,Cash on Delivery,4,33014.85,25497.07,7517.78,False
PK-2024-01450,2024-12-28,C-0066,Sindh,Beauty & Personal Care,Online,JazzCash,4,28851.69,21576.02,7275.67,False
PK-2024-02307,2024-12-28,C-0870,Sindh,Electronics,Online,Cash on Delivery,1,9604.22,7310.18,2294.04,False
PK-2024-01628,2024-12-28,C-0109,Punjab,Others,Online,Card,2,27276.14,20714.72,6561.42,False
PK-2024-00817,2024-12-29,C-0154,Punjab,Fashion,Mobile App,JazzCash,2,16758.78,13707.76,3051.02,False
PK-2024-00369,2024-12-29,C-0715,Punjab,Electronics,Online,Cash on Delivery,1,8001.5,6362.02,1639.48,False
PK-2024-00489,2024-12-29,C-0818,Sindh,Beauty & Personal Care,Online,JazzCash,1,7918.67,6805.75,1112.92,False
PK-2024-01416,2024-12-29,C-0697,Sindh,Sports,Online,Easypaisa,1,25382.73,21611.77,3770.96,False
PK-2024-01559,2024-12-29,C-0114,Sindh,Fashion,Online,JazzCash,4,24062.74,19594.85,4467.89,False
PK-2024-00073,2024-12-29,C-0007,Punjab,Home & Living,Online,Cash on Delivery,2,28619.31,23393.12,5226.18,False
PK-2024-01480,2024-12-29,C-0816,Punjab,Fashion,Wholesale,Easypaisa,4,27324.62,20307.85,7016.76,True
PK-2024-00888,2024-12-29,C-0241,Punjab,Fashion,Mobile App,JazzCash,2,42390.64,33000.02,9390.62,False
PK-2024-00840,2024-12-29,C-0067,Sindh,Groceries,Wholesale,Cash on Delivery,1,8508.12,6417.5,2090.62,False
PK-2024-00958,2024-12-29,C-0232,Punjab,Home & Living,Mobile App,Easypaisa,3,34461.86,25600.64,8861.22,False
PK-2024-01669,2024-12-29,C-0651,Punjab,Fashion,Mobile App,Cash on Delivery,1,5012.89,3946.82,1066.08,False
PK-2024-00336,2024-12-29,C-0646,Balochistan,Groceries,In-Store,JazzCash,2,22538.89,16919.32,5619.57,False
PK-2024-01605,2024-12-29,C-0631,Sindh,Beauty & Personal Care,Online,Cash on Delivery,2,34066.62,25498.53,8568.09,False
PK-2024-01124,2024-12-29,C-0263,Balochistan,Home & Living,Wholesale,Easypaisa,3,54884.11,39272.04,15612.07,False
PK-2024-01436,2024-12-30,C-0535,Sindh,Fashion,In-Store,Cash on Delivery,4,48692.68,36808.59,11884.09,False
PK-2024-00478,2024-12-30,C-0165,Punjab,Electronics,Mobile App,Card,3,32894.14,25240.68,7653.46,False
PK-2024-00241,2024-12-30,C-0651,KPK,Fashion,Online,Card,2,24839.12,19334.83,5504.29,False
PK-2024-00728,2024-12-30,C-0769,Punjab,Electronics,In-Store,Cash on Delivery,2,18946.85,15244.96,3701.89,True
PK-2024-01688,2024-12-30,C-0540,Punjab,Fashion,Online,Cash on Delivery,2,19088.06,14977.04,4111.02,False
PK-2024-01867,2024-12-30,C-0317,Sindh,Fashion,In-Store,Cash on Delivery,2,19526.84,15327.76,4199.09,False
PK-2024-02417,2024-12-30,C-0229,Punjab,Others,In-Store,Card,1,8719.07,6354.65,2364.42,False
PK-2024-01632,2024-12-30,C-0633,Islamabad,Electronics,Online,Easypaisa,4,36938.69,28539.05,8399.64,False
PK-2024-01528,2024-12-30,C-0693,Punjab,Fashion,Mobile App,Easypaisa,1,13759.67,11343.99,2415.68,False
PK-2024-01702,2024-12-30,C-0405,KPK,Groceries,Wholesale,Card,3,39155.88,29909.73,9246.14,True
PK-2024-00453,2024-12-30,C-0781,Punjab,Fashion,Online,Easypaisa,1,10018.98,7826.1,2192.89,False
PK-2024-01282,2024-12-30,C-0597,Islamabad,Beauty & Personal Care,Online,Card,1,13193.57,10877.77,2315.8,False
PK-2024-02365,2024-12-30,C-0237,Islamabad,Home & Living,In-Store,JazzCash,3,18240.13,13646.18,4593.95,False
PK-2024-01756,2024-12-30,C-0484,KPK,Electronics,In-Store,Cash on Delivery,3,42038.95,33325.21,8713.74,False
PK-2024-02045,2024-12-30,C-0021,KPK,Home & Living,Online,Easypaisa,2,21473.91,17696.6,3777.31,True
PK-2024-01185,2024-12-30,C-0478,KPK,Electronics,Wholesale,Card,1,5642.29,4411.68,1230.61,False
PK-2024-00216,2024-12-30,C-0505,Punjab,Fashion,Wholesale,Card,4,46511.98,38732.51,7779.47,False
PK-2024-00827,2024-12-30,C-0595,Punjab,Home & Living,Online,Card,3,29958.42,24373.3,5585.12,False
PK-2024-02469,2024-12-30,C-0554,Sindh,Electronics,Mobile App,Easypaisa,4,45539.06,34409.11,11129.95,False
PK-2024-01908,2024-12-30,C-0238,Sindh,Home & Living,Online,Card,1,9653.32,7840.44,1812.89,False
